metabolite_id,Metabolite,Metabolite Group,Metabolic Pathways,Pathway Group,log2FC_fluxsum,Reactions
sphgn_c,sphinganine(1+) (c),Sphinganine(1+),"Transport, Endoplasmic Reticulum","Transport, Endoplasmic Reticulum",6.0,HUMANGEM_MAR08737
pi_c,hydrogenphosphate (c),HPO4,Cysteine And Methionine Metabolism,AA other,6.0,METAT
pmtcoa_r,Palmitoyl-CoA (n-C16:0CoA) (r),Palmitoyl-CoA (n-C16:0CoA),Fatty Acid Metabolism,Lipid metabolism,6.0,r0434
h2o_r,Water (r),H2O,"Transport, Endoplasmic Reticulum","Transport, Endoplasmic Reticulum",6.0,H2Oter
adp_c,ADP (c),ATP/ADP,Arginine Biosynthesis,AA other,-6.0,CBPS
nad_m,Nicotinamide adenine dinucleotide (m),NAD(+),Biosynthesis Of Amino Acids,AA other,-6.0,PRO1xm
h2o_r,Water (r),H2O,Pentose Phosphate Pathway,Redox & Pentose Metabolism,6.0,PGLer
imp_c,IMP (c),Purine NTPs,Purine Metabolism,Nitrogen disposal,-7.843018670156418,GMPR;IMPC;ADSS
pmtcrn_c,Palmitoyl-CoA (n-C16:0CoA) (c),Palmitoyl-CoA (n-C16:0CoA),Fatty Acid Degradation,Lipid metabolism,6.0,C160CPT1
akg_c,2-Oxoglutarate (c),α-KG,"Alanine, Aspartate And Glutamate Metabolism",AA other,4.360959699061901,ALATA__L;ASPTA;PSERT
val__L_m,L-valine (m),L-Val,Pantothenate And Coa Biosynthesis,Pantothenate And Coa Biosynthesis,6.0,VALTAm
pmtcrn_r,L-Palmitoylcarnitine (r),L-Palmitoylcarnitine,"Transport, Endoplasmic Reticulum","Transport, Endoplasmic Reticulum",6.0,r0998
sphmyln_hs_c,sphingomyelin betaine (c),Sphingomyelin betaine,"Transport, Endoplasmic Reticulum","Transport, Endoplasmic Reticulum",6.0,HUMANGEM_MAR00771
co2_c,carbon dioxide (c),CO2,Sphingolipid Metabolism,Lipid metabolism,-6.0,SERPT
ctp_m,CTP (m),CTP,"Transport, Mitochondrial",Mitochondrial transport,-9.024013001915085,HUMANGEM_MAR20145;HUMANGEM_MAR20139;HUMANGEM_MAR20147;HUMANGEM_MAR20148;HUMANGEM_MAR20136
atp_c,ATP (c),ATP/ADP,Arginine Biosynthesis,AA other,-6.0,CBPS
akg_c,2-Oxoglutarate (c),α-KG,Phenylalanine Metabolism,AAA metabolism (Trp/Phe/Tyr),-2.560216441439568,PHETA1
glu__L_m,L-glutamate(1-) (m),L-Glu,Urea Cycle,Nitrogen disposal,6.0,ORNTArm;r0074
co2_m,carbon dioxide (m),CO2,"Alanine, Aspartate And Glutamate Metabolism",AA other,6.0,r0034
akg_m,2-Oxoglutarate (m),α-KG,Phenylalanine Metabolism,AAA metabolism (Trp/Phe/Tyr),-2.560216441439568,PHETA1m
pi_r,hydrogenphosphate (r),HPO4,"Transport, Mitochondrial",Mitochondrial transport,6.0,HUMANGEM_MAR08651
dhap_c,Dihydroxyacetone phosphate (c),Dihydroxyacetone phosphate,Pentose Phosphate Pathway,Redox & Pentose Metabolism,6.0,FBA
6pgl_r,"6-phospho-D-glucono-1,5-lactone (r)","6-Phospho-D-glucono-1,5-lactone",Pentose Phosphate Pathway,Redox & Pentose Metabolism,6.0,PGLer;G6PDH1rer
nadh_c,Nicotinamide adenine dinucleotide - reduced (c),NAD(+),Propanoate Metabolism,Propanoate Metabolism,-5.539004142888866,2HBO
2hb_e,2 Hydroxybutyrate C4H7O3 (e),2 Hydroxybutyrate C4H7O3,Extracellular Transport,Extracellular Transport,-5.539004142882747,2HBt2
nadph_m,Nicotinamide adenine dinucleotide phosphate - reduced (m),NADP(+),Purine Catabolism,Purine Catabolism,-10.271167703800263,r0276
6pgc_c,6-Phospho-D-gluconate (c),6-Phospho-D-gluconate,"Transport, Endoplasmic Reticulum","Transport, Endoplasmic Reticulum",6.0,HUMANGEM_MAR03953
val__L_m,L-valine (m),L-Val,2-oxocarboxylic Acid Metabolism,2-oxocarboxylic Acid Metabolism,6.0,VALTAm
adp_m,ADP (m),ATP/ADP,Arginine Biosynthesis,AA other,6.0,r0034
gmp_c,GMP (c),Purine NTPs,Nucleotide Metabolism,Nucleotide metabolism,-5.696542527426929,GMPR;GK1;GUAPRT
f6p_c,D-Fructose 6-phosphate (c),D-Fructose 6-phosphate,Glycolysis/Gluconeogenesis,Central Energy Metabolism,6.0,PGI;PFK
atp_m,ATP (m),ATP/ADP,Nitrogen Metabolism,Nitrogen disposal,6.0,r0034
pmtcoa_r,Palmitoyl-CoA (n-C16:0CoA) (r),Palmitoyl-CoA (n-C16:0CoA),Fatty Acid Degradation,Lipid metabolism,6.0,r0434
nh4_m,Ammonium (m),NH4,Purine Metabolism,Nitrogen disposal,-10.271167703800263,r0276
dcmp_c,dCMP (c),dCMP,"Transport, Mitochondrial",Mitochondrial transport,6.0,HUMANGEM_MAR20136;HUMANGEM_MAR13075
pi_r,hydrogenphosphate (r),HPO4,"Transport, Endoplasmic Reticulum","Transport, Endoplasmic Reticulum",6.0,PIter
akg_m,2-Oxoglutarate (m),α-KG,Arginine And Proline Metabolism,Arginine And Proline Metabolism,6.0,ORNTArm
h_m,proton (m),H,Purine Catabolism,Purine Catabolism,-10.271167703800263,r0276
amet_c,S-Adenosyl-L-methionine (c),SAM,Urea Cycle,Nitrogen disposal,6.0,GACMTRc
imp_c,IMP (c),Purine NTPs,"Transport, Mitochondrial",Mitochondrial transport,-10.271167703800263,HUMANGEM_MAR20145
nadp_c,Nicotinamide adenine dinucleotide phosphate (c),NADP(+),Nucleotide Interconversion,Nucleotide metabolism,-9.298802754998597,GMPR;TRDR
nadph_c,Nicotinamide adenine dinucleotide phosphate - reduced (c),NADP(+),Sphingolipid Metabolism,Lipid metabolism,-6.0,3DSPHR
cbp_m,Carbamoyl phosphate (m),Carbamoyl phosphate,Urea Cycle,Nitrogen disposal,6.0,r0034
crtn_c,creatinine (c),Creatinine,Extracellular Transport,Extracellular Transport,6.0,CRTNtr
phpyr_c,keto-phenylpyruvate (c),Phenylpyruvate,2-oxocarboxylic Acid Metabolism,2-oxocarboxylic Acid Metabolism,-2.560216441439568,PHETA1
3mob_m,3-methyl-2-oxobutanoate (m),α-Ketoisovalerate,"Valine, Leucine And Isoleucine Degradation",BCAA metabolism (Val/Leu/Iso),6.0,VALTAm
ahcys_c,S-Adenosyl-L-homocysteine (c),SAH,Folate Metabolism,Folate Metabolism,6.0,AHC
crn_c,L-Carnitine (c),L-Carnitine,Fatty Acid Metabolism,Lipid metabolism,6.0,C160CPT1
dhap_c,Dihydroxyacetone phosphate (c),Dihydroxyacetone phosphate,Fructose And Mannose Metabolism,Fructose And Mannose Metabolism,-6.0,FBA2
phe__L_c,L-phenylalanine (c),L-Phe,Biosynthesis Of Amino Acids,AA other,-2.560216441439568,PHETA1
chol_r,Choline (r),Choline,Glycerophospholipid Metabolism,Lipid metabolism,6.0,PSSA1r_hs
nh4_c,Ammonium (c),NH4,"Glycine, Serine And Threonine Metabolism",AA other,-5.539004142888867,THRD__L;CYSTGL
h_c,proton (c),H,Fructose And Mannose Metabolism,Fructose And Mannose Metabolism,-6.0,TRIOK;KHK
cbp_c,Carbamoyl phosphate (c),Carbamoyl phosphate,Arginine Biosynthesis,AA other,-6.0,CBPS
nadp_c,Nicotinamide adenine dinucleotide phosphate (c),NADP(+),Nucleotide Metabolism,Nucleotide metabolism,-6.0,GMPR
glc__D_c,D-glucose (c),Glc,Extracellular Transport,Extracellular Transport,8.699378549652028,GLCt1
thr__L_c,L-Threonine (c),L-Thr,"Glycine, Serine And Threonine Metabolism",AA other,-6.0,THRD__L
phe__L_c,L-phenylalanine (c),L-Phe,"Phenylalanine, Tyrosine And Tryptophan Biosynthesis",AAA metabolism (Trp/Phe/Tyr),-2.560216441439568,PHETA1
ppi_c,Diphosphate (c),PPi,Biosynthesis Of Amino Acids,AA other,6.0,METAT
ahcys_c,S-Adenosyl-L-homocysteine (c),SAH,Cysteine And Methionine Metabolism,AA other,6.0,AHC
nh4_m,Ammonium (m),NH4,Biosynthesis Of Amino Acids,AA other,6.0,r0034
glu__L_m,L-glutamate(1-) (m),L-Glu,Phenylalanine Metabolism,AAA metabolism (Trp/Phe/Tyr),-2.560216441439568,PHETA1m
pi_e,hydrogenphosphate (e),HPO4,Extracellular Transport,Extracellular Transport,-4.6785960351853175,PIt9;PIt
orn_c,Ornithine (c),Orn,Arginine And Proline Metabolism,Arginine And Proline Metabolism,6.0,GLYAMDTRc
gmp_m,GMP (m),Purine NTPs,Purine Catabolism,Purine Catabolism,-10.271167703800263,r0276
pcreat_c,N-phosphocreatinate(2-) (c),N-phosphocreatinate(2-),Urea Cycle,Nitrogen disposal,6.0,CRTNsyn;CKc
phpyr_c,keto-phenylpyruvate (c),Phenylpyruvate,Phenylalanine Metabolism,AAA metabolism (Trp/Phe/Tyr),-2.560216441439568,PHETA1
nh4_c,Ammonium (c),NH4,"Alanine, Aspartate And Glutamate Metabolism",AA other,-6.0,THRD__L
phe__L_c,L-phenylalanine (c),L-Phe,"Transport, Mitochondrial",Mitochondrial transport,-2.560216441439568,HUMANGEM_MAR05116
h2o_c,Water (c),H2O,Arginine Biosynthesis,AA other,-6.0,CBPS
hcys__L_c,L-homocysteine (c),Hcy,Cysteine And Methionine Metabolism,AA other,6.0,CYSTS;AHC
gly_c,Glycine (c),Glycine,Urea Cycle,Nitrogen disposal,6.0,GLYAMDTRc
r1p_c,alpha-D-Ribose 1-phosphate (c),Alpha-D-Ribose 1-phosphate,Purine Catabolism,Purine Catabolism,-6.0,PUNP3
ala__L_c,L-alanine (c),L-Ala,2-oxocarboxylic Acid Metabolism,2-oxocarboxylic Acid Metabolism,5.1575924416728265,ALATA__L
ser__L_c,L-serine (c),L-ser,Biosynthesis Of Amino Acids,AA other,6.0,CYSTS
co2_r,carbon dioxide (r),CO2,"Transport, Endoplasmic Reticulum","Transport, Endoplasmic Reticulum",6.0,CO2ter
crm_hs_c,N-acylsphingosine (c),N-acylsphingosine,"Transport, Endoplasmic Reticulum","Transport, Endoplasmic Reticulum",6.0,HUMANGEM_MAR00730
h_c,proton (c),H,Nucleotide Interconversion,Nucleotide metabolism,-5.383600695550505,GMPR;_DURIK1;r0531;CYTDK1;ADSS;TRDR;_DADNK
pi_m,hydrogenphosphate (m),HPO4,Nitrogen Metabolism,Nitrogen disposal,6.0,r0034
glc__D_e,D-glucose (e),Glc,Extracellular Transport,Extracellular Transport,8.699378549652028,GLCt1
nadp_m,Nicotinamide adenine dinucleotide phosphate (m),NADP(+),Purine Metabolism,Nitrogen disposal,-10.271167703800263,r0276
akg_c,2-Oxoglutarate (c),α-KG,"Phenylalanine, Tyrosine And Tryptophan Biosynthesis",AAA metabolism (Trp/Phe/Tyr),-2.560216441439568,PHETA1
atp_c,ATP (c),ATP/ADP,Cysteine And Methionine Metabolism,AA other,6.0,METAT
nadph_m,Nicotinamide adenine dinucleotide phosphate - reduced (m),NADP(+),Nucleotide Metabolism,Nucleotide metabolism,-10.271167703800263,r0276
ctp_c,CTP (c),CTP,"Transport, Mitochondrial",Mitochondrial transport,-9.024013001915085,HUMANGEM_MAR20145;HUMANGEM_MAR20139;HUMANGEM_MAR20147;HUMANGEM_MAR20148;HUMANGEM_MAR20136
glu__L_m,L-glutamate(1-) (m),L-Glu,Arginine And Proline Metabolism,Arginine And Proline Metabolism,6.0,ORNTArm;r0074
crm_hs_r,N-acylsphingosine (r),N-acylsphingosine,"Transport, Endoplasmic Reticulum","Transport, Endoplasmic Reticulum",6.0,HUMANGEM_MAR00730
chol_r,Choline (r),Choline,"Transport, Endoplasmic Reticulum","Transport, Endoplasmic Reticulum",6.0,HUMANGEM_MAR08526
cbp_m,Carbamoyl phosphate (m),Carbamoyl phosphate,"Alanine, Aspartate And Glutamate Metabolism",AA other,6.0,r0034
atp_c,ATP (c),ATP/ADP,"Alanine, Aspartate And Glutamate Metabolism",AA other,-6.0,CBPS
h_m,proton (m),H,Nucleotide Metabolism,Nucleotide metabolism,-10.271167703800263,r0276
crn_c,L-Carnitine (c),L-Carnitine,Fatty Acid Degradation,Lipid metabolism,6.0,C160CPT1
pro__L_c,L-proline (c),L-Pro,Extracellular Transport,Extracellular Transport,-2.0614687539815293,PROt4;r1402
dag_hs_c,diglyceride (c),Diglyceride,"Transport, Endoplasmic Reticulum","Transport, Endoplasmic Reticulum",6.0,_DAG_HSter
glc__D_c,D-glucose (c),Glc,Starch And Sucrose Metabolism,Starch And Sucrose Metabolism,8.699378549652028,HEX1
g6p_c,D-Glucose 6-phosphate (c),D-Glucose 6-phosphate,Glycolysis/Gluconeogenesis,Central Energy Metabolism,9.547432395742728,HEX1;PGI;PGMT
gly_c,Glycine (c),Glycine,"Glycine, Serine And Threonine Metabolism",AA other,6.0,GLYAMDTRc
gsn_c,Guanosine (c),Guanosine,"Transport, Mitochondrial",Mitochondrial transport,-6.0,HUMANGEM_MAR05036
arg__L_c,L-argininium(1+) (c),Arg,Urea Cycle,Nitrogen disposal,6.0,GLYAMDTRc
pmtcoa_c,Palmitoyl-CoA (n-C16:0CoA) (c),Palmitoyl-CoA (n-C16:0CoA),Sphingolipid Metabolism,Lipid metabolism,-6.0,SERPT
coa_r,Coenzyme A (r),CoA,Sphingolipid Metabolism,Lipid metabolism,6.0,SERPTr
val__L_m,L-valine (m),L-Val,Biosynthesis Of Amino Acids,AA other,6.0,VALTAm
coa_r,Coenzyme A (r),CoA,Fatty Acid Metabolism,Lipid metabolism,6.0,r0434
3mob_m,3-methyl-2-oxobutanoate (m),α-Ketoisovalerate,Pantothenate And Coa Biosynthesis,Pantothenate And Coa Biosynthesis,6.0,VALTAm
ala__L_e,L-Alanine (e),L-Ala,Extracellular Transport,Extracellular Transport,4.599310707874121,ALAtN1;ALAPAT4te
2obut_c,2-Oxobutanoate (c),α-Ketobutyrate,"Valine, Leucine And Isoleucine Biosynthesis",BCAA metabolism (Val/Leu/Iso),-6.0,THRD__L
akg_c,2-Oxoglutarate (c),α-KG,Pantothenate And Coa Biosynthesis,Pantothenate And Coa Biosynthesis,8.041255199471992,VALTA
atp_m,ATP (m),ATP/ADP,Urea Cycle,Nitrogen disposal,6.0,r0034
gmp_m,GMP (m),Purine NTPs,Nucleotide Metabolism,Nucleotide metabolism,-10.271167703800263,r0276
phe__L_c,L-phenylalanine (c),L-Phe,2-oxocarboxylic Acid Metabolism,2-oxocarboxylic Acid Metabolism,-2.560216441439568,PHETA1
nh4_m,Ammonium (m),NH4,Purine Catabolism,Purine Catabolism,-10.271167703800263,r0276
h_c,proton (c),H,Arginine Biosynthesis,AA other,-6.0,CBPS
nh4_c,Ammonium (c),NH4,Purine Metabolism,Nitrogen disposal,-6.0,GMPR
ppi_c,Diphosphate (c),PPi,Folate Metabolism,Folate Metabolism,6.0,METAT
nad_c,Nicotinamide adenine dinucleotide (c),NAD(+),Propanoate Metabolism,Propanoate Metabolism,-5.539004142888866,2HBO
glc__D_e,D-glucose (e),Glc,Starch And Sucrose Metabolism,Starch And Sucrose Metabolism,-6.0,RE0915E
orn_c,Ornithine (c),Orn,"Transport, Mitochondrial",Mitochondrial transport,6.0,ORNt3m
adn_c,Adenosine (c),Ado,Cysteine And Methionine Metabolism,AA other,6.0,AHC
akg_m,2-Oxoglutarate (m),α-KG,"Valine, Leucine And Isoleucine Biosynthesis",BCAA metabolism (Val/Leu/Iso),6.0,VALTAm
chol_c,Choline (c),Choline,"Transport, Endoplasmic Reticulum","Transport, Endoplasmic Reticulum",6.0,HUMANGEM_MAR08526
imp_c,IMP (c),Purine NTPs,Nucleotide Interconversion,Nucleotide metabolism,-9.134673974332543,GMPR;ADSS
ppi_c,Diphosphate (c),PPi,Cysteine And Methionine Metabolism,AA other,6.0,METAT
pmtcrn_c,Palmitoyl-CoA (n-C16:0CoA) (c),Palmitoyl-CoA (n-C16:0CoA),"Transport, Endoplasmic Reticulum","Transport, Endoplasmic Reticulum",6.0,r0998
crtn_e,Creatinin (e),Creatinin,Extracellular Transport,Extracellular Transport,6.0,EX_crtn_e;CRTNtr
phpyr_c,keto-phenylpyruvate (c),Phenylpyruvate,Biosynthesis Of Amino Acids,AA other,-2.560216441439568,PHETA1
glu__L_m,L-glutamate(1-) (m),L-Glu,"Phenylalanine, Tyrosine And Tryptophan Biosynthesis",AAA metabolism (Trp/Phe/Tyr),-2.560216441439568,PHETA1m
hco3_c,Bicarbonate (c),HCO3,Pyrimidine Synthesis,Nucleotide metabolism,-6.0,CBPS
2obut_c,2-Oxobutanoate (c),α-Ketobutyrate,Folate Metabolism,Folate Metabolism,6.0,CYSTGL
glu__L_c,L-glutamate(1-) (c),L-Glu,"Alanine, Aspartate And Glutamate Metabolism",AA other,4.229843965339425,ALATA__L;ASPTA;GLUPRT;CBPS;PSERT
nadph_c,Nicotinamide adenine dinucleotide phosphate - reduced (c),NADP(+),Nucleotide Interconversion,Nucleotide metabolism,-9.298802754998597,GMPR;TRDR
ser__L_c,L-serine (c),L-ser,Folate Metabolism,Folate Metabolism,6.0,CYSTS
imp_m,IMP (m),Purine NTPs,Purine Catabolism,Purine Catabolism,-10.271167703800263,r0276
arg__L_c,L-argininium(1+) (c),Arg,"Glycine, Serine And Threonine Metabolism",AA other,6.0,GLYAMDTRc
g6p_c,D-Glucose 6-phosphate (c),D-Glucose 6-phosphate,Starch And Sucrose Metabolism,Starch And Sucrose Metabolism,8.699378549652028,HEX1
pcreat_c,N-phosphocreatinate(2-) (c),N-phosphocreatinate(2-),Arginine And Proline Metabolism,Arginine And Proline Metabolism,6.0,CRTNsyn;CKc
3mob_m,3-methyl-2-oxobutanoate (m),α-Ketoisovalerate,2-oxocarboxylic Acid Metabolism,2-oxocarboxylic Acid Metabolism,6.0,VALTAm
glu__L_c,L-glutamate(1-) (c),L-Glu,Phenylalanine Metabolism,AAA metabolism (Trp/Phe/Tyr),-2.560216441439568,PHETA1
nh4_c,Ammonium (c),NH4,Biosynthesis Of Amino Acids,AA other,-5.539004142888867,THRD__L;CYSTGL
val__L_c,L-valine (c),L-Val,"Transport, Mitochondrial",Mitochondrial transport,6.0,VALt5m
2obut_c,2-Oxobutanoate (c),α-Ketobutyrate,Cysteine And Methionine Metabolism,AA other,6.0,CYSTGL
atp_c,ATP (c),ATP/ADP,Starch And Sucrose Metabolism,Starch And Sucrose Metabolism,8.699378549652028,HEX1
adp_m,ADP (m),ATP/ADP,Nitrogen Metabolism,Nitrogen disposal,6.0,r0034
thr__L_c,L-Threonine (c),L-Thr,Biosynthesis Of Amino Acids,AA other,-6.0,THRD__L
2obut_c,2-Oxobutanoate (c),α-Ketobutyrate,Propanoate Metabolism,Propanoate Metabolism,-5.539004142888866,2HBO
dag_hs_r,diglyceride (r),Diglyceride,Sphingolipid Metabolism,Lipid metabolism,6.0,SMSr
gly_c,Glycine (c),Glycine,Arginine And Proline Metabolism,Arginine And Proline Metabolism,6.0,GLYAMDTRc
h2o_c,Water (c),H2O,Cysteine And Methionine Metabolism,AA other,6.0,CYSTS;AHC;CYSTGL;METAT
crtn_c,creatinine (c),Creatinine,Urea Cycle,Nitrogen disposal,6.0,CRTNsyn
cyst__L_c,L-cystathionine (c),L-Cysth,Biosynthesis Of Amino Acids,AA other,6.0,CYSTS;CYSTGL
nadh_m,Nicotinamide adenine dinucleotide - reduced (m),NAD(+),Urea Cycle,Nitrogen disposal,6.0,r0074
phpyr_m,keto-phenylpyruvate (m),Phenylpyruvate,"Phenylalanine, Tyrosine And Tryptophan Biosynthesis",AAA metabolism (Trp/Phe/Tyr),-2.560216441439568,PHETA1m
3mob_c,3-methyl-2-oxobutanoate (c),α-Ketoisovalerate,"Valine, Leucine And Isoleucine Degradation",BCAA metabolism (Val/Leu/Iso),8.041255199471992,VALTA
phpyr_c,keto-phenylpyruvate (c),Phenylpyruvate,"Transport, Mitochondrial",Mitochondrial transport,-2.560216441439568,HUMANGEM_MAR11443
glyald_c,D-Glyceraldehyde (c),D-Glyceraldehyde,Fructose And Mannose Metabolism,Fructose And Mannose Metabolism,-6.0,TRIOK;FBA2
1pyr5c_m,1-Pyrroline-5-carboxylate (m),1-Pyrroline-5-carboxylate,"Alanine, Aspartate And Glutamate Metabolism",AA other,-6.0,P5CDm
val__L_m,L-valine (m),L-Val,"Valine, Leucine And Isoleucine Biosynthesis",BCAA metabolism (Val/Leu/Iso),6.0,VALTAm
ala__L_c,L-alanine (c),L-Ala,Biosynthesis Of Amino Acids,AA other,5.1575924416728265,ALATA__L
pmtcoa_c,Palmitoyl-CoA (n-C16:0CoA) (c),Palmitoyl-CoA (n-C16:0CoA),Fatty Acid Degradation,Lipid metabolism,6.0,C160CPT1
nadph_c,Nicotinamide adenine dinucleotide phosphate - reduced (c),NADP(+),Purine Metabolism,Nitrogen disposal,-6.0,GMPR
coa_r,Coenzyme A (r),CoA,Fatty Acid Degradation,Lipid metabolism,6.0,r0434
atp_m,ATP (m),ATP/ADP,"Alanine, Aspartate And Glutamate Metabolism",AA other,6.0,r0034
cbp_m,Carbamoyl phosphate (m),Carbamoyl phosphate,Biosynthesis Of Amino Acids,AA other,6.0,r0034
pi_m,hydrogenphosphate (m),HPO4,Urea Cycle,Nitrogen disposal,6.0,r0034
h2o_m,Water (m),H2O,Urea Cycle,Nitrogen disposal,6.0,r0034;r0074
val__L_c,L-valine (c),L-Val,Pantothenate And Coa Biosynthesis,Pantothenate And Coa Biosynthesis,8.041255199471992,VALTA
nadph_r,Nicotinamide adenine dinucleotide phosphate - reduced (r),NADP(+),Sphingolipid Metabolism,Lipid metabolism,6.0,3DSPHRr
fdp_c,"D-Fructose 1,6-bisphosphate (c)","F1,6BP",Glycolysis/Gluconeogenesis,Central Energy Metabolism,6.0,PFK
orn_c,Ornithine (c),Orn,"Glycine, Serine And Threonine Metabolism",AA other,6.0,GLYAMDTRc
glu__L_m,L-glutamate(1-) (m),L-Glu,Pantothenate And Coa Biosynthesis,Pantothenate And Coa Biosynthesis,6.0,VALTAm
pro__L_e,L-Proline (e),L-Pro,Extracellular Transport,Extracellular Transport,-2.1023906533577765,PROt4
nh4_m,Ammonium (m),NH4,Nucleotide Metabolism,Nucleotide metabolism,-10.271167703800263,r0276
sphgn_r,sphinganine(1+) (r),Sphinganine(1+),Sphingolipid Metabolism,Lipid metabolism,6.0,3DSPHRr
ahcys_c,S-Adenosyl-L-homocysteine (c),SAH,Urea Cycle,Nitrogen disposal,6.0,GACMTRc
glu5sa_m,L-Glutamate 5-semialdehyde (m),L-Glutamate 5-semialdehyde,Urea Cycle,Nitrogen disposal,6.0,r0074;ORNTArm
g3p_c,Glyceraldehyde 3-phosphate (c),Glyceraldehyde 3-phosphate,Pentose Phosphate Pathway,Redox & Pentose Metabolism,6.0,FBA
cbp_m,Carbamoyl phosphate (m),Carbamoyl phosphate,"Transport, Mitochondrial",Mitochondrial transport,6.0,HUMANGEM_MAR08651
glu__L_c,L-glutamate(1-) (c),L-Glu,"Valine, Leucine And Isoleucine Degradation",BCAA metabolism (Val/Leu/Iso),6.873404852614875,VALTA;ILETA
arg__L_c,L-argininium(1+) (c),Arg,Arginine And Proline Metabolism,Arginine And Proline Metabolism,6.0,GLYAMDTRc
pyr_c,pyruvate (c),Pyr,2-oxocarboxylic Acid Metabolism,2-oxocarboxylic Acid Metabolism,5.1575924416728265,ALATA__L
pi_c,hydrogenphosphate (c),HPO4,Arginine And Proline Metabolism,Arginine And Proline Metabolism,6.0,CRTNsyn
co2_c,carbon dioxide (c),CO2,"Transport, Endoplasmic Reticulum","Transport, Endoplasmic Reticulum",6.0,CO2ter
btn_c,Biotin (c),Biotin,Extracellular Transport,Extracellular Transport,6.0,BTNTe;HMR_9609
ser__L_r,L-serine (r),L-ser,Sphingolipid Metabolism,Lipid metabolism,6.0,SERPTr
nh4_c,Ammonium (c),NH4,"Valine, Leucine And Isoleucine Biosynthesis",BCAA metabolism (Val/Leu/Iso),-6.0,THRD__L
gln__L_c,L-glutamine (c),L-Gln,Arginine Biosynthesis,AA other,-6.0,CBPS
1pyr5c_m,1-Pyrroline-5-carboxylate (m),1-Pyrroline-5-carboxylate,Arginine And Proline Metabolism,Arginine And Proline Metabolism,-6.0,PRO1xm
nad_m,Nicotinamide adenine dinucleotide (m),NAD(+),Urea Cycle,Nitrogen disposal,6.0,r0074
thr__L_c,L-Threonine (c),L-Thr,"Valine, Leucine And Isoleucine Biosynthesis",BCAA metabolism (Val/Leu/Iso),-6.0,THRD__L
val__L_c,L-valine (c),L-Val,2-oxocarboxylic Acid Metabolism,2-oxocarboxylic Acid Metabolism,8.041255199471992,VALTA
adp_c,ADP (c),ATP/ADP,Urea Cycle,Nitrogen disposal,6.0,CKc
fru_e,D-Fructose (e),D-Fructose,Extracellular Transport,Extracellular Transport,-6.0,FRUt1r
orn_m,Ornithine (m),Orn,Urea Cycle,Nitrogen disposal,6.0,ORNTArm
imp_m,IMP (m),Purine NTPs,Nucleotide Metabolism,Nucleotide metabolism,-10.271167703800263,r0276
pchol_hs_r,Phosphatidylcholine (r),Phosphatidylcholine,Glycerophospholipid Metabolism,Lipid metabolism,6.0,PSSA1r_hs
pyr_c,pyruvate (c),Pyr,"Alanine, Aspartate And Glutamate Metabolism",AA other,5.1575924416728265,ALATA__L
3mob_c,3-methyl-2-oxobutanoate (c),α-Ketoisovalerate,"Transport, Mitochondrial",Mitochondrial transport,8.041255199471992,3MOBt2im
dcmp_m,dCMP (m),dCMP,"Transport, Mitochondrial",Mitochondrial transport,6.0,HUMANGEM_MAR13075;HUMANGEM_MAR20136
pchol_hs_r,Phosphatidylcholine (r),Phosphatidylcholine,Sphingolipid Metabolism,Lipid metabolism,6.0,SMSr
f1p_c,D-Fructose 1-phosphate (c),D-Fructose 1-phosphate,Fructose And Mannose Metabolism,Fructose And Mannose Metabolism,-6.0,FBA2;KHK
fru_c,D-Fructose (c),D-Fructose,Fructose And Mannose Metabolism,Fructose And Mannose Metabolism,-6.0,KHK
atp_c,ATP (c),ATP/ADP,Urea Cycle,Nitrogen disposal,6.0,CKc
gmp_c,GMP (c),Purine NTPs,Purine Metabolism,Nitrogen disposal,-5.696542527426929,GMPR;GK1;GUAPRT
nh4_c,Ammonium (c),NH4,Folate Metabolism,Folate Metabolism,6.0,CYSTGL
met__L_c,L-methionine (c),L-Met,Biosynthesis Of Amino Acids,AA other,6.0,METAT
g6p_c,D-Glucose 6-phosphate (c),D-Glucose 6-phosphate,"Transport, Endoplasmic Reticulum","Transport, Endoplasmic Reticulum",6.0,G6Pter
phe__L_m,L-phenylalanine (m),L-Phe,Phenylalanine Metabolism,AAA metabolism (Trp/Phe/Tyr),-2.560216441439568,PHETA1m
crn_r,L-Carnitine (r),L-Carnitine,Fatty Acid Metabolism,Lipid metabolism,6.0,r0434
pi_m,hydrogenphosphate (m),HPO4,"Alanine, Aspartate And Glutamate Metabolism",AA other,2.423094053234282,r0034;PSP__Lm
3dsphgn_c,(2S)-1-hydroxy-3-oxooctadecan-2-aminium (c),(2S)-1-hydroxy-3-oxooctadecan-2-aminium,Sphingolipid Metabolism,Lipid metabolism,-6.0,SERPT;3DSPHR
phpyr_m,keto-phenylpyruvate (m),Phenylpyruvate,2-oxocarboxylic Acid Metabolism,2-oxocarboxylic Acid Metabolism,-2.560216441439568,PHETA1m
crm_hs_r,N-acylsphingosine (r),N-acylsphingosine,Sphingolipid Metabolism,Lipid metabolism,6.0,SMSr
cyst__L_c,L-cystathionine (c),L-Cysth,"Glycine, Serine And Threonine Metabolism",AA other,6.0,CYSTS;CYSTGL
glc__D_c,D-glucose (c),Glc,Glycolysis/Gluconeogenesis,Central Energy Metabolism,8.699378549652028,HEX1
glu__L_c,L-glutamate(1-) (c),L-Glu,"Phenylalanine, Tyrosine And Tryptophan Biosynthesis",AAA metabolism (Trp/Phe/Tyr),-2.560216441439568,PHETA1
hco3_c,Bicarbonate (c),HCO3,Pyrimidine Metabolism,Nucleotide metabolism,-6.0,CBPS
ps_hs_r,phosphatidylserine (r),Phosphatidylserine,Glycerophospholipid Metabolism,Lipid metabolism,6.0,PSSA1r_hs
gudac_c,guanidinoacetic acid (c),Glycocyamine,Urea Cycle,Nitrogen disposal,6.0,GLYAMDTRc;GACMTRc
g3p_c,Glyceraldehyde 3-phosphate (c),Glyceraldehyde 3-phosphate,Fructose And Mannose Metabolism,Fructose And Mannose Metabolism,-6.0,TRIOK
ppi_r,Diphosphate (r),PPi,"Transport, Mitochondrial",Mitochondrial transport,6.0,HUMANGEM_MAR08651
3mob_c,3-methyl-2-oxobutanoate (c),α-Ketoisovalerate,Pantothenate And Coa Biosynthesis,Pantothenate And Coa Biosynthesis,8.041255199471992,VALTA
gsn_c,Guanosine (c),Guanosine,Purine Metabolism,Nitrogen disposal,-6.0,PUNP3
pi_c,hydrogenphosphate (c),HPO4,Arginine Biosynthesis,AA other,-6.0,CBPS
akg_c,2-Oxoglutarate (c),α-KG,Arginine Biosynthesis,AA other,4.374527482823671,ALATA__L;ASPTA
hcys__L_c,L-homocysteine (c),Hcy,"Glycine, Serine And Threonine Metabolism",AA other,6.0,CYSTS
amet_c,S-Adenosyl-L-methionine (c),SAM,"Glycine, Serine And Threonine Metabolism",AA other,6.0,GACMTRc
crtn_c,creatinine (c),Creatinine,Arginine And Proline Metabolism,Arginine And Proline Metabolism,6.0,CRTNsyn
3mob_m,3-methyl-2-oxobutanoate (m),α-Ketoisovalerate,Biosynthesis Of Amino Acids,AA other,6.0,VALTAm
nadh_m,Nicotinamide adenine dinucleotide - reduced (m),NAD(+),Arginine And Proline Metabolism,Arginine And Proline Metabolism,-5.9976808088231675,PRO1xm;r0074
pi_c,hydrogenphosphate (c),HPO4,Biosynthesis Of Amino Acids,AA other,6.0,METAT
g6p_r,D-Glucose 6-phosphate (r),D-Glucose 6-phosphate,"Transport, Endoplasmic Reticulum","Transport, Endoplasmic Reticulum",6.0,G6Pter
adp_m,ADP (m),ATP/ADP,Urea Cycle,Nitrogen disposal,6.0,r0034
phpyr_m,keto-phenylpyruvate (m),Phenylpyruvate,Phenylalanine Metabolism,AAA metabolism (Trp/Phe/Tyr),-2.560216441439568,PHETA1m
1pyr5c_m,1-Pyrroline-5-carboxylate (m),1-Pyrroline-5-carboxylate,Biosynthesis Of Amino Acids,AA other,-6.0,PRO1xm
g6p_r,D-Glucose 6-phosphate (r),D-Glucose 6-phosphate,Pentose Phosphate Pathway,Redox & Pentose Metabolism,6.0,G6PDH1rer
co2_m,carbon dioxide (m),CO2,Arginine Biosynthesis,AA other,6.0,r0034
h_r,proton (r),H,Sphingolipid Metabolism,Lipid metabolism,6.0,SERPTr;3DSPHRr
adp_c,ADP (c),ATP/ADP,"Alanine, Aspartate And Glutamate Metabolism",AA other,-6.0,CBPS
h2o_m,Water (m),H2O,Arginine And Proline Metabolism,Arginine And Proline Metabolism,6.0,r0074
ppi_r,Diphosphate (r),PPi,"Transport, Endoplasmic Reticulum","Transport, Endoplasmic Reticulum",6.0,PPItr
3mob_c,3-methyl-2-oxobutanoate (c),α-Ketoisovalerate,2-oxocarboxylic Acid Metabolism,2-oxocarboxylic Acid Metabolism,8.041255199471992,VALTA
3mob_m,3-methyl-2-oxobutanoate (m),α-Ketoisovalerate,"Transport, Mitochondrial",Mitochondrial transport,8.041255199471992,3MOBt2im
gmp_c,GMP (c),Purine NTPs,"Transport, Mitochondrial",Mitochondrial transport,-10.270887927395782,HUMANGEM_MAR20139
ser__L_c,L-serine (c),L-ser,Sphingolipid Metabolism,Lipid metabolism,-6.0,SERPT
val__L_m,L-valine (m),L-Val,"Valine, Leucine And Isoleucine Degradation",BCAA metabolism (Val/Leu/Iso),6.0,VALTAm
nh4_c,Ammonium (c),NH4,Nucleotide Interconversion,Nucleotide metabolism,-6.0,GMPR
ps_hs_r,phosphatidylserine (r),Phosphatidylserine,"Transport, Endoplasmic Reticulum","Transport, Endoplasmic Reticulum",6.0,HUMANGEM_MAR00466
glu__L_c,L-glutamate(1-) (c),L-Glu,Pantothenate And Coa Biosynthesis,Pantothenate And Coa Biosynthesis,8.041255199471992,VALTA
atp_c,ATP (c),ATP/ADP,Fructose And Mannose Metabolism,Fructose And Mannose Metabolism,-6.0,TRIOK;KHK
nh4_m,Ammonium (m),NH4,Urea Cycle,Nitrogen disposal,6.0,r0034
ahcys_c,S-Adenosyl-L-homocysteine (c),SAH,Arginine And Proline Metabolism,Arginine And Proline Metabolism,6.0,GACMTRc
nadph_m,Nicotinamide adenine dinucleotide phosphate - reduced (m),NADP(+),Purine Metabolism,Nitrogen disposal,-10.271167703800263,r0276
crn_r,L-Carnitine (r),L-Carnitine,Fatty Acid Degradation,Lipid metabolism,6.0,r0434
nadp_c,Nicotinamide adenine dinucleotide phosphate (c),NADP(+),Sphingolipid Metabolism,Lipid metabolism,-6.0,3DSPHR
nad_m,Nicotinamide adenine dinucleotide (m),NAD(+),Arginine And Proline Metabolism,Arginine And Proline Metabolism,-5.9976808088231675,PRO1xm;r0074
sphmyln_hs_r,sphingomyelin betaine (r),Sphingomyelin betaine,Sphingolipid Metabolism,Lipid metabolism,6.0,SMSr
met__L_c,L-methionine (c),L-Met,Folate Metabolism,Folate Metabolism,6.0,METAT
amet_c,S-Adenosyl-L-methionine (c),SAM,Arginine And Proline Metabolism,Arginine And Proline Metabolism,6.0,GACMTRc
3mob_m,3-methyl-2-oxobutanoate (m),α-Ketoisovalerate,"Valine, Leucine And Isoleucine Biosynthesis",BCAA metabolism (Val/Leu/Iso),8.041255199471992,VALTAm;r0385
pi_c,hydrogenphosphate (c),HPO4,"Transport, Endoplasmic Reticulum","Transport, Endoplasmic Reticulum",6.0,PIter
akg_c,2-Oxoglutarate (c),α-KG,"Valine, Leucine And Isoleucine Biosynthesis",BCAA metabolism (Val/Leu/Iso),6.873404852614875,VALTA;ILETA
adp_m,ADP (m),ATP/ADP,"Alanine, Aspartate And Glutamate Metabolism",AA other,6.0,r0034
val__L_c,L-valine (c),L-Val,Biosynthesis Of Amino Acids,AA other,8.041255199471992,VALTA
fdp_c,"D-Fructose 1,6-bisphosphate (c)","F1,6BP",Pentose Phosphate Pathway,Redox & Pentose Metabolism,6.0,FBA
atp_c,ATP (c),ATP/ADP,Arginine And Proline Metabolism,Arginine And Proline Metabolism,6.0,CKc
phe__L_m,L-phenylalanine (m),L-Phe,"Phenylalanine, Tyrosine And Tryptophan Biosynthesis",AAA metabolism (Trp/Phe/Tyr),-2.560216441439568,PHETA1m
gln__L_c,L-glutamine (c),L-Gln,Extracellular Transport,Extracellular Transport,-3.0291379656025397,GLNt4;GLNtN1;r1402
3dsphgn_r,(2S)-1-hydroxy-3-oxooctadecan-2-aminium (r),(2S)-1-hydroxy-3-oxooctadecan-2-aminium,Sphingolipid Metabolism,Lipid metabolism,6.0,3DSPHRr;SERPTr
adp_c,ADP (c),ATP/ADP,Starch And Sucrose Metabolism,Starch And Sucrose Metabolism,8.699378549652028,HEX1
sphmyln_hs_c,sphingomyelin betaine (c),Sphingomyelin betaine,Sphingolipid Metabolism,Lipid metabolism,-6.0,SMS
cys__L_c,L-cysteine (c),L-Cys,"Glycine, Serine And Threonine Metabolism",AA other,6.0,CYSTGL
pmtcrn_r,L-Palmitoylcarnitine (r),L-Palmitoylcarnitine,Fatty Acid Metabolism,Lipid metabolism,6.0,r0434
imp_c,IMP (c),Purine NTPs,Nucleotide Metabolism,Nucleotide metabolism,-9.134673974332543,GMPR;ADSS
gmp_m,GMP (m),Purine NTPs,Purine Metabolism,Nitrogen disposal,-10.271167703800263,r0276
phe__L_m,L-phenylalanine (m),L-Phe,"Transport, Mitochondrial",Mitochondrial transport,-2.560216441439568,HUMANGEM_MAR05116
phpyr_m,keto-phenylpyruvate (m),Phenylpyruvate,Biosynthesis Of Amino Acids,AA other,-2.560216441439568,PHETA1m
ser__L_c,L-serine (c),L-ser,Cysteine And Methionine Metabolism,AA other,6.0,CYSTS
nadph_c,Nicotinamide adenine dinucleotide phosphate - reduced (c),NADP(+),Nucleotide Metabolism,Nucleotide metabolism,-6.0,GMPR
ps_hs_c,phosphatidylserine (c),Phosphatidylserine,"Transport, Endoplasmic Reticulum","Transport, Endoplasmic Reticulum",6.0,HUMANGEM_MAR00466
gsn_c,Guanosine (c),Guanosine,Purine Catabolism,Purine Catabolism,-6.0,PUNP3
maltttr_e,Maltotetraose (e),Maltotetraose,Starch And Sucrose Metabolism,Starch And Sucrose Metabolism,-6.0,RE0915E;RE0915C
ala__L_c,L-alanine (c),L-Ala,Arginine Biosynthesis,AA other,5.1575924416728265,ALATA__L
2obut_c,2-Oxobutanoate (c),α-Ketobutyrate,"Alanine, Aspartate And Glutamate Metabolism",AA other,-6.0,THRD__L
cbp_m,Carbamoyl phosphate (m),Carbamoyl phosphate,Arginine Biosynthesis,AA other,6.0,r0034
gln__L_e,L-Glutamine (e),L-Gln,Extracellular Transport,Extracellular Transport,-3.030252947706907,GLNt4;GLNtN1
hcys__L_c,L-homocysteine (c),Hcy,Biosynthesis Of Amino Acids,AA other,6.0,CYSTS
amet_c,S-Adenosyl-L-methionine (c),SAM,Biosynthesis Of Amino Acids,AA other,6.0,METAT
nadp_m,Nicotinamide adenine dinucleotide phosphate (m),NADP(+),Purine Catabolism,Purine Catabolism,-10.271167703800263,r0276
phpyr_m,keto-phenylpyruvate (m),Phenylpyruvate,"Transport, Mitochondrial",Mitochondrial transport,-2.560216441439568,HUMANGEM_MAR11443
h_c,proton (c),H,Urea Cycle,Nitrogen disposal,6.0,CRTNsyn;GACMTRc
pro__L_m,L-proline (m),L-Pro,Arginine And Proline Metabolism,Arginine And Proline Metabolism,-6.0,PRO1xm
pi_c,hydrogenphosphate (c),HPO4,Extracellular Transport,Extracellular Transport,-4.409281953584604,PIt9;PIt;PCt;PSFLIP;r1402
val__L_c,L-valine (c),L-Val,"Valine, Leucine And Isoleucine Biosynthesis",BCAA metabolism (Val/Leu/Iso),8.041255199471992,VALTA
glu__L_m,L-glutamate(1-) (m),L-Glu,"Valine, Leucine And Isoleucine Biosynthesis",BCAA metabolism (Val/Leu/Iso),6.0,VALTAm
h_m,proton (m),H,Urea Cycle,Nitrogen disposal,6.0,r0034;r0074
3mob_c,3-methyl-2-oxobutanoate (c),α-Ketoisovalerate,Biosynthesis Of Amino Acids,AA other,8.041255199471992,VALTA
dag_hs_r,diglyceride (r),Diglyceride,"Transport, Endoplasmic Reticulum","Transport, Endoplasmic Reticulum",6.0,_DAG_HSter
gmp_c,GMP (c),Purine NTPs,Nucleotide Interconversion,Nucleotide metabolism,-6.624643789412495,GMPR;GK1
orn_m,Ornithine (m),Orn,"Transport, Mitochondrial",Mitochondrial transport,6.0,ORNt3m
gmp_m,GMP (m),Purine NTPs,"Transport, Mitochondrial",Mitochondrial transport,-10.270887927395782,HUMANGEM_MAR20139
ser__L_r,L-serine (r),L-ser,Glycerophospholipid Metabolism,Lipid metabolism,6.0,PSSA1r_hs
6pgc_r,6-Phospho-D-gluconate (r),6-Phospho-D-gluconate,"Transport, Endoplasmic Reticulum","Transport, Endoplasmic Reticulum",6.0,HUMANGEM_MAR03953
pmtcrn_r,L-Palmitoylcarnitine (r),L-Palmitoylcarnitine,Fatty Acid Degradation,Lipid metabolism,6.0,r0434
2hb_c,2-Hydroxybutyrate (c),2-Hydroxybutyrate,Propanoate Metabolism,Propanoate Metabolism,-5.539004142888866,2HBO
pro__L_c,L-proline (c),L-Pro,"Transport, Mitochondrial",Mitochondrial transport,-6.0,PROtm
gsn_m,Guanosine (m),Guanosine,"Transport, Mitochondrial",Mitochondrial transport,-6.0,HUMANGEM_MAR05036
6pgc_r,6-Phospho-D-gluconate (r),6-Phospho-D-gluconate,Pentose Phosphate Pathway,Redox & Pentose Metabolism,6.0,PGLer
creat_c,creatine (c),Creatine,Urea Cycle,Nitrogen disposal,6.0,CKc;GACMTRc
phe__L_m,L-phenylalanine (m),L-Phe,2-oxocarboxylic Acid Metabolism,2-oxocarboxylic Acid Metabolism,-2.560216441439568,PHETA1m
pchol_hs_c,Phosphatidylcholine (c),Phosphatidylcholine,Sphingolipid Metabolism,Lipid metabolism,-6.0,SMS
hco3_c,Bicarbonate (c),HCO3,Arginine Biosynthesis,AA other,-6.0,CBPS
2hb_c,2-Hydroxybutyrate (c),2-Hydroxybutyrate,Extracellular Transport,Extracellular Transport,-5.539004142882747,2HBt2
nadph_r,Nicotinamide adenine dinucleotide phosphate - reduced (r),NADP(+),Pentose Phosphate Pathway,Redox & Pentose Metabolism,6.0,G6PDH1rer
h2o_e,Water (e),H2O,Starch And Sucrose Metabolism,Starch And Sucrose Metabolism,-6.0,RE0915E;RE0915C
glu__L_c,L-glutamate(1-) (c),L-Glu,Arginine Biosynthesis,AA other,4.313323482184014,ALATA__L;ASPTA;CBPS
co2_r,carbon dioxide (r),CO2,Sphingolipid Metabolism,Lipid metabolism,6.0,SERPTr
gsn_c,Guanosine (c),Guanosine,Nucleotide Metabolism,Nucleotide metabolism,-6.0,PUNP3
sphgn_r,sphinganine(1+) (r),Sphinganine(1+),"Transport, Endoplasmic Reticulum","Transport, Endoplasmic Reticulum",6.0,HUMANGEM_MAR08737
pro__L_m,L-proline (m),L-Pro,Biosynthesis Of Amino Acids,AA other,-6.0,PRO1xm
akg_c,2-Oxoglutarate (c),α-KG,"Valine, Leucine And Isoleucine Degradation",BCAA metabolism (Val/Leu/Iso),6.873404852614875,VALTA;ILETA
ahcys_c,S-Adenosyl-L-homocysteine (c),SAH,"Glycine, Serine And Threonine Metabolism",AA other,6.0,GACMTRc
nadp_r,Nicotinamide adenine dinucleotide phosphate (r),NADP(+),Sphingolipid Metabolism,Lipid metabolism,6.0,3DSPHRr
fru_c,D-Fructose (c),D-Fructose,Extracellular Transport,Extracellular Transport,-6.0,FRUt1r
cyst__L_c,L-cystathionine (c),L-Cysth,Folate Metabolism,Folate Metabolism,6.0,CYSTS;CYSTGL
nh4_c,Ammonium (c),NH4,Cysteine And Methionine Metabolism,AA other,6.0,CYSTGL
imp_m,IMP (m),Purine NTPs,Purine Metabolism,Nitrogen disposal,-10.271167703800263,r0276
akg_m,2-Oxoglutarate (m),α-KG,"Valine, Leucine And Isoleucine Degradation",BCAA metabolism (Val/Leu/Iso),6.0,VALTAm
creat_c,creatine (c),Creatine,"Glycine, Serine And Threonine Metabolism",AA other,6.0,GACMTRc
nadp_m,Nicotinamide adenine dinucleotide phosphate (m),NADP(+),Nucleotide Metabolism,Nucleotide metabolism,-10.271167703800263,r0276
3mob_c,3-methyl-2-oxobutanoate (c),α-Ketoisovalerate,"Valine, Leucine And Isoleucine Biosynthesis",BCAA metabolism (Val/Leu/Iso),8.041255199471992,VALTA
cyst__L_c,L-cystathionine (c),L-Cysth,Cysteine And Methionine Metabolism,AA other,6.0,CYSTS;CYSTGL
cys__L_c,L-cysteine (c),L-Cys,Biosynthesis Of Amino Acids,AA other,6.0,CYSTGL
hcys__L_c,L-homocysteine (c),Hcy,Folate Metabolism,Folate Metabolism,6.0,CYSTS;AHC
amet_c,S-Adenosyl-L-methionine (c),SAM,Folate Metabolism,Folate Metabolism,6.0,METAT
nadp_c,Nicotinamide adenine dinucleotide phosphate (c),NADP(+),Purine Metabolism,Nitrogen disposal,-6.0,GMPR
dag_hs_c,diglyceride (c),Diglyceride,Sphingolipid Metabolism,Lipid metabolism,-6.0,SMS
pro__L_m,L-proline (m),L-Pro,"Transport, Mitochondrial",Mitochondrial transport,-6.0,PROtm
crn_c,L-Carnitine (c),L-Carnitine,"Transport, Endoplasmic Reticulum","Transport, Endoplasmic Reticulum",6.0,r0998
thr__L_c,L-Threonine (c),L-Thr,"Alanine, Aspartate And Glutamate Metabolism",AA other,-6.0,THRD__L
2obut_c,2-Oxobutanoate (c),α-Ketobutyrate,Biosynthesis Of Amino Acids,AA other,-5.539004142888867,THRD__L;CYSTGL
atp_m,ATP (m),ATP/ADP,Arginine Biosynthesis,AA other,6.0,r0034
amet_c,S-Adenosyl-L-methionine (c),SAM,Cysteine And Methionine Metabolism,AA other,6.0,METAT
nh4_c,Ammonium (c),NH4,Extracellular Transport,Extracellular Transport,-10.327646413282011,NH4t
crn_r,L-Carnitine (r),L-Carnitine,"Transport, Endoplasmic Reticulum","Transport, Endoplasmic Reticulum",6.0,r0998
pi_m,hydrogenphosphate (m),HPO4,Nucleotide Interconversion,Nucleotide metabolism,-6.0,NTD9m
fru_e,D-Fructose (e),D-Fructose,Starch And Sucrose Metabolism,Starch And Sucrose Metabolism,-6.0,RE0915C
cbp_c,Carbamoyl phosphate (c),Carbamoyl phosphate,"Transport, Mitochondrial",Mitochondrial transport,6.0,HUMANGEM_MAR08651
adp_c,ADP (c),ATP/ADP,Fructose And Mannose Metabolism,Fructose And Mannose Metabolism,-6.0,TRIOK;KHK
h_c,proton (c),H,Arginine And Proline Metabolism,Arginine And Proline Metabolism,6.0,CRTNsyn;GACMTRc
gudac_c,guanidinoacetic acid (c),Glycocyamine,"Glycine, Serine And Threonine Metabolism",AA other,6.0,GLYAMDTRc;GACMTRc
ala__L_c,L-alanine (c),L-Ala,"Alanine, Aspartate And Glutamate Metabolism",AA other,5.1575924416728265,ALATA__L
akg_m,2-Oxoglutarate (m),α-KG,"Phenylalanine, Tyrosine And Tryptophan Biosynthesis",AAA metabolism (Trp/Phe/Tyr),-2.560216441439568,PHETA1m
nadp_r,Nicotinamide adenine dinucleotide phosphate (r),NADP(+),Pentose Phosphate Pathway,Redox & Pentose Metabolism,6.0,G6PDH1rer
h_m,proton (m),H,Arginine And Proline Metabolism,Arginine And Proline Metabolism,-5.9976808088231675,PRO1xm;r0074
ala__L_c,L-alanine (c),L-Ala,Extracellular Transport,Extracellular Transport,4.587179408484942,ALAtN1;ALAPAT4te;r1402
btn_e,Biotin (e),Biotin,Extracellular Transport,Extracellular Transport,6.0,BTNTe;HMR_9609
nh4_e,Ammonium (e),NH4,Extracellular Transport,Extracellular Transport,-10.327646413282011,NH4t
glu__L_c,L-glutamate(1-) (c),L-Glu,"Valine, Leucine And Isoleucine Biosynthesis",BCAA metabolism (Val/Leu/Iso),6.873404852614875,VALTA;ILETA
glu5sa_m,L-Glutamate 5-semialdehyde (m),L-Glutamate 5-semialdehyde,Arginine And Proline Metabolism,Arginine And Proline Metabolism,6.0,r0074;ORNTArm
imp_m,IMP (m),Purine NTPs,"Transport, Mitochondrial",Mitochondrial transport,-10.271167703800263,HUMANGEM_MAR20145
val__L_c,L-valine (c),L-Val,"Valine, Leucine And Isoleucine Degradation",BCAA metabolism (Val/Leu/Iso),8.041255199471992,VALTA
nh4_c,Ammonium (c),NH4,Nucleotide Metabolism,Nucleotide metabolism,-6.0,GMPR
h_c,proton (c),H,Starch And Sucrose Metabolism,Starch And Sucrose Metabolism,8.647610311973907,HEX1;GLGNS1
ppi_c,Diphosphate (c),PPi,"Transport, Endoplasmic Reticulum","Transport, Endoplasmic Reticulum",6.0,PPItr
glu__L_m,L-glutamate(1-) (m),L-Glu,"Valine, Leucine And Isoleucine Degradation",BCAA metabolism (Val/Leu/Iso),6.0,VALTAm
creat_c,creatine (c),Creatine,Arginine And Proline Metabolism,Arginine And Proline Metabolism,6.0,CKc;GACMTRc
pyr_c,pyruvate (c),Pyr,Arginine Biosynthesis,AA other,5.1575924416728265,ALATA__L
pmtcrn_c,Palmitoyl-CoA (n-C16:0CoA) (c),Palmitoyl-CoA (n-C16:0CoA),Fatty Acid Metabolism,Lipid metabolism,6.0,C160CPT1
adp_c,ADP (c),ATP/ADP,Arginine And Proline Metabolism,Arginine And Proline Metabolism,6.0,CKc
gmp_m,GMP (m),Purine NTPs,Nucleotide Interconversion,Nucleotide metabolism,-6.0,NTD9m
pi_c,hydrogenphosphate (c),HPO4,Urea Cycle,Nitrogen disposal,6.0,CRTNsyn
nadh_m,Nicotinamide adenine dinucleotide - reduced (m),NAD(+),Biosynthesis Of Amino Acids,AA other,-6.0,PRO1xm
orn_m,Ornithine (m),Orn,Arginine And Proline Metabolism,Arginine And Proline Metabolism,6.0,ORNTArm
h_m,proton (m),H,Purine Metabolism,Nitrogen disposal,-10.271167703800263,r0276
h_r,proton (r),H,Pentose Phosphate Pathway,Redox & Pentose Metabolism,6.0,PGLer;G6PDH1rer
pmtcoa_c,Palmitoyl-CoA (n-C16:0CoA) (c),Palmitoyl-CoA (n-C16:0CoA),Fatty Acid Metabolism,Lipid metabolism,6.0,C160CPT1
cbp_m,Carbamoyl phosphate (m),Carbamoyl phosphate,Nitrogen Metabolism,Nitrogen disposal,6.0,r0034
gsn_m,Guanosine (m),Guanosine,Nucleotide Interconversion,Nucleotide metabolism,-6.0,NTD9m
adn_c,Adenosine (c),Ado,Folate Metabolism,Folate Metabolism,6.0,AHC
akg_m,2-Oxoglutarate (m),α-KG,Urea Cycle,Nitrogen disposal,6.0,ORNTArm
phe__L_m,L-phenylalanine (m),L-Phe,Biosynthesis Of Amino Acids,AA other,-2.560216441439568,PHETA1m
pi_m,hydrogenphosphate (m),HPO4,Arginine Biosynthesis,AA other,6.0,r0034
met__L_c,L-methionine (c),L-Met,Cysteine And Methionine Metabolism,AA other,6.0,METAT
h2o_c,Water (c),H2O,"Transport, Endoplasmic Reticulum","Transport, Endoplasmic Reticulum",6.0,H2Oter
co2_m,carbon dioxide (m),CO2,Urea Cycle,Nitrogen disposal,6.0,r0034
akg_m,2-Oxoglutarate (m),α-KG,Pantothenate And Coa Biosynthesis,Pantothenate And Coa Biosynthesis,6.0,VALTAm
cys__L_c,L-cysteine (c),L-Cys,Folate Metabolism,Folate Metabolism,6.0,CYSTGL
hco3_c,Bicarbonate (c),HCO3,"Alanine, Aspartate And Glutamate Metabolism",AA other,-6.0,CBPS
gudac_c,guanidinoacetic acid (c),Glycocyamine,Arginine And Proline Metabolism,Arginine And Proline Metabolism,6.0,GLYAMDTRc;GACMTRc
malttr_e,maltotriose (e),Maltotriose,Starch And Sucrose Metabolism,Starch And Sucrose Metabolism,-6.0,RE0915E;RE0915C
val__L_m,L-valine (m),L-Val,"Transport, Mitochondrial",Mitochondrial transport,6.0,VALt5m
cys__L_c,L-cysteine (c),L-Cys,Cysteine And Methionine Metabolism,AA other,6.0,CYSTGL
2obut_c,2-Oxobutanoate (c),α-Ketobutyrate,"Glycine, Serine And Threonine Metabolism",AA other,-5.539004142888867,THRD__L;CYSTGL
phe__L_c,L-phenylalanine (c),L-Phe,Phenylalanine Metabolism,AAA metabolism (Trp/Phe/Tyr),-2.560216441439568,PHETA1
pmtcoa_r,Palmitoyl-CoA (n-C16:0CoA) (r),Palmitoyl-CoA (n-C16:0CoA),Sphingolipid Metabolism,Lipid metabolism,6.0,SERPTr
sphmyln_hs_r,sphingomyelin betaine (r),Sphingomyelin betaine,"Transport, Endoplasmic Reticulum","Transport, Endoplasmic Reticulum",6.0,HUMANGEM_MAR00771
phpyr_c,keto-phenylpyruvate (c),Phenylpyruvate,"Phenylalanine, Tyrosine And Tryptophan Biosynthesis",AAA metabolism (Trp/Phe/Tyr),-2.560216441439568,PHETA1
ser__L_c,L-serine (c),L-ser,"Glycine, Serine And Threonine Metabolism",AA other,6.0,CYSTS
orn_c,Ornithine (c),Orn,Urea Cycle,Nitrogen disposal,6.0,GLYAMDTRc
