Subsystems,Increased,Decreased,On,Off,Unchanged,Increased_reactions,Decreased_reactions,Reversed_reactions,On_reactions,Off_reactions,Unchanged_reactions,n_reactions,flux_fast,flux_slow,total_flux_shift,mean_flux_shift
2-oxocarboxylic Acid Metabolism,0,0,1,1,12,,,,PDHm (1000.00),ASPTAm (2000.00),2OXOADOXm (0.98); ACONTm (0.97); AKGDm (0.97); ALATA__L (1.01); ASPTA (0.97); CSm (0.97); ICDHym (0.97); ILETA (0.99); PHETA1 (1.02); PHETA1m (1.02); VALTA (0.98); r0450 (0.98),14,27.188303893287618,26.99672119363643,0.1915826996511889,0.013684478546513492
"AA central (A/D/E,G/S/T)",0,2,1,4,16,,r0552 (0.66); r0553 (0.66),,r0034 (1000.00),ASPTAm (2000.00); CBPS (2000.00); P5CDm (2000.00); THRD__L (2000.00),ADSL1 (1.11); ADSS (1.11); ALATA__L (1.01); ASPCTr (1.11); ASPTA (0.97); GHMT2rm (1.11); GLUDxm (1.00); GLUNm (1.00); GLUPRT (1.11); PGCD (1.11); PGM (0.99); PSERT (1.11); PSP__Lm (1.11); r0295 (1.11); r0552m (0.97); r0553m (0.97),23,36.65032888440731,47.849651605313255,-11.199322720905947,-0.4869270748219977
AA other (Cys/Met/Lys/Arg/Pro),0,0,4,3,14,,,,ARGNm (1000.00); ORNTArm (1000.00); r0034 (1000.00); r0074 (1000.00),ASPTAm (2000.00); CBPS (2000.00); PRO1xm (2000.00),2OXOADOXm (0.98); ACACT1r (1.11); ALATA__L (1.01); ASPTA (0.97); ECOAH1m (0.98); GLUDxm (1.00); GLUNm (1.00); HACD1m (0.98); PGCD (1.11); PSERT (1.11); SACCD3m (0.98); r0450 (0.98); r0525 (0.98); r0594m (0.98),21,2.8157396473961263,3.5193415796085583,-0.7036019322124321,-0.033504853914877716
AAA metabolism (Trp/Phe/Tyr),0,0,0,0,12,,,,,,2OXOADOXm (0.98); 3HKYNAKGAT (1.11); ACACT1r (1.11); ECOAH1m (0.98); FKYNH (1.11); HACD1m (0.98); KYN3OX (1.11); PHETA1 (1.02); PHETA1m (1.02); TRPO2 (1.11); r0541 (0.98); r0647 (1.11),12,21.138146016978254,20.816310647225176,0.321835369753078,0.026819614146089837
Ascorbate And Aldarate Metabolism,0,0,0,0,1,,,,,,DASCBR (0.96),1,0.0308754843777095,0.0320711559558429,-0.001195671578133401,-0.001195671578133401
BCAA metabolism (Val/Leu/Iso),0,0,0,1,22,,,,,THRD__L (2000.00),3HBCOAHLm (0.98); AACOAT (1.11); ACACT10m (0.99); ACACT1r (1.11); ECOAH12m (0.98); ECOAH9m (0.99); HACD9m (0.99); HIBDm (0.98); HMGCOASim (0.98); HMGLm (0.98); ILETA (0.99); MMEm (0.98); MMMm (0.98); MMSAD1m (0.98); PPCOACm (0.98); VALTA (0.98); r0385 (0.98); r0560 (0.98); r0561 (0.98); r0603 (0.99); r0604 (0.99); r0670 (0.99),23,1.0270939161903687,1.0416067084148477,-0.014512792224478988,-0.0006309909662816951
Beta-alanine Metabolism,0,0,0,3,0,,,,,APAT2rm (2000.00); ASP1DCm (2000.00); MMSAD3m (2000.00),,3,0.0,2.4183558951577337,-2.4183558951577337,-0.8061186317192446
Biomass And Maintenance Functions,0,0,0,0,2,,,,,,ATPM (1.00); BIOMASS_maintenance (1.11),2,18.508992700819856,18.508125396865584,0.0008673039542728134,0.0004336519771364067
Biosynthesis Of Amino Acids,0,1,2,3,19,,PCm (0.50),,ARGNm (1000.00); r0034 (1000.00),ASPTAm (2000.00); PRO1xm (2000.00); THRD__L (2000.00),ACONTm (0.97); ALATA__L (1.01); ASPTA (0.97); CSm (0.97); ENO (0.99); GHMT2rm (1.11); ICDHym (0.97); ILETA (0.99); PGCD (1.11); PGK (0.99); PGM (0.99); PHETA1 (1.02); PHETA1m (1.02); PRPPS (1.09); PSERT (1.11); PYK (0.99); RPI (1.11); VALTA (0.98); r0450 (0.98),25,65.33641141678922,67.05506487709923,-1.7186534603100085,-0.06874613841240035
Butanoate Metabolism,0,0,0,0,6,,,,,,AACOAT (1.11); ACACT1r (1.11); ECOAH1m (0.98); HACD1m (0.98); HMGCOASim (0.98); HMGLm (0.98),6,0.211229149531774,0.2101461505641662,0.0010829989676078011,0.0001804998279346335
Central Energy Metabolism,1,1,3,0,20,HEX1 (868.37),PCm (0.50),,PDHm (1000.00); PFK (1000.00); PGI (1000.00),,ACACT1r (1.11); ACCOAC (1.11); ACONTm (0.97); AKGDm (0.97); CSm (0.97); ENO (0.99); FUM (1.11); FUMm (0.97); GAPD (0.99); GCC2cm (0.98); ICDHym (0.97); MDH (0.97); ME2m (0.97); PGK (0.99); PGM (0.99); PGMT (1.11); PYK (0.99); SUCOAS1m (0.97); TPI (0.99); r0509 (0.97),25,81.02243605157086,67.02373961742478,13.998696434146083,0.5599478573658433
Cyanoamino Acid Metabolism,0,0,0,0,1,,,,,,GHMT2rm (1.11),1,0.0045156622351697,0.0040801477224591,0.00043551451271060023,0.00043551451271060023
Extracellular Transport,1,3,1,1,40,ARGLYSex (10.54),GLUt4 (0.80); NH4t (0.08); PROt4 (0.12),,UREAt (1000.00),2HBt2 (2000.00),2HCO3_NAt (1.00); 5MTHFt (0.95); 5MTHFt2le (0.95); ACACt2 (0.90); ALAPAT4te (1.07); ALAtN1 (0.96); ASNtN1 (1.11); ASPt6 (1.00); CHOLESTTDe (1.11); CHOLESTle (1.11); CHOLtu (1.11); CO2t (0.97); CYSt4 (1.11); CYTDt (1.11); FOLt2 (0.95); FOLt2le (0.95); GLCt1 (0.99); GLNtN1 (1.00); H2O2t (0.99); HIStN1 (1.11); ILEtec (1.00); INSTt4_2 (1.11); KCCt (1.00); METt4 (1.11); NAHCO3_HCLt (1.00); O2t (0.98); PCt (1.11); PHEt4 (1.11); PIt9 (1.11); PSFLIP (1.11); PYRt2 (0.99); RTOTALt (1.11); SERt4 (1.11); THRt4 (0.81); TRPt (1.11); TYRPHELAT2tc (1.11); URIt5 (1.11); VALtec (1.00); r1030 (1.11); r1402 (1.11),46,50.04142339166459,50.97941406865277,-0.9379906769881856,-0.02039110167365621
Fatty Acid Elongation,0,0,0,0,1,,,,,,ACACt2 (0.90),1,0.0237836512470654,0.0263120955210871,-0.0025284442740217024,-0.0025284442740217024
Folate Metabolism,0,2,0,0,6,,r0552 (0.66); r0553 (0.66),,,,AICART (1.11); FTHFL (1.11); GARFT (1.11); GHMT2rm (1.11); r0226 (1.11); r0295 (1.11),8,19.708798613293958,29.84079885470208,-10.132000241408122,-1.2665000301760152
Fructose And Mannose Metabolism,0,0,0,5,0,,,,,FBA2 (2000.00); KHK (2000.00); SBTD__D2 (2000.00); SBTR (2000.00); TRIOK (2000.00),,5,0.0,24.92433190750134,-24.92433190750134,-4.984866381500268
Glyoxylate And Dicarboxylate Metabolism,0,0,0,0,10,,,,,,ACACT1r (1.11); CSm (0.97); GHMT2rm (1.11); GLYCLTDy (0.99); GLYCTO1p (0.99); MDH (0.97); MMEm (0.98); MMMm (0.98); PPCOACm (0.98); r0295 (1.11),10,20.64966942687751,20.850901165233477,-0.2012317383559683,-0.02012317383559683
Inositol Phosphate Metabolism,0,0,0,1,0,,,,,MMSAD3m (2000.00),,1,0.0,0.8061186317192445,-0.8061186317192445,-0.8061186317192445
Lipid metabolism,1,0,6,3,32,PSSA1_hs (1.46),,,3DSPHRr (1000.00); C160CPT1 (1000.00); PSSA1r_hs (1000.00); SERPTr (1000.00); SMSr (1000.00); r0434 (1000.00),3DSPHR (2000.00); SERPT (2000.00); SMS (2000.00),ACACT1r (1.11); ACACt2 (0.90); ACCOAC (1.11); AGPAT1 (1.11); ARTPLM2 (1.11); ARTPLM3 (1.11); CDIPTr (1.11); CDS (1.11); CEPTC (1.11); CHLPCTD (1.11); CHOLK (1.11); CLSm_hs (1.11); DAGK_hs (1.11); DGAT (1.11); DSAT (1.11); ECOAH1m (0.98); FAS100COA (1.11); FAS120COA (1.11); FAS140COA (1.11); FAS160COA (1.11); FAS80COA__L (1.11); GPAM_hs (1.11); GPDDA1 (1.11); HACD1m (0.98); HMGCOASim (0.98); HMGLm (0.98); LPASE (1.11); PGPPTm (1.11); PGPP_hs (1.11); PSDm_hs (1.11); RE2675C (1.11); r0202c (1.11),42,0.3152122246232146,0.3082272764718127,0.006984948151401882,0.0001663082893190924
Lysine Biosynthesis,0,0,0,0,1,,,,,,r0450 (0.98),1,0.0431327420043175,0.0437950569343901,-0.0006623149300725995,-0.0006623149300725995
Methane Metabolism,0,0,0,0,6,,,,,,ENO (0.99); GHMT2rm (1.11); MDH (0.97); PGCD (1.11); PGM (0.99); PSERT (1.11),6,19.805394187006744,19.978130422677427,-0.1727362356706834,-0.028789372611780568
Mitochondrial transport,1,0,5,2,28,HUMANGEM_MAR20139 (1.46),,,ARGtm (1000.00); HUMANGEM_MAR04951 (1000.00); HUMANGEM_MAR08651 (1000.00); HUMANGEM_MAR13075 (1000.00); HUMANGEM_MAR20136 (1000.00),HUMANGEM_MAR05036 (2000.00); PROtm (2000.00),3MOBt2im (0.98); AKGMALtm (1.02); ATPtm (1.02); CO2tm (0.97); DHORD9 (1.11); DNDPt14m (1.11); GLNtm (1.00); GLUt2m (1.01); GLYtm (1.11); H2Otm (1.00); HUMANGEM_MAR00120 (1.11); HUMANGEM_MAR00587 (1.11); HUMANGEM_MAR05116 (1.02); HUMANGEM_MAR08093 (0.99); HUMANGEM_MAR08891 (1.11); HUMANGEM_MAR11363 (1.11); HUMANGEM_MAR11371 (1.11); HUMANGEM_MAR11443 (1.02); HUMANGEM_MAR20145 (1.11); HUMANGEM_MAR20147 (1.11); HUMANGEM_MAR20148 (1.11); LYStm (0.98); MALtm (1.02); O2Stm (0.96); O2tm (0.96); PPItm (1.11); PSERtm (1.11); r1464 (0.98),36,77.22766055696867,76.49164455131043,0.736016005658243,0.020444889046062304
Nitrogen disposal,0,1,4,1,32,,r1418m (0.52),,ARGNm (1000.00); ORNTArm (1000.00); r0034 (1000.00); r0074 (1000.00),PUNP3 (2000.00),ADK1 (1.11); ADSL1 (1.11); ADSL2 (1.11); ADSS (1.11); AICART (1.11); AIRCr (1.11); ATPM (1.00); GARFT (1.11); GK1 (1.11); GLUDxm (1.00); GLUPRT (1.11); GUAPRT (1.08); IMPC (1.11); NDPK1 (1.11); NDPK10 (1.11); NDPK10n (1.11); NDPK1m (0.97); NDPK5 (1.11); NDPK8 (1.11); NDPK8m (1.11); NTD7 (1.11); NTD8 (1.11); PPM (1.08); PRAGSr (1.11); PRASCS (1.11); PRFGS (1.11); PRPPS (1.09); PUNP1 (1.11); PUNP2 (1.11); PUNP4 (1.11); r0276 (1.11); r1418c (1.06),38,21.769650651691695,22.496014106879212,-0.7263634551875171,-0.019114827768092556
Nucleotide Salvage Pathway,0,0,0,0,1,,,,,,GUAPRT (1.08),1,0.0064221103112625,0.0059221711294043,0.0004999391818582,0.0004999391818582
Nucleotide metabolism,0,0,0,3,61,,,,,CBPS (2000.00); NTD9m (2000.00); PUNP3 (2000.00),ADK1 (1.11); ADKd (1.11); ADSL1 (1.11); ADSL2 (1.11); ADSS (1.11); AICART (1.11); AIRCr (1.11); ASPCTr (1.11); ATPM (1.00); CTPS2 (1.11); CYTDK1 (1.11); CYTDe (1.11); CYTK1 (1.11); CYTK12 (1.11); CYTK1m (1.11); DADNK (1.11); DCMPDA (1.11); DGK1 (1.11); DHORTS (1.11); DURIK1 (1.11); DURIPP (1.11); DUTPDPm (1.11); GARFT (1.11); GK1 (1.11); GLUPRT (1.11); GUAPRT (1.08); IMPC (1.11); NDPK1 (1.11); NDPK10 (1.11); NDPK10n (1.11); NDPK1m (0.97); NDPK3m (1.11); NDPK4n (1.11); NDPK5 (1.11); NDPK6m (1.11); NDPK8 (1.11); NDPK8m (1.11); NTD2 (1.11); NTD7 (1.11); NTD8 (1.11); OMPDC (1.11); ORPT (1.11); PRAGSr (1.11); PRASCS (1.11); PRFGS (1.11); PUNP1 (1.11); PUNP2 (1.11); PUNP4 (1.11); PYNP2r (1.11); RE0452M (1.11); RNDR2 (1.11); RNDR3 (1.11); R_group_phosphotase_1 (1.11); TMDSm (1.11); TRDR (1.11); UMPK2m (1.11); URIDK2 (1.11); r0276 (1.11); r0475 (1.11); r0531 (1.11); r0666 (1.11),64,20.271369675380527,20.296377017560786,-0.025007342180259684,-0.00039073972156655756
Oxidative Phosphorylation,0,0,0,0,5,,,,,,ATPS4m (0.93); CYOOm3 (0.96); CYOR_u10m (0.96); NADH2_u10m (0.96); PPAm (1.11),5,22.735542395015546,23.892446683491862,-1.1569042884763157,-0.23138085769526312
Pantothenate And Coa Biosynthesis,0,0,0,0,1,,,,,,VALTA (0.98),1,0.0408642432955002,0.0417453443210777,-0.0008811010255775006,-0.0008811010255775006
Propanoate Metabolism,0,0,0,3,5,,,,,2HBO (2000.00); APAT2rm (2000.00); MMSAD3m (2000.00),ACCOAC (1.11); MMEm (0.98); MMMm (0.98); PPCOACm (0.98); SUCOAS1m (0.97),8,1.8180906165125934,3.4807032593557805,-1.662612642843187,-0.2078265803553984
Pseudoreactions,1,3,1,1,31,EX_arg__L_e (10.54),EX_glu__L_e (0.60); EX_nh4_e (0.66); EX_pro__L_e (0.12),,EX_urea_e (1000.00),EX_2hb_e (2000.00),EX_C02470_e (1.11); EX_acac_e (0.90); EX_ala__L_e (1.01); EX_asn__L_e (1.11); EX_asp__L_e (1.00); EX_cgly_e (1.00); EX_chol_e (1.11); EX_chsterol_e (1.11); EX_co2_e (0.97); EX_cys__L_e (1.11); EX_glc__D_e (0.99); EX_gln__L_e (1.00); EX_gthrd_e (1.00); EX_h2o2_e (0.99); EX_h2o_e (0.95); EX_h_e (0.99); EX_his__L_e (1.11); EX_ile__L_e (1.00); EX_inost_e (1.11); EX_leu__L_e (1.11); EX_lys__L_e (1.00); EX_met__L_e (1.11); EX_o2_e (0.98); EX_phe__L_e (1.11); EX_pi_e (1.11); EX_pyr_e (0.99); EX_ser__L_e (1.11); EX_thr__L_e (0.81); EX_trp__L_e (1.11); EX_tyr__L_e (1.11); EX_val__L_e (1.00),37,52.57066055173458,53.27588016892482,-0.7052196171902381,-0.01905998965379022
Purine Catabolism,0,0,0,1,3,,,,,PUNP3 (2000.00),PUNP2 (1.11); PUNP4 (1.11); r0276 (1.11),4,0.007288530057153701,0.006705028741212599,0.0005835013159411016,0.0001458753289852754
Redox & Pentose Metabolism,0,0,3,0,9,,,,FBA (1000.00); G6PDH1rer (1000.00); PGLer (1000.00),,G6PDH2r (1.04); GALU (1.11); GND (1.11); ICDHym (0.97); PGL (1.04); PPM (1.08); PRPPS (1.09); RPI (1.11); r0130 (1.00),12,5.84854921998372,0.9284895962514542,4.920059623732266,0.4100049686443555
Starch And Sucrose Metabolism,1,0,0,0,2,HEX1 (868.37),,,,,GLBRAN (1.11); GLGNS1 (1.11),3,4.948753416559033,0.0061158155876251,4.942637600971407,1.647545866990469
Taurine And Hypotaurine Metabolism,0,0,0,0,1,,,,,,GLUDxm (1.00),1,0.4800831685609557,0.4820040538435246,-0.0019208852825689515,-0.0019208852825689515
Terpenoid Backbone Biosynthesis,0,0,0,0,2,,,,,,ACACT1r (1.11); HMGCOASim (0.98),2,0.0624818327615695,0.061278018347693,0.0012038144138765,0.00060190720693825
"Transport, Endoplasmic Reticulum",0,0,13,0,1,,,,CO2ter (1000.00); DAG_HSter (1000.00); G6Pter (1000.00); H2Oter (1000.00); HUMANGEM_MAR00466 (1000.00); HUMANGEM_MAR00730 (1000.00); HUMANGEM_MAR00771 (1000.00); HUMANGEM_MAR03953 (1000.00); HUMANGEM_MAR08526 (1000.00); HUMANGEM_MAR08737 (1000.00); PIter (1000.00); PPItr (1000.00); r0998 (1000.00),,PE_HSter (1.11),14,0.0053131034693045,0.0004062698432792,0.0049068336260253,0.0003504881161446643
"Transport, Endosomal",1,0,0,0,2,LYSt5r (1.83),,,,,LEUt4 (1.11); LPCHOLt (1.11),3,0.11552941411025039,0.068774728881861,0.046754685228389395,0.015584895076129798
"Transport, Nuclear",0,0,0,0,4,,,,,,DIDPtn (1.11); DITPtn (1.11); DTDPtn (1.11); DTTPtn (1.11),4,0.0012589781150073999,0.0011375555604994,0.00012142255450799978,3.0355638626999946e-05
"Transport, Peroxisomal",0,0,0,0,4,,,,,,H2O2tp (0.99); HUMANGEM_MAR07705 (0.99); HUMANGEM_MAR07707 (0.99); O2tp (0.99),4,38.99690337938986,39.345318420168276,-0.3484150407784128,-0.0871037601946032
Unknown,0,0,0,0,1,,,,,,LCAT1e (1.11),1,0.0023699093947123,0.0021413427137655,0.00022856668094680017,0.00022856668094680017
Vitamin C Metabolism,0,0,0,0,1,,,,,,ASCBOX (0.96),1,0.0308754843777095,0.0320711559558429,-0.001195671578133401,-0.001195671578133401
