Pathway Groups,Pathways,Increased,Decreased,Reversed,On,Off,Unchanged,Increased_reactions,Decreased_reactions,Reversed_reactions,On_reactions,Off_reactions,Unchanged_reactions,n_reactions,flux_fast,flux_slow,total_flux_shift,mean_flux_shift
"2-oxocarboxylic Acid Metabolism; AA central (A/D/E,G/S/T); AA other (Cys/Met/Lys/Arg/Pro); Biosynthesis Of Amino Acids; Nucleotide metabolism; Nitrogen disposal; Taurine And Hypotaurine Metabolism",Arginine Biosynthesis,0,0,2,1,1,2,,,ALATA__L (3000.00); GLUDxm (3000.00),r0034 (1000.00),CBPS (2000.00),ASPTA (1.00); GLUNm (1.01),6,2.199990103912897,1.3632593407448614,0.8367307631680356,0.1394551271946726
"2-oxocarboxylic Acid Metabolism; AA other (Cys/Met/Lys/Arg/Pro); AAA metabolism (Trp/Phe/Tyr); Biosynthesis Of Amino Acids; Central Energy Metabolism; AA central (A/D/E,G/S/T); Glyoxylate And Dicarboxylate Metabolism; Redox & Pentose Metabolism; BCAA metabolism (Val/Leu/Iso); Pantothenate And Coa Biosynthesis; Lysine Biosynthesis",2-oxocarboxylic Acid Metabolism,1,2,1,1,0,9,VALTA (263.43),PHETA1 (0.17); PHETA1m (0.17),ALATA__L (3000.00),VALTAm (1000.00),,2OXOADOXm (1.00); ACONTm (0.95); AKGDm (0.95); ASPTA (1.00); CSm (0.95); ICDHym (0.95); ILETA (1.00); PDHm (0.95); r0450 (1.00),14,27.325935000667112,31.242756581950612,-3.9168215812835,-0.27977297009167856
2-oxocarboxylic Acid Metabolism; AA other (Cys/Met/Lys/Arg/Pro); AAA metabolism (Trp/Phe/Tyr); Biosynthesis Of Amino Acids; Lysine Biosynthesis,Lysine Metabolism,0,0,0,0,0,5,,,,,,2OXOADOXm (1.00); SACCD3m (1.00); r0450 (1.00); r0525 (1.00); r0594m (1.00),5,0.1845135924638195,0.184513592463313,5.064837438339964e-13,1.0129674876679928e-13
2-oxocarboxylic Acid Metabolism; AA other (Cys/Met/Lys/Arg/Pro); AAA metabolism (Trp/Phe/Tyr); Butanoate Metabolism; Lipid metabolism; Glyoxylate And Dicarboxylate Metabolism; Central Energy Metabolism; Terpenoid Backbone Biosynthesis; BCAA metabolism (Val/Leu/Iso),Tryptophan Metabolism,0,0,0,0,0,10,,,,,,2OXOADOXm (1.00); 3HKYNAKGAT (1.00); ACACT1r (1.00); ECOAH1m (1.00); FKYNH (1.00); HACD1m (1.00); KYN3OX (1.00); TRPO2 (1.00); r0541 (1.00); r0647 (1.00),10,0.2181889498501051,0.2181889498541976,-4.092504113373252e-12,-4.092504113373252e-13
2-oxocarboxylic Acid Metabolism; Biosynthesis Of Amino Acids; AAA metabolism (Trp/Phe/Tyr),Phenylalanine Metabolism,0,2,0,0,0,0,,PHETA1 (0.17); PHETA1m (0.17),,,,,2,4.487826848421466,26.469030639575134,-21.981203791153668,-10.990601895576834
2-oxocarboxylic Acid Metabolism; Biosynthesis Of Amino Acids; AAA metabolism (Trp/Phe/Tyr),"Phenylalanine, Tyrosine And Tryptophan Biosynthesis",0,2,0,0,0,0,,PHETA1 (0.17); PHETA1m (0.17),,,,,2,4.487826848421466,26.469030639575134,-21.981203791153668,-10.990601895576834
"2-oxocarboxylic Acid Metabolism; Biosynthesis Of Amino Acids; Central Energy Metabolism; AA central (A/D/E,G/S/T); AA other (Cys/Met/Lys/Arg/Pro); Glyoxylate And Dicarboxylate Metabolism; Folate Metabolism; Methane Metabolism; Cyanoamino Acid Metabolism; Redox & Pentose Metabolism; BCAA metabolism (Val/Leu/Iso); AAA metabolism (Trp/Phe/Tyr); Nitrogen disposal; Pantothenate And Coa Biosynthesis; Lysine Biosynthesis",Biosynthesis Of Amino Acids,5,2,1,5,2,12,ENO (1.59); PGK (1.59); PGM (1.59); PYK (1.59); VALTA (263.43),PHETA1 (0.17); PHETA1m (0.17),ALATA__L (3000.00),CYSTGL (1000.00); CYSTS (1000.00); METAT (1000.00); VALTAm (1000.00); r0034 (1000.00),PRO1xm (2000.00); THRD__L (2000.00),ACONTm (0.95); ASPTA (1.00); CSm (0.95); GHMT2rm (1.00); ICDHym (0.95); ILETA (1.00); PCm (0.95); PGCD (1.00); PRPPS (0.99); PSERT (1.00); RPI (1.00); r0450 (1.00),27,65.90721394288157,55.00272604086838,10.904487902013187,0.4038699222967847
2-oxocarboxylic Acid Metabolism; Biosynthesis Of Amino Acids; Central Energy Metabolism; Glyoxylate And Dicarboxylate Metabolism; Redox & Pentose Metabolism; Methane Metabolism; Propanoate Metabolism,Citric Acid Cycle,0,0,0,0,0,10,,,,,,ACONTm (0.95); AKGDm (0.95); CSm (0.95); FUM (1.00); FUMm (0.95); ICDHym (0.95); MDH (1.00); PCm (0.95); SUCOAS1m (0.95); r0509 (0.95),10,8.646817059842247,9.099890439790721,-0.4530733799484743,-0.04530733799484743
2-oxocarboxylic Acid Metabolism; Biosynthesis Of Amino Acids; Lysine Biosynthesis; AA other (Cys/Met/Lys/Arg/Pro),Lysine Biosynthesis,0,0,0,0,0,1,,,,,,r0450 (1.00),1,0.0369027184927639,0.0369027184926626,1.0130091210314163e-13,1.0130091210314163e-13
2-oxocarboxylic Acid Metabolism; Biosynthesis Of Amino Acids; Pantothenate And Coa Biosynthesis; BCAA metabolism (Val/Leu/Iso),Pantothenate And Coa Biosynthesis,1,0,0,1,0,0,VALTA (263.43),,,VALTAm (1000.00),,,2,17.130286637274377,0.0325762222102904,17.097710415064086,8.548855207532043
"AA central (A/D/E,G/S/T); AA other (Cys/Met/Lys/Arg/Pro); Nitrogen disposal; Taurine And Hypotaurine Metabolism",Taurine And Hypotaurine Metabolism,0,0,1,0,0,0,,,GLUDxm (3000.00),,,,1,0.4700265016348278,0.8291233776920836,-0.35909687605725576,-0.35909687605725576
"AA central (A/D/E,G/S/T); AA other (Cys/Met/Lys/Arg/Pro); Nitrogen disposal; Taurine And Hypotaurine Metabolism; Biosynthesis Of Amino Acids",Nitrogen Metabolism,0,0,1,1,0,2,,,GLUDxm (3000.00),r0034 (1000.00),,r1418c (0.96); r1418m (0.96),4,1.3713501940835808,1.7682031851349773,-0.3968529910513965,-0.09921324776284912
"AA central (A/D/E,G/S/T); Biosynthesis Of Amino Acids; Cyanoamino Acid Metabolism; Folate Metabolism; Glyoxylate And Dicarboxylate Metabolism; Methane Metabolism",Cyanoamino Acid Metabolism,0,0,0,0,0,1,,,,,,GHMT2rm (1.00),1,0.0006002829217112,0.0006002829222357,-5.24499931334188e-13,-5.24499931334188e-13
"AA central (A/D/E,G/S/T); Nucleotide metabolism; AA other (Cys/Met/Lys/Arg/Pro)",Pyrimidine Metabolism,0,0,0,0,1,13,,,,,CBPS (2000.00),ASPCTr (1.00); CTPS2 (1.00); CYTDK1 (1.00); CYTK1 (1.00); CYTK1m (1.00); NDPK3m (1.00); NDPK4n (1.00); NDPK6m (1.00); NTD2 (1.00); OMPDC (1.00); ORPT (1.00); PYNP2r (1.00); URIDK2 (1.00),14,0.0519299781966327,0.054549132643666,-0.0026191544470333047,-0.00018708246050237891
"AA central (A/D/E,G/S/T); Nucleotide metabolism; AA other (Cys/Met/Lys/Arg/Pro)",Pyrimidine Synthesis,0,0,0,0,1,7,,,,,CBPS (2000.00),ASPCTr (1.00); CTPS2 (1.00); OMPDC (1.00); ORPT (1.00); RE0452M (1.00); _DHORD9 (1.00); _DHORTS (1.00),8,0.0229382339736973,0.025557388420265198,-0.0026191544465678993,-0.0003273943058209874
"AA central (A/D/E,G/S/T); Nucleotide metabolism; Nitrogen disposal; 2-oxocarboxylic Acid Metabolism; AA other (Cys/Met/Lys/Arg/Pro); Biosynthesis Of Amino Acids; Cyanoamino Acid Metabolism; Folate Metabolism; Glyoxylate And Dicarboxylate Metabolism; Methane Metabolism; Taurine And Hypotaurine Metabolism; BCAA metabolism (Val/Leu/Iso)","Alanine, Aspartate And Glutamate Metabolism",2,2,2,1,3,10,r0552 (1.60); r0553 (1.60),r0552m (0.61); r0553m (0.61),ALATA__L (3000.00); GLUDxm (3000.00),r0034 (1000.00),CBPS (2000.00); P5CDm (2000.00); THRD__L (2000.00),ADSL1 (1.00); ADSS (1.00); ASPCTr (1.00); ASPTA (1.00); GHMT2rm (1.00); GLUNm (1.01); GLUPRT (1.00); PGCD (1.00); PSERT (1.00); PSP__Lm (1.00),20,26.42977393002095,21.025578450575413,5.404195479445537,0.27020977397227686
"AA other (Cys/Met/Lys/Arg/Pro); Folate Metabolism; Biosynthesis Of Amino Acids; AA central (A/D/E,G/S/T); Methane Metabolism",Cysteine And Methionine Metabolism,0,0,0,4,0,2,,,,AHC (1000.00); CYSTGL (1000.00); CYSTS (1000.00); METAT (1000.00),,PGCD (1.00); PSERT (1.00),6,0.0036016975297004,0.0012005658444714,0.002401131685229,0.00040018861420483337
"AA other (Cys/Met/Lys/Arg/Pro); Folate Metabolism; Nitrogen disposal; Nucleotide metabolism; Biosynthesis Of Amino Acids; AA central (A/D/E,G/S/T); Cyanoamino Acid Metabolism; Glyoxylate And Dicarboxylate Metabolism; Methane Metabolism",Folate Metabolism,2,0,0,4,0,5,r0552 (1.60); r0553 (1.60),,,AHC (1000.00); CYSTGL (1000.00); CYSTS (1000.00); METAT (1000.00),,AICART (1.00); FTHFL (1.00); GARFT (1.00); GHMT2rm (1.00); r0226 (1.00),11,19.898967547664416,12.437998689653444,7.460968858010972,0.6782698961828156
"AA other (Cys/Met/Lys/Arg/Pro); Nitrogen disposal; AA central (A/D/E,G/S/T); Biosynthesis Of Amino Acids",Arginine And Proline Metabolism,0,0,0,6,1,0,,,,CKc (1000.00); CRTNsyn (1000.00); GACMTRc (1000.00); GLYAMDTRc (1000.00); ORNTArm (1000.00); r0074 (1000.00),PRO1xm (2000.00),,7,0.0036016975294227995,0.0383563979182604,-0.0347547003888376,-0.004964957198405372
"AA other (Cys/Met/Lys/Arg/Pro); Nitrogen disposal; AA central (A/D/E,G/S/T); Biosynthesis Of Amino Acids",Urea Cycle,0,0,0,7,0,0,,,,CKc (1000.00); CRTNsyn (1000.00); GACMTRc (1000.00); GLYAMDTRc (1000.00); ORNTArm (1000.00); r0034 (1000.00); r0074 (1000.00),,,7,0.006220851974202899,0.0,0.006220851974202899,0.0008886931391718427
"BCAA metabolism (Val/Leu/Iso); 2-oxocarboxylic Acid Metabolism; Biosynthesis Of Amino Acids; Glyoxylate And Dicarboxylate Metabolism; Propanoate Metabolism; AA central (A/D/E,G/S/T); Pantothenate And Coa Biosynthesis","Valine, Leucine And Isoleucine Biosynthesis",1,0,0,1,1,17,VALTA (263.43),,,VALTAm (1000.00),THRD__L (2000.00),3HBCOAHLm (1.00); ACACT10m (1.00); ECOAH12m (1.00); ECOAH9m (1.00); HACD9m (1.00); HIBDm (1.00); ILETA (1.00); MMEm (1.00); MMMm (1.00); MMSAD1m (1.00); PPCOACm (1.00); r0385 (1.00); r0560 (1.00); r0561 (1.00); r0603 (1.00); r0604 (1.00); r0670 (1.00),20,17.865692215859337,0.7958919642955871,17.06980025156375,0.8534900125781875
BCAA metabolism (Val/Leu/Iso); Butanoate Metabolism; Lipid metabolism; Glyoxylate And Dicarboxylate Metabolism; AA other (Cys/Met/Lys/Arg/Pro); Central Energy Metabolism; Terpenoid Backbone Biosynthesis; AAA metabolism (Trp/Phe/Tyr); 2-oxocarboxylic Acid Metabolism; Biosynthesis Of Amino Acids; Propanoate Metabolism; Pantothenate And Coa Biosynthesis,"Valine, Leucine And Isoleucine Degradation",1,0,0,1,0,14,VALTA (263.43),,,VALTAm (1000.00),,3HBCOAHLm (1.00); AACOAT (1.00); ACACT10m (1.00); ACACT1r (1.00); ECOAH12m (1.00); ECOAH9m (1.00); HACD9m (1.00); HMGCOASim (1.00); HMGLm (1.00); ILETA (1.00); MMEm (1.00); MMMm (1.00); MMSAD1m (1.00); PPCOACm (1.00),16,17.76010519404663,0.6623947789773661,17.097710415069265,1.068606900941829
Biomass And Maintenance Functions; Nucleotide metabolism; Nitrogen disposal,Biomass And Maintenance Functions,0,0,0,0,0,2,,,,,,ATPM (1.00); BIOMASS_maintenance (1.00),2,18.51715094062608,18.517150940626227,-1.4566126083082054e-13,-7.283063041541027e-14
"Biosynthesis Of Amino Acids; AA other (Cys/Met/Lys/Arg/Pro); Folate Metabolism; AA central (A/D/E,G/S/T); Nitrogen disposal; Cyanoamino Acid Metabolism; Glyoxylate And Dicarboxylate Metabolism; Methane Metabolism; Central Energy Metabolism; BCAA metabolism (Val/Leu/Iso)","Glycine, Serine And Threonine Metabolism",3,2,0,4,1,4,PGM (1.59); r0552 (1.60); r0553 (1.60),r0552m (0.61); r0553m (0.61),,CYSTGL (1000.00); CYSTS (1000.00); GACMTRc (1000.00); GLYAMDTRc (1000.00),THRD__L (2000.00),GHMT2rm (1.00); PGCD (1.00); PSERT (1.00); PSP__Lm (1.00),14,34.192619281357956,25.88242305288644,8.310196228471515,0.5935854448908225
"Biosynthesis Of Amino Acids; Central Energy Metabolism; Methane Metabolism; AA central (A/D/E,G/S/T); Cyanoamino Acid Metabolism; Folate Metabolism; Glyoxylate And Dicarboxylate Metabolism; AA other (Cys/Met/Lys/Arg/Pro)",Methane Metabolism,2,0,0,0,0,4,ENO (1.59); PGM (1.59),,,,,GHMT2rm (1.00); MDH (1.00); PGCD (1.00); PSERT (1.00),6,19.969949751178284,12.566001786003838,7.403947965174446,1.2339913275290744
"Biosynthesis Of Amino Acids; Central Energy Metabolism; Methane Metabolism; Starch And Sucrose Metabolism; 2-oxocarboxylic Acid Metabolism; AA central (A/D/E,G/S/T)",Glycolysis/Gluconeogenesis,7,0,0,2,0,3,ENO (1.59); GAPD (1.59); HEX1 (415.69); PGK (1.59); PGM (1.59); PYK (1.59); TPI (1.59),,,PFK (1000.00); PGI (1000.00),,GCC2cm (1.00); PDHm (0.95); PGMT (1.00),12,70.61056544251264,35.32354887742989,35.287016565082745,2.9405847137568952
Butanoate Metabolism; BCAA metabolism (Val/Leu/Iso); Lipid metabolism; Glyoxylate And Dicarboxylate Metabolism; AA other (Cys/Met/Lys/Arg/Pro); Central Energy Metabolism; Terpenoid Backbone Biosynthesis; AAA metabolism (Trp/Phe/Tyr),Butanoate Metabolism,0,0,0,0,0,6,,,,,,AACOAT (1.00); ACACT1r (1.00); ECOAH1m (1.00); HACD1m (1.00); HMGCOASim (1.00); HMGLm (1.00),6,0.2214163109587351,0.2214163109562078,2.5272839376810907e-12,4.2121398961351514e-13
Butanoate Metabolism; Lipid metabolism; BCAA metabolism (Val/Leu/Iso),Cholesterol Metabolism,0,0,0,0,0,1,,,,,,HMGLm (1.00),1,0.0369027184932394,0.0369027184926626,5.768024946561923e-13,5.768024946561923e-13
Butanoate Metabolism; Lipid metabolism; Glyoxylate And Dicarboxylate Metabolism; AA other (Cys/Met/Lys/Arg/Pro); Central Energy Metabolism; Terpenoid Backbone Biosynthesis; AAA metabolism (Trp/Phe/Tyr); BCAA metabolism (Val/Leu/Iso),Terpenoid Backbone Biosynthesis,0,0,0,0,0,2,,,,,,ACACT1r (1.00); HMGCOASim (1.00),2,0.07380543698636591,0.0738054369854413,9.246076126956382e-13,4.623038063478191e-13
"Butanoate Metabolism; Lipid metabolism; Glyoxylate And Dicarboxylate Metabolism; AA other (Cys/Met/Lys/Arg/Pro); Central Energy Metabolism; Terpenoid Backbone Biosynthesis; AAA metabolism (Trp/Phe/Tyr); BCAA metabolism (Val/Leu/Iso); 2-oxocarboxylic Acid Metabolism; Biosynthesis Of Amino Acids; AA central (A/D/E,G/S/T); Cyanoamino Acid Metabolism; Folate Metabolism; Methane Metabolism; Propanoate Metabolism",Glyoxylate And Dicarboxylate Metabolism,2,0,0,0,0,7,GLYCLTDy (2.06); GLYCTO1p (2.06),,,,,ACACT1r (1.00); CSm (0.95); GHMT2rm (1.00); MDH (1.00); MMEm (1.00); MMMm (1.00); PPCOACm (1.00),9,20.6178658479032,10.568989866008769,10.048875981894431,1.1165417757660479
Butanoate Metabolism; Lipid metabolism; Glyoxylate And Dicarboxylate Metabolism; AA other (Cys/Met/Lys/Arg/Pro); Central Energy Metabolism; Terpenoid Backbone Biosynthesis; AAA metabolism (Trp/Phe/Tyr); BCAA metabolism (Val/Leu/Iso); 2-oxocarboxylic Acid Metabolism; Biosynthesis Of Amino Acids; Lysine Biosynthesis,Lysine Degradation,0,0,0,0,0,6,,,,,,ACACT1r (1.00); ECOAH1m (1.00); HACD1m (1.00); SACCD3m (1.00); r0450 (1.00); r0525 (1.00),6,0.22141631095742148,0.2214163109560917,1.3297696277447812e-12,2.2162827129079687e-13
Butanoate Metabolism; Lipid metabolism; Glyoxylate And Dicarboxylate Metabolism; AA other (Cys/Met/Lys/Arg/Pro); Central Energy Metabolism; Terpenoid Backbone Biosynthesis; AAA metabolism (Trp/Phe/Tyr); BCAA metabolism (Val/Leu/Iso); Propanoate Metabolism,Fatty Acid Degradation,0,0,0,2,0,5,,,,C160CPT1 (1000.00); r0434 (1000.00),,ACACT1r (1.00); ACCOAC (1.00); ECOAH1m (1.00); HACD1m (1.00); _LCAT1e (1.00),7,0.18054188054127737,0.1798078202802807,0.0007340602609966773,0.0001048657515709539
Butanoate Metabolism; Lipid metabolism; Glyoxylate And Dicarboxylate Metabolism; AA other (Cys/Met/Lys/Arg/Pro); Central Energy Metabolism; Terpenoid Backbone Biosynthesis; AAA metabolism (Trp/Phe/Tyr); BCAA metabolism (Val/Leu/Iso); Propanoate Metabolism,Fatty Acid Metabolism,0,0,0,2,0,4,,,,C160CPT1 (1000.00); r0434 (1000.00),,ACACT1r (1.00); ACCOAC (1.00); ECOAH1m (1.00); HACD1m (1.00),6,0.17602197310150208,0.1752879128404666,0.0007340602610354796,0.0001223433768392466
Butanoate Metabolism; Lipid metabolism; Glyoxylate And Dicarboxylate Metabolism; AA other (Cys/Met/Lys/Arg/Pro); Central Energy Metabolism; Terpenoid Backbone Biosynthesis; AAA metabolism (Trp/Phe/Tyr); BCAA metabolism (Val/Leu/Iso); Propanoate Metabolism; Methane Metabolism; Biosynthesis Of Amino Acids,Pyruvate Metabolism,1,0,0,0,0,7,PYK (1.59),,,,,ACACT1r (1.00); ACCOAC (1.00); FUM (1.00); FUMm (0.95); MDH (1.00); ME2m (0.95); PCm (0.95),8,13.719721249198919,10.206527841588331,3.513193407610588,0.4391491759513235
Butanoate Metabolism; Lipid metabolism; Terpenoid Backbone Biosynthesis; BCAA metabolism (Val/Leu/Iso),Synthesis And Degradation Of Ketone Bodies,0,0,0,0,0,1,,,,,,HMGCOASim (1.00),1,0.0369027184927639,0.0369027184926626,1.0130091210314163e-13,1.0130091210314163e-13
Extracellular Transport,Extracellular Transport,4,9,2,6,4,30,GLCt1 (415.69); H2O2t (2.04); O2t (1.39); PYRt2 (1.39),2HBt2 (0.02); 5MTHFt (0.58); 5MTHFt2le (0.58); FOLt2 (0.58); FOLt2le (0.58); NH4t (0.00); PIt9 (0.08); PROt4 (0.23); THRt4 (0.36),ALAtN1 (3000.00); GLNtN1 (3000.00),ALAPAT4te (1000.00); ASNtN1 (1000.00); BTNTe (1000.00); CRTNtr (1000.00); EX_crtn_e (1000.00); HMR_9609 (1000.00),ASNt4 (2000.00); FRUt1r (2000.00); GLNt4 (2000.00); PIt (2000.00),ARGLYSex (1.06); ASPt6 (1.00); CHOLESTTDe (1.00); CHOLESTle (1.00); CHOLtu (1.00); CO2t (0.95); CYSt4 (0.87); CYTDt (1.00); Clt (1.00); GLUt4 (1.00); GLYt4 (1.04); HIStN1 (1.00); ILEtec (1.00); INSTt4_2 (1.00); KCCt (1.00); METt4 (1.11); PCt (1.00); PHEt4 (1.00); PSFLIP (1.00); RTOTALt (1.00); SERt4 (1.03); TRPt (1.00); TYRPHELAT2tc (1.00); URIt5 (1.00); VALtec (1.00); _LEUt4 (1.00); _LPCHOLt (1.00); _LYSt5r (1.01); r1030 (1.00); r1402 (1.00),55,50.11328479752267,46.80035875100608,3.312926046516587,0.06023501902757431
Fructose And Mannose Metabolism,Fructose And Mannose Metabolism,0,0,0,0,3,0,,,,,FBA2 (2000.00); KHK (2000.00); TRIOK (2000.00),,3,0.0,9.410954801968664,-9.410954801968664,-3.1369849339895546
Lipid metabolism,Glycerophospholipid Metabolism,1,0,0,1,0,13,PSSA1_hs (1.32),,,PSSA1r_hs (1000.00),,CDIPTr (1.00); CDS (1.00); CEPTC (1.00); CHLPCTD (1.00); CHOLK (1.00); CLSm_hs (1.00); GPDDA1 (1.00); PGPPTm (1.00); PGPP_hs (1.00); PSDm_hs (1.00); _DAGK_hs (1.00); _LPASE (1.00); r0202c (1.00),15,0.05019215913846089,0.0494580988800893,0.0007340602583715897,4.893735055810598e-05
Lipid metabolism,Sphingolipid Metabolism,0,0,0,3,3,2,,,,3DSPHRr (1000.00); SERPTr (1000.00); SMSr (1000.00),3DSPHR (2000.00); SERPT (2000.00); SMS (2000.00),RE2675C (1.00); _DSAT (1.00),8,0.0018351506469905,0.001835150647006,-1.549997109828727e-14,-1.9374963872859086e-15
Lipid metabolism,Triacylglycerol Synthesis,0,0,0,0,0,3,,,,,,AGPAT1 (1.00); GPAM_hs (1.00); _DGAT (1.00),3,0.0175314342438698,0.017531434244020202,-1.5040052536718918e-13,-5.0133508455729725e-14
Lipid metabolism; Propanoate Metabolism; Central Energy Metabolism,Fatty Acid Biosynthesis,0,0,0,0,0,6,,,,,,ACCOAC (1.00); FAS100COA (1.00); FAS120COA (1.00); FAS140COA (1.00); FAS160COA (1.00); FAS80COA__L (1.00),6,0.11070815548046489,0.11070815547833568,2.129213472201741e-12,3.5486891203362347e-13
Mitochondrial transport,"Transport, Mitochondrial",1,11,0,5,2,16,3MOBt2im (263.43),AKGMALtm (0.72); ATPtm (0.73); GLUt2m (0.73); H2Otm (0.70); HUMANGEM_MAR05116 (0.17); HUMANGEM_MAR11443 (0.17); HUMANGEM_MAR20139 (0.00); HUMANGEM_MAR20145 (0.00); MALtm (0.72); O2Stm (0.65); O2tm (0.65),,HUMANGEM_MAR08651 (1000.00); HUMANGEM_MAR13075 (1000.00); HUMANGEM_MAR20136 (1000.00); ORNt3m (1000.00); VALt5m (1000.00),HUMANGEM_MAR05036 (2000.00); PROtm (2000.00),CO2tm (0.95); GLNtm (1.01); GLYtm (1.00); HUMANGEM_MAR00120 (1.00); HUMANGEM_MAR00587 (1.00); HUMANGEM_MAR08093 (1.00); HUMANGEM_MAR08891 (1.00); HUMANGEM_MAR11363 (1.00); HUMANGEM_MAR11371 (1.00); HUMANGEM_MAR20147 (1.00); HUMANGEM_MAR20148 (1.00); PPItm (1.00); PSERtm (1.00); _DNDPt14m (1.00); _LYStm (1.00); r1464 (1.00),35,79.65188399250393,108.75339523556168,-29.101511243057757,-0.8314717498016502
"Nitrogen disposal; Nucleotide metabolism; Folate Metabolism; AA central (A/D/E,G/S/T)",Purine Synthesis,0,0,0,0,0,10,,,,,,ADSL2 (1.00); AICART (1.00); AIRCr (1.00); GARFT (1.00); GLUPRT (1.00); IMPC (1.00); PRAGSr (1.00); PRASCS (1.00); PRFGS (1.00); r0666 (1.00),10,0.0336753573854475,0.033675357391337,-5.889497223243723e-12,-5.889497223243723e-13
Nucleotide metabolism,Pyrimidine Catabolism,0,0,0,0,0,4,,,,,,CYTDe (1.00); NTD2 (1.00); PYNP2r (1.00); _DCMPDA (1.00),4,0.023728737978532997,0.023728737979187998,-6.550003595062748e-13,-1.637500898765687e-13
"Nucleotide metabolism; Nitrogen disposal; AA central (A/D/E,G/S/T)",Nucleotide Interconversion,0,0,0,0,3,34,,,,,GMPR (2000.00); NTD7 (2000.00); NTD9m (2000.00),ADK1 (1.00); ADKd (1.00); ADSL1 (1.00); ADSS (1.00); CYTDK1 (1.00); CYTK1 (1.00); CYTK12 (1.00); CYTK1m (1.00); GK1 (1.00); NDPK1 (1.00); NDPK10 (1.00); NDPK10n (1.00); NDPK1m (0.95); NDPK3m (1.00); NDPK4n (1.00); NDPK5 (1.00); NDPK6m (1.00); NDPK8 (1.00); NDPK8m (1.00); NTD8 (1.00); PUNP1 (1.00); RNDR2 (1.00); RNDR3 (1.00); TMDSm (1.00); TRDR (1.00); UMPK2m (1.00); URIDK2 (1.00); _DADNK (1.00); _DGK1 (1.00); _DURIK1 (1.00); _DURIPP (1.00); _DUTPDPm (1.00); r0475 (1.00); r0531 (1.00),37,1.7669180823009298,3.142084429279524,-1.3751663469785942,-0.037166658026448494
"Nucleotide metabolism; Nitrogen disposal; AA central (A/D/E,G/S/T); Biomass And Maintenance Functions; Nucleotide Salvage Pathway; Purine Catabolism",Nucleotide Metabolism,0,1,0,0,3,27,,r0276 (0.00),,,GMPR (2000.00); NTD7 (2000.00); PUNP3 (2000.00),ADK1 (1.00); ADSL1 (1.00); ADSS (1.00); ATPM (1.00); CTPS2 (1.00); CYTDK1 (1.00); CYTK1 (1.00); CYTK1m (1.00); GK1 (1.00); GUAPRT (0.98); NDPK1 (1.00); NDPK10 (1.00); NDPK10n (1.00); NDPK1m (0.95); NDPK3m (1.00); NDPK4n (1.00); NDPK5 (1.00); NDPK6m (1.00); NDPK8 (1.00); NDPK8m (1.00); NTD2 (1.00); NTD8 (1.00); PUNP1 (1.00); PUNP2 (1.00); PUNP4 (1.00); PYNP2r (1.00); URIDK2 (1.00),31,20.239624950087073,22.914193295217423,-2.67456834513035,-0.08627639823001129
"Nucleotide metabolism; Nitrogen disposal; AA central (A/D/E,G/S/T); Folate Metabolism; Biomass And Maintenance Functions; Nucleotide Salvage Pathway; Redox & Pentose Metabolism; Biosynthesis Of Amino Acids; Purine Catabolism",Purine Metabolism,0,1,0,0,3,28,,r0276 (0.00),,,GMPR (2000.00); NTD7 (2000.00); PUNP3 (2000.00),ADK1 (1.00); ADSL1 (1.00); ADSL2 (1.00); ADSS (1.00); AICART (1.00); AIRCr (1.00); ATPM (1.00); GARFT (1.00); GK1 (1.00); GLUPRT (1.00); GUAPRT (0.98); IMPC (1.00); NDPK1 (1.00); NDPK10 (1.00); NDPK10n (1.00); NDPK1m (0.95); NDPK5 (1.00); NDPK8 (1.00); NDPK8m (1.00); NTD8 (1.00); PPM (0.98); PRAGSr (1.00); PRASCS (1.00); PRFGS (1.00); PRPPS (0.99); PUNP1 (1.00); PUNP2 (1.00); PUNP4 (1.00),32,20.256343532645364,22.93141611543566,-2.675072582790296,-0.08359601821219675
Nucleotide metabolism; Nucleotide Salvage Pathway; Nitrogen disposal,Nucleotide Salvage Pathway,0,0,0,0,0,1,,,,,,GUAPRT (0.98),1,0.0122482927951819,0.0125004116227177,-0.0002521188275357994,-0.0002521188275357994
Nucleotide metabolism; Purine Catabolism; Nitrogen disposal,Purine Catabolism,0,1,0,0,1,2,,r0276 (0.00),,,PUNP3 (2000.00),PUNP2 (1.00); PUNP4 (1.00),4,0.0139007344716845,1.3133027326245967,-1.2994019981529121,-0.32485049953822803
Oxidative Phosphorylation,Oxidative Phosphorylation,0,4,0,0,0,1,,ATPS4m (0.72); CYOOm3 (0.65); CYOR_u10m (0.65); NADH2_u10m (0.58),,,,PPAm (1.00),5,22.248346726495157,33.276560567738116,-11.028213841242959,-2.205642768248592
Propanoate Metabolism; Lipid metabolism; Central Energy Metabolism; Glyoxylate And Dicarboxylate Metabolism; BCAA metabolism (Val/Leu/Iso),Propanoate Metabolism,0,1,0,0,0,5,,2HBO (0.02),,,,ACCOAC (1.00); MMEm (1.00); MMMm (1.00); PPCOACm (1.00); SUCOAS1m (0.95),6,1.6973748255771877,1.8001969361487236,-0.1028221105715359,-0.017137018428589317
Redox & Pentose Metabolism,Pentose And Glucuronate Interconversions,0,0,0,0,0,1,,,,,,GALU (1.00),1,0.0013216171827663,0.0013216171827758,-9.499996275752487e-15,-9.499996275752487e-15
Redox & Pentose Metabolism; 2-oxocarboxylic Acid Metabolism; Biosynthesis Of Amino Acids; Central Energy Metabolism,Glutathione Metabolism,0,0,0,0,0,3,,,,,,GND (1.00); ICDHym (0.95); r0130 (1.00),3,0.8165709129654544,0.8543270279616851,-0.03775611499623077,-0.012585371665410258
Redox & Pentose Metabolism; Nitrogen disposal; Biosynthesis Of Amino Acids,Pentose Phosphate Pathway,0,0,0,3,0,6,,,,FBA (1000.00); G6PDH1rer (1000.00); PGLer (1000.00),,G6PDH2r (0.94); GND (1.00); PGL (0.94); PPM (0.98); PRPPS (0.99); RPI (1.00),9,5.042401961789997,0.054934274166234406,4.987467687623763,0.5541630764026403
Starch And Sucrose Metabolism; Central Energy Metabolism,Starch And Sucrose Metabolism,1,0,0,0,2,2,HEX1 (415.69),,,,RE0915C (2000.00); RE0915E (2000.00),GLBRAN (1.00); GLGNS1 (1.00),5,5.0008810781218465,6.2868790208188265,-1.28599794269698,-0.257199588539396
"Transport, Endoplasmic Reticulum","Transport, Endoplasmic Reticulum",0,0,0,13,0,1,,,,CO2ter (1000.00); G6Pter (1000.00); H2Oter (1000.00); HUMANGEM_MAR00466 (1000.00); HUMANGEM_MAR00730 (1000.00); HUMANGEM_MAR00771 (1000.00); HUMANGEM_MAR03953 (1000.00); HUMANGEM_MAR08526 (1000.00); HUMANGEM_MAR08737 (1000.00); PIter (1000.00); PPItr (1000.00); _DAG_HSter (1000.00); r0998 (1000.00),,PE_HSter (1.00),14,0.010133187344245603,0.0008575470313113,0.009275640312934303,0.0006625457366381645
"Transport, Nuclear","Transport, Nuclear",0,0,0,0,0,4,,,,,,_DIDPtn (1.00); _DITPtn (1.00); _DTDPtn (1.00); _DTTPtn (1.00),4,0.002401131687653,0.0024011316876716,-1.860013879029232e-14,-4.65003469757308e-15
"Transport, Peroxisomal","Transport, Peroxisomal",4,0,0,0,0,0,H2O2tp (2.06); HUMANGEM_MAR07705 (2.06); HUMANGEM_MAR07707 (2.06); O2tp (2.06),,,,,,4,39.14622316629368,18.97295897252014,20.17326419377354,5.043316048443385
Unknown,Unknown,5,5,1,0,0,28,EX_glc__D_e (1.59); EX_h2o2_e (2.04); EX_h_e (1.81); EX_o2_e (1.39); EX_pyr_e (1.39),EX_2hb_e (0.02); EX_h2o_e (0.57); EX_nh4_e (0.01); EX_pro__L_e (0.23); EX_thr__L_e (0.36),EX_ala__L_e (3000.00),,,ARTPLM2 (1.00); ARTPLM3 (1.00); EX_C02470_e (1.00); EX_arg__L_e (1.06); EX_asn__L_e (1.00); EX_asp__L_e (1.00); EX_cgly_e (1.00); EX_chol_e (1.00); EX_chsterol_e (1.00); EX_co2_e (0.95); EX_cys__L_e (0.87); EX_gln__L_e (1.00); EX_glu__L_e (1.00); EX_gly_e (1.04); EX_gthrd_e (1.00); EX_his__L_e (1.00); EX_ile__L_e (1.00); EX_inost_e (1.00); EX_leu__L_e (1.00); EX_lys__L_e (1.00); EX_met__L_e (1.11); EX_phe__L_e (1.00); EX_pi_e (1.00); EX_ser__L_e (1.03); EX_trp__L_e (1.00); EX_tyr__L_e (1.00); EX_val__L_e (1.00); R_group_phosphotase_1 (1.00),39,51.9993702213813,37.286640742160564,14.712729479220734,0.37724947382617263
Vitamin C Metabolism,Vitamin C Metabolism,0,2,0,0,0,0,,ASCBOX (0.65); _DASCBR (0.65),,,,,2,0.0560756474823472,0.0858402593976618,-0.02976461191531459,-0.014882305957657296
