Pathway Groups,Increased,Decreased,Reversed,On,Off,Unchanged,Increased_reactions,Decreased_reactions,Reversed_reactions,On_reactions,Off_reactions,Unchanged_reactions,n_reactions,flux_fast,flux_slow,total_flux_shift,mean_flux_shift
2-oxocarboxylic Acid Metabolism,20,10,6,13,7,109,VALTA (263.43); ENO (1.59); PGK (1.59); PGM (1.59); PYK (1.59); VALTA (263.43); VALTA (263.43); r0552 (1.60); r0553 (1.60); VALTA (263.43); VALTA (263.43); ENO (1.59); GAPD (1.59); HEX1 (415.69); PGK (1.59); PGM (1.59); PYK (1.59); TPI (1.59); GLYCLTDy (2.06); GLYCTO1p (2.06),PHETA1 (0.17); PHETA1m (0.17); PHETA1 (0.17); PHETA1m (0.17); PHETA1 (0.17); PHETA1m (0.17); PHETA1 (0.17); PHETA1m (0.17); r0552m (0.61); r0553m (0.61),ALATA__L (3000.00); GLUDxm (3000.00); ALATA__L (3000.00); ALATA__L (3000.00); ALATA__L (3000.00); GLUDxm (3000.00),r0034 (1000.00); VALTAm (1000.00); CYSTGL (1000.00); CYSTS (1000.00); METAT (1000.00); VALTAm (1000.00); r0034 (1000.00); VALTAm (1000.00); r0034 (1000.00); VALTAm (1000.00); VALTAm (1000.00); PFK (1000.00); PGI (1000.00),CBPS (2000.00); PRO1xm (2000.00); THRD__L (2000.00); CBPS (2000.00); P5CDm (2000.00); THRD__L (2000.00); THRD__L (2000.00),ASPTA (1.00); GLUNm (1.01); 2OXOADOXm (1.00); ACONTm (0.95); AKGDm (0.95); ASPTA (1.00); CSm (0.95); ICDHym (0.95); ILETA (1.00); PDHm (0.95); r0450 (1.00); 2OXOADOXm (1.00); SACCD3m (1.00); r0450 (1.00); r0525 (1.00); r0594m (1.00); 2OXOADOXm (1.00); 3HKYNAKGAT (1.00); ACACT1r (1.00); ECOAH1m (1.00); FKYNH (1.00); HACD1m (1.00); KYN3OX (1.00); TRPO2 (1.00); r0541 (1.00); r0647 (1.00); ACONTm (0.95); ASPTA (1.00); CSm (0.95); GHMT2rm (1.00); ICDHym (0.95); ILETA (1.00); PCm (0.95); PGCD (1.00); PRPPS (0.99); PSERT (1.00); RPI (1.00); r0450 (1.00); ACONTm (0.95); AKGDm (0.95); CSm (0.95); FUM (1.00); FUMm (0.95); ICDHym (0.95); MDH (1.00); PCm (0.95); SUCOAS1m (0.95); r0509 (0.95); r0450 (1.00); ADSL1 (1.00); ADSS (1.00); ASPCTr (1.00); ASPTA (1.00); GHMT2rm (1.00); GLUNm (1.01); GLUPRT (1.00); PGCD (1.00); PSERT (1.00); PSP__Lm (1.00); 3HBCOAHLm (1.00); ACACT10m (1.00); ECOAH12m (1.00); ECOAH9m (1.00); HACD9m (1.00); HIBDm (1.00); ILETA (1.00); MMEm (1.00); MMMm (1.00); MMSAD1m (1.00); PPCOACm (1.00); r0385 (1.00); r0560 (1.00); r0561 (1.00); r0603 (1.00); r0604 (1.00); r0670 (1.00); 3HBCOAHLm (1.00); AACOAT (1.00); ACACT10m (1.00); ACACT1r (1.00); ECOAH12m (1.00); ECOAH9m (1.00); HACD9m (1.00); HMGCOASim (1.00); HMGLm (1.00); ILETA (1.00); MMEm (1.00); MMMm (1.00); MMSAD1m (1.00); PPCOACm (1.00); GCC2cm (1.00); PDHm (0.95); PGMT (1.00); ACACT1r (1.00); CSm (0.95); GHMT2rm (1.00); MDH (1.00); MMEm (1.00); MMMm (1.00); PPCOACm (1.00); ACACT1r (1.00); ECOAH1m (1.00); HACD1m (1.00); SACCD3m (1.00); r0450 (1.00); r0525 (1.00); GND (1.00); ICDHym (0.95); r0130 (1.00),165,284.94749155649345,219.57102244173012,65.37646911476332,0.3962210249379595
"AA central (A/D/E,G/S/T)",25,10,8,37,20,197,VALTA (263.43); ENO (1.59); PGK (1.59); PGM (1.59); PYK (1.59); VALTA (263.43); r0552 (1.60); r0553 (1.60); r0552 (1.60); r0553 (1.60); VALTA (263.43); PGM (1.59); r0552 (1.60); r0553 (1.60); ENO (1.59); PGM (1.59); ENO (1.59); GAPD (1.59); HEX1 (415.69); PGK (1.59); PGM (1.59); PYK (1.59); TPI (1.59); GLYCLTDy (2.06); GLYCTO1p (2.06),PHETA1 (0.17); PHETA1m (0.17); PHETA1 (0.17); PHETA1m (0.17); r0552m (0.61); r0553m (0.61); r0552m (0.61); r0553m (0.61); r0276 (0.00); r0276 (0.00),ALATA__L (3000.00); GLUDxm (3000.00); ALATA__L (3000.00); ALATA__L (3000.00); GLUDxm (3000.00); GLUDxm (3000.00); ALATA__L (3000.00); GLUDxm (3000.00),r0034 (1000.00); VALTAm (1000.00); CYSTGL (1000.00); CYSTS (1000.00); METAT (1000.00); VALTAm (1000.00); r0034 (1000.00); r0034 (1000.00); r0034 (1000.00); AHC (1000.00); CYSTGL (1000.00); CYSTS (1000.00); METAT (1000.00); AHC (1000.00); CYSTGL (1000.00); CYSTS (1000.00); METAT (1000.00); CKc (1000.00); CRTNsyn (1000.00); GACMTRc (1000.00); GLYAMDTRc (1000.00); ORNTArm (1000.00); r0074 (1000.00); CKc (1000.00); CRTNsyn (1000.00); GACMTRc (1000.00); GLYAMDTRc (1000.00); ORNTArm (1000.00); r0034 (1000.00); r0074 (1000.00); VALTAm (1000.00); CYSTGL (1000.00); CYSTS (1000.00); GACMTRc (1000.00); GLYAMDTRc (1000.00); PFK (1000.00); PGI (1000.00),CBPS (2000.00); PRO1xm (2000.00); THRD__L (2000.00); CBPS (2000.00); CBPS (2000.00); CBPS (2000.00); P5CDm (2000.00); THRD__L (2000.00); PRO1xm (2000.00); THRD__L (2000.00); THRD__L (2000.00); GMPR (2000.00); NTD7 (2000.00); NTD9m (2000.00); GMPR (2000.00); NTD7 (2000.00); PUNP3 (2000.00); GMPR (2000.00); NTD7 (2000.00); PUNP3 (2000.00),ASPTA (1.00); GLUNm (1.01); 2OXOADOXm (1.00); ACONTm (0.95); AKGDm (0.95); ASPTA (1.00); CSm (0.95); ICDHym (0.95); ILETA (1.00); PDHm (0.95); r0450 (1.00); ACONTm (0.95); ASPTA (1.00); CSm (0.95); GHMT2rm (1.00); ICDHym (0.95); ILETA (1.00); PCm (0.95); PGCD (1.00); PRPPS (0.99); PSERT (1.00); RPI (1.00); r0450 (1.00); r1418c (0.96); r1418m (0.96); GHMT2rm (1.00); ASPCTr (1.00); CTPS2 (1.00); CYTDK1 (1.00); CYTK1 (1.00); CYTK1m (1.00); NDPK3m (1.00); NDPK4n (1.00); NDPK6m (1.00); NTD2 (1.00); OMPDC (1.00); ORPT (1.00); PYNP2r (1.00); URIDK2 (1.00); ASPCTr (1.00); CTPS2 (1.00); OMPDC (1.00); ORPT (1.00); RE0452M (1.00); _DHORD9 (1.00); _DHORTS (1.00); ADSL1 (1.00); ADSS (1.00); ASPCTr (1.00); ASPTA (1.00); GHMT2rm (1.00); GLUNm (1.01); GLUPRT (1.00); PGCD (1.00); PSERT (1.00); PSP__Lm (1.00); PGCD (1.00); PSERT (1.00); AICART (1.00); FTHFL (1.00); GARFT (1.00); GHMT2rm (1.00); r0226 (1.00); 3HBCOAHLm (1.00); ACACT10m (1.00); ECOAH12m (1.00); ECOAH9m (1.00); HACD9m (1.00); HIBDm (1.00); ILETA (1.00); MMEm (1.00); MMMm (1.00); MMSAD1m (1.00); PPCOACm (1.00); r0385 (1.00); r0560 (1.00); r0561 (1.00); r0603 (1.00); r0604 (1.00); r0670 (1.00); GHMT2rm (1.00); PGCD (1.00); PSERT (1.00); PSP__Lm (1.00); GHMT2rm (1.00); MDH (1.00); PGCD (1.00); PSERT (1.00); GCC2cm (1.00); PDHm (0.95); PGMT (1.00); ACACT1r (1.00); CSm (0.95); GHMT2rm (1.00); MDH (1.00); MMEm (1.00); MMMm (1.00); PPCOACm (1.00); ADSL2 (1.00); AICART (1.00); AIRCr (1.00); GARFT (1.00); GLUPRT (1.00); IMPC (1.00); PRAGSr (1.00); PRASCS (1.00); PRFGS (1.00); r0666 (1.00); ADK1 (1.00); ADKd (1.00); ADSL1 (1.00); ADSS (1.00); CYTDK1 (1.00); CYTK1 (1.00); CYTK12 (1.00); CYTK1m (1.00); GK1 (1.00); NDPK1 (1.00); NDPK10 (1.00); NDPK10n (1.00); NDPK1m (0.95); NDPK3m (1.00); NDPK4n (1.00); NDPK5 (1.00); NDPK6m (1.00); NDPK8 (1.00); NDPK8m (1.00); NTD8 (1.00); PUNP1 (1.00); RNDR2 (1.00); RNDR3 (1.00); TMDSm (1.00); TRDR (1.00); UMPK2m (1.00); URIDK2 (1.00); _DADNK (1.00); _DGK1 (1.00); _DURIK1 (1.00); _DURIPP (1.00); _DUTPDPm (1.00); r0475 (1.00); r0531 (1.00); ADK1 (1.00); ADSL1 (1.00); ADSS (1.00); ATPM (1.00); CTPS2 (1.00); CYTDK1 (1.00); CYTK1 (1.00); CYTK1m (1.00); GK1 (1.00); GUAPRT (0.98); NDPK1 (1.00); NDPK10 (1.00); NDPK10n (1.00); NDPK1m (0.95); NDPK3m (1.00); NDPK4n (1.00); NDPK5 (1.00); NDPK6m (1.00); NDPK8 (1.00); NDPK8m (1.00); NTD2 (1.00); NTD8 (1.00); PUNP1 (1.00); PUNP2 (1.00); PUNP4 (1.00); PYNP2r (1.00); URIDK2 (1.00); ADK1 (1.00); ADSL1 (1.00); ADSL2 (1.00); ADSS (1.00); AICART (1.00); AIRCr (1.00); ATPM (1.00); GARFT (1.00); GK1 (1.00); GLUPRT (1.00); GUAPRT (0.98); IMPC (1.00); NDPK1 (1.00); NDPK10 (1.00); NDPK10n (1.00); NDPK1m (0.95); NDPK5 (1.00); NDPK8 (1.00); NDPK8m (1.00); NTD8 (1.00); PPM (0.98); PRAGSr (1.00); PRASCS (1.00); PRFGS (1.00); PRPPS (0.99); PUNP1 (1.00); PUNP2 (1.00); PUNP4 (1.00),297,349.24540442422096,257.94813417831716,91.2972702459038,0.3073982163161744
AA other (Cys/Met/Lys/Arg/Pro),19,8,8,39,10,137,VALTA (263.43); ENO (1.59); PGK (1.59); PGM (1.59); PYK (1.59); VALTA (263.43); r0552 (1.60); r0553 (1.60); r0552 (1.60); r0553 (1.60); VALTA (263.43); PGM (1.59); r0552 (1.60); r0553 (1.60); ENO (1.59); PGM (1.59); GLYCLTDy (2.06); GLYCTO1p (2.06); PYK (1.59),PHETA1 (0.17); PHETA1m (0.17); PHETA1 (0.17); PHETA1m (0.17); r0552m (0.61); r0553m (0.61); r0552m (0.61); r0553m (0.61),ALATA__L (3000.00); GLUDxm (3000.00); ALATA__L (3000.00); ALATA__L (3000.00); GLUDxm (3000.00); GLUDxm (3000.00); ALATA__L (3000.00); GLUDxm (3000.00),r0034 (1000.00); VALTAm (1000.00); CYSTGL (1000.00); CYSTS (1000.00); METAT (1000.00); VALTAm (1000.00); r0034 (1000.00); r0034 (1000.00); r0034 (1000.00); AHC (1000.00); CYSTGL (1000.00); CYSTS (1000.00); METAT (1000.00); AHC (1000.00); CYSTGL (1000.00); CYSTS (1000.00); METAT (1000.00); CKc (1000.00); CRTNsyn (1000.00); GACMTRc (1000.00); GLYAMDTRc (1000.00); ORNTArm (1000.00); r0074 (1000.00); CKc (1000.00); CRTNsyn (1000.00); GACMTRc (1000.00); GLYAMDTRc (1000.00); ORNTArm (1000.00); r0034 (1000.00); r0074 (1000.00); VALTAm (1000.00); CYSTGL (1000.00); CYSTS (1000.00); GACMTRc (1000.00); GLYAMDTRc (1000.00); C160CPT1 (1000.00); r0434 (1000.00); C160CPT1 (1000.00); r0434 (1000.00),CBPS (2000.00); PRO1xm (2000.00); THRD__L (2000.00); CBPS (2000.00); CBPS (2000.00); CBPS (2000.00); P5CDm (2000.00); THRD__L (2000.00); PRO1xm (2000.00); THRD__L (2000.00),ASPTA (1.00); GLUNm (1.01); 2OXOADOXm (1.00); ACONTm (0.95); AKGDm (0.95); ASPTA (1.00); CSm (0.95); ICDHym (0.95); ILETA (1.00); PDHm (0.95); r0450 (1.00); 2OXOADOXm (1.00); SACCD3m (1.00); r0450 (1.00); r0525 (1.00); r0594m (1.00); 2OXOADOXm (1.00); 3HKYNAKGAT (1.00); ACACT1r (1.00); ECOAH1m (1.00); FKYNH (1.00); HACD1m (1.00); KYN3OX (1.00); TRPO2 (1.00); r0541 (1.00); r0647 (1.00); ACONTm (0.95); ASPTA (1.00); CSm (0.95); GHMT2rm (1.00); ICDHym (0.95); ILETA (1.00); PCm (0.95); PGCD (1.00); PRPPS (0.99); PSERT (1.00); RPI (1.00); r0450 (1.00); r0450 (1.00); r1418c (0.96); r1418m (0.96); ASPCTr (1.00); CTPS2 (1.00); CYTDK1 (1.00); CYTK1 (1.00); CYTK1m (1.00); NDPK3m (1.00); NDPK4n (1.00); NDPK6m (1.00); NTD2 (1.00); OMPDC (1.00); ORPT (1.00); PYNP2r (1.00); URIDK2 (1.00); ASPCTr (1.00); CTPS2 (1.00); OMPDC (1.00); ORPT (1.00); RE0452M (1.00); _DHORD9 (1.00); _DHORTS (1.00); ADSL1 (1.00); ADSS (1.00); ASPCTr (1.00); ASPTA (1.00); GHMT2rm (1.00); GLUNm (1.01); GLUPRT (1.00); PGCD (1.00); PSERT (1.00); PSP__Lm (1.00); PGCD (1.00); PSERT (1.00); AICART (1.00); FTHFL (1.00); GARFT (1.00); GHMT2rm (1.00); r0226 (1.00); 3HBCOAHLm (1.00); AACOAT (1.00); ACACT10m (1.00); ACACT1r (1.00); ECOAH12m (1.00); ECOAH9m (1.00); HACD9m (1.00); HMGCOASim (1.00); HMGLm (1.00); ILETA (1.00); MMEm (1.00); MMMm (1.00); MMSAD1m (1.00); PPCOACm (1.00); GHMT2rm (1.00); PGCD (1.00); PSERT (1.00); PSP__Lm (1.00); GHMT2rm (1.00); MDH (1.00); PGCD (1.00); PSERT (1.00); AACOAT (1.00); ACACT1r (1.00); ECOAH1m (1.00); HACD1m (1.00); HMGCOASim (1.00); HMGLm (1.00); ACACT1r (1.00); HMGCOASim (1.00); ACACT1r (1.00); CSm (0.95); GHMT2rm (1.00); MDH (1.00); MMEm (1.00); MMMm (1.00); PPCOACm (1.00); ACACT1r (1.00); ECOAH1m (1.00); HACD1m (1.00); SACCD3m (1.00); r0450 (1.00); r0525 (1.00); ACACT1r (1.00); ACCOAC (1.00); ECOAH1m (1.00); HACD1m (1.00); _LCAT1e (1.00); ACACT1r (1.00); ACCOAC (1.00); ECOAH1m (1.00); HACD1m (1.00); ACACT1r (1.00); ACCOAC (1.00); FUM (1.00); FUMm (0.95); MDH (1.00); ME2m (0.95); PCm (0.95),221,251.26461817710597,184.98698552973985,66.27763264736612,0.2998987902595752
AAA metabolism (Trp/Phe/Tyr),10,8,2,11,2,87,VALTA (263.43); ENO (1.59); PGK (1.59); PGM (1.59); PYK (1.59); VALTA (263.43); VALTA (263.43); GLYCLTDy (2.06); GLYCTO1p (2.06); PYK (1.59),PHETA1 (0.17); PHETA1m (0.17); PHETA1 (0.17); PHETA1m (0.17); PHETA1 (0.17); PHETA1m (0.17); PHETA1 (0.17); PHETA1m (0.17),ALATA__L (3000.00); ALATA__L (3000.00),VALTAm (1000.00); CYSTGL (1000.00); CYSTS (1000.00); METAT (1000.00); VALTAm (1000.00); r0034 (1000.00); VALTAm (1000.00); C160CPT1 (1000.00); r0434 (1000.00); C160CPT1 (1000.00); r0434 (1000.00),PRO1xm (2000.00); THRD__L (2000.00),2OXOADOXm (1.00); ACONTm (0.95); AKGDm (0.95); ASPTA (1.00); CSm (0.95); ICDHym (0.95); ILETA (1.00); PDHm (0.95); r0450 (1.00); 2OXOADOXm (1.00); SACCD3m (1.00); r0450 (1.00); r0525 (1.00); r0594m (1.00); 2OXOADOXm (1.00); 3HKYNAKGAT (1.00); ACACT1r (1.00); ECOAH1m (1.00); FKYNH (1.00); HACD1m (1.00); KYN3OX (1.00); TRPO2 (1.00); r0541 (1.00); r0647 (1.00); ACONTm (0.95); ASPTA (1.00); CSm (0.95); GHMT2rm (1.00); ICDHym (0.95); ILETA (1.00); PCm (0.95); PGCD (1.00); PRPPS (0.99); PSERT (1.00); RPI (1.00); r0450 (1.00); 3HBCOAHLm (1.00); AACOAT (1.00); ACACT10m (1.00); ACACT1r (1.00); ECOAH12m (1.00); ECOAH9m (1.00); HACD9m (1.00); HMGCOASim (1.00); HMGLm (1.00); ILETA (1.00); MMEm (1.00); MMMm (1.00); MMSAD1m (1.00); PPCOACm (1.00); AACOAT (1.00); ACACT1r (1.00); ECOAH1m (1.00); HACD1m (1.00); HMGCOASim (1.00); HMGLm (1.00); ACACT1r (1.00); HMGCOASim (1.00); ACACT1r (1.00); CSm (0.95); GHMT2rm (1.00); MDH (1.00); MMEm (1.00); MMMm (1.00); PPCOACm (1.00); ACACT1r (1.00); ECOAH1m (1.00); HACD1m (1.00); SACCD3m (1.00); r0450 (1.00); r0525 (1.00); ACACT1r (1.00); ACCOAC (1.00); ECOAH1m (1.00); HACD1m (1.00); _LCAT1e (1.00); ACACT1r (1.00); ACCOAC (1.00); ECOAH1m (1.00); HACD1m (1.00); ACACT1r (1.00); ACCOAC (1.00); FUM (1.00); FUMm (0.95); MDH (1.00); ME2m (0.95); PCm (0.95),120,155.58239938639957,161.89589272287972,-6.31349333648015,-0.052612444470667916
BCAA metabolism (Val/Leu/Iso),17,9,4,18,7,120,VALTA (263.43); ENO (1.59); PGK (1.59); PGM (1.59); PYK (1.59); VALTA (263.43); VALTA (263.43); r0552 (1.60); r0553 (1.60); VALTA (263.43); VALTA (263.43); PGM (1.59); r0552 (1.60); r0553 (1.60); GLYCLTDy (2.06); GLYCTO1p (2.06); PYK (1.59),PHETA1 (0.17); PHETA1m (0.17); PHETA1 (0.17); PHETA1m (0.17); r0552m (0.61); r0553m (0.61); r0552m (0.61); r0553m (0.61); 2HBO (0.02),ALATA__L (3000.00); ALATA__L (3000.00); ALATA__L (3000.00); GLUDxm (3000.00),VALTAm (1000.00); CYSTGL (1000.00); CYSTS (1000.00); METAT (1000.00); VALTAm (1000.00); r0034 (1000.00); VALTAm (1000.00); r0034 (1000.00); VALTAm (1000.00); VALTAm (1000.00); CYSTGL (1000.00); CYSTS (1000.00); GACMTRc (1000.00); GLYAMDTRc (1000.00); C160CPT1 (1000.00); r0434 (1000.00); C160CPT1 (1000.00); r0434 (1000.00),PRO1xm (2000.00); THRD__L (2000.00); CBPS (2000.00); P5CDm (2000.00); THRD__L (2000.00); THRD__L (2000.00); THRD__L (2000.00),2OXOADOXm (1.00); ACONTm (0.95); AKGDm (0.95); ASPTA (1.00); CSm (0.95); ICDHym (0.95); ILETA (1.00); PDHm (0.95); r0450 (1.00); 2OXOADOXm (1.00); 3HKYNAKGAT (1.00); ACACT1r (1.00); ECOAH1m (1.00); FKYNH (1.00); HACD1m (1.00); KYN3OX (1.00); TRPO2 (1.00); r0541 (1.00); r0647 (1.00); ACONTm (0.95); ASPTA (1.00); CSm (0.95); GHMT2rm (1.00); ICDHym (0.95); ILETA (1.00); PCm (0.95); PGCD (1.00); PRPPS (0.99); PSERT (1.00); RPI (1.00); r0450 (1.00); ADSL1 (1.00); ADSS (1.00); ASPCTr (1.00); ASPTA (1.00); GHMT2rm (1.00); GLUNm (1.01); GLUPRT (1.00); PGCD (1.00); PSERT (1.00); PSP__Lm (1.00); 3HBCOAHLm (1.00); ACACT10m (1.00); ECOAH12m (1.00); ECOAH9m (1.00); HACD9m (1.00); HIBDm (1.00); ILETA (1.00); MMEm (1.00); MMMm (1.00); MMSAD1m (1.00); PPCOACm (1.00); r0385 (1.00); r0560 (1.00); r0561 (1.00); r0603 (1.00); r0604 (1.00); r0670 (1.00); 3HBCOAHLm (1.00); AACOAT (1.00); ACACT10m (1.00); ACACT1r (1.00); ECOAH12m (1.00); ECOAH9m (1.00); HACD9m (1.00); HMGCOASim (1.00); HMGLm (1.00); ILETA (1.00); MMEm (1.00); MMMm (1.00); MMSAD1m (1.00); PPCOACm (1.00); GHMT2rm (1.00); PGCD (1.00); PSERT (1.00); PSP__Lm (1.00); AACOAT (1.00); ACACT1r (1.00); ECOAH1m (1.00); HACD1m (1.00); HMGCOASim (1.00); HMGLm (1.00); HMGLm (1.00); ACACT1r (1.00); HMGCOASim (1.00); ACACT1r (1.00); CSm (0.95); GHMT2rm (1.00); MDH (1.00); MMEm (1.00); MMMm (1.00); PPCOACm (1.00); ACACT1r (1.00); ECOAH1m (1.00); HACD1m (1.00); SACCD3m (1.00); r0450 (1.00); r0525 (1.00); ACACT1r (1.00); ACCOAC (1.00); ECOAH1m (1.00); HACD1m (1.00); _LCAT1e (1.00); ACACT1r (1.00); ACCOAC (1.00); ECOAH1m (1.00); HACD1m (1.00); ACACT1r (1.00); ACCOAC (1.00); FUM (1.00); FUMm (0.95); MDH (1.00); ME2m (0.95); PCm (0.95); HMGCOASim (1.00); ACCOAC (1.00); MMEm (1.00); MMMm (1.00); PPCOACm (1.00); SUCOAS1m (0.95),175,243.81178442416865,158.38378991436792,85.42799450980073,0.4881599686274327
Biomass And Maintenance Functions,0,2,0,0,6,57,,r0276 (0.00); r0276 (0.00),,,GMPR (2000.00); NTD7 (2000.00); PUNP3 (2000.00); GMPR (2000.00); NTD7 (2000.00); PUNP3 (2000.00),ATPM (1.00); BIOMASS_maintenance (1.00); ADK1 (1.00); ADSL1 (1.00); ADSS (1.00); ATPM (1.00); CTPS2 (1.00); CYTDK1 (1.00); CYTK1 (1.00); CYTK1m (1.00); GK1 (1.00); GUAPRT (0.98); NDPK1 (1.00); NDPK10 (1.00); NDPK10n (1.00); NDPK1m (0.95); NDPK3m (1.00); NDPK4n (1.00); NDPK5 (1.00); NDPK6m (1.00); NDPK8 (1.00); NDPK8m (1.00); NTD2 (1.00); NTD8 (1.00); PUNP1 (1.00); PUNP2 (1.00); PUNP4 (1.00); PYNP2r (1.00); URIDK2 (1.00); ADK1 (1.00); ADSL1 (1.00); ADSL2 (1.00); ADSS (1.00); AICART (1.00); AIRCr (1.00); ATPM (1.00); GARFT (1.00); GK1 (1.00); GLUPRT (1.00); GUAPRT (0.98); IMPC (1.00); NDPK1 (1.00); NDPK10 (1.00); NDPK10n (1.00); NDPK1m (0.95); NDPK5 (1.00); NDPK8 (1.00); NDPK8m (1.00); NTD8 (1.00); PPM (0.98); PRAGSr (1.00); PRASCS (1.00); PRFGS (1.00); PRPPS (0.99); PUNP1 (1.00); PUNP2 (1.00); PUNP4 (1.00),65,59.01311942335852,64.3627603512793,-5.349640927920788,-0.08230216812185828
Biosynthesis Of Amino Acids,28,13,7,42,12,158,VALTA (263.43); ENO (1.59); PGK (1.59); PGM (1.59); PYK (1.59); VALTA (263.43); VALTA (263.43); r0552 (1.60); r0553 (1.60); r0552 (1.60); r0553 (1.60); VALTA (263.43); VALTA (263.43); PGM (1.59); r0552 (1.60); r0553 (1.60); ENO (1.59); PGM (1.59); ENO (1.59); GAPD (1.59); HEX1 (415.69); PGK (1.59); PGM (1.59); PYK (1.59); TPI (1.59); GLYCLTDy (2.06); GLYCTO1p (2.06); PYK (1.59),PHETA1 (0.17); PHETA1m (0.17); PHETA1 (0.17); PHETA1m (0.17); PHETA1 (0.17); PHETA1m (0.17); PHETA1 (0.17); PHETA1m (0.17); r0552m (0.61); r0553m (0.61); r0552m (0.61); r0553m (0.61); r0276 (0.00),ALATA__L (3000.00); GLUDxm (3000.00); ALATA__L (3000.00); ALATA__L (3000.00); GLUDxm (3000.00); ALATA__L (3000.00); GLUDxm (3000.00),r0034 (1000.00); VALTAm (1000.00); CYSTGL (1000.00); CYSTS (1000.00); METAT (1000.00); VALTAm (1000.00); r0034 (1000.00); VALTAm (1000.00); r0034 (1000.00); r0034 (1000.00); AHC (1000.00); CYSTGL (1000.00); CYSTS (1000.00); METAT (1000.00); AHC (1000.00); CYSTGL (1000.00); CYSTS (1000.00); METAT (1000.00); CKc (1000.00); CRTNsyn (1000.00); GACMTRc (1000.00); GLYAMDTRc (1000.00); ORNTArm (1000.00); r0074 (1000.00); CKc (1000.00); CRTNsyn (1000.00); GACMTRc (1000.00); GLYAMDTRc (1000.00); ORNTArm (1000.00); r0034 (1000.00); r0074 (1000.00); VALTAm (1000.00); VALTAm (1000.00); CYSTGL (1000.00); CYSTS (1000.00); GACMTRc (1000.00); GLYAMDTRc (1000.00); PFK (1000.00); PGI (1000.00); FBA (1000.00); G6PDH1rer (1000.00); PGLer (1000.00),CBPS (2000.00); PRO1xm (2000.00); THRD__L (2000.00); CBPS (2000.00); P5CDm (2000.00); THRD__L (2000.00); PRO1xm (2000.00); THRD__L (2000.00); THRD__L (2000.00); GMPR (2000.00); NTD7 (2000.00); PUNP3 (2000.00),ASPTA (1.00); GLUNm (1.01); 2OXOADOXm (1.00); ACONTm (0.95); AKGDm (0.95); ASPTA (1.00); CSm (0.95); ICDHym (0.95); ILETA (1.00); PDHm (0.95); r0450 (1.00); 2OXOADOXm (1.00); SACCD3m (1.00); r0450 (1.00); r0525 (1.00); r0594m (1.00); ACONTm (0.95); ASPTA (1.00); CSm (0.95); GHMT2rm (1.00); ICDHym (0.95); ILETA (1.00); PCm (0.95); PGCD (1.00); PRPPS (0.99); PSERT (1.00); RPI (1.00); r0450 (1.00); ACONTm (0.95); AKGDm (0.95); CSm (0.95); FUM (1.00); FUMm (0.95); ICDHym (0.95); MDH (1.00); PCm (0.95); SUCOAS1m (0.95); r0509 (0.95); r0450 (1.00); r1418c (0.96); r1418m (0.96); GHMT2rm (1.00); ADSL1 (1.00); ADSS (1.00); ASPCTr (1.00); ASPTA (1.00); GHMT2rm (1.00); GLUNm (1.01); GLUPRT (1.00); PGCD (1.00); PSERT (1.00); PSP__Lm (1.00); PGCD (1.00); PSERT (1.00); AICART (1.00); FTHFL (1.00); GARFT (1.00); GHMT2rm (1.00); r0226 (1.00); 3HBCOAHLm (1.00); ACACT10m (1.00); ECOAH12m (1.00); ECOAH9m (1.00); HACD9m (1.00); HIBDm (1.00); ILETA (1.00); MMEm (1.00); MMMm (1.00); MMSAD1m (1.00); PPCOACm (1.00); r0385 (1.00); r0560 (1.00); r0561 (1.00); r0603 (1.00); r0604 (1.00); r0670 (1.00); 3HBCOAHLm (1.00); AACOAT (1.00); ACACT10m (1.00); ACACT1r (1.00); ECOAH12m (1.00); ECOAH9m (1.00); HACD9m (1.00); HMGCOASim (1.00); HMGLm (1.00); ILETA (1.00); MMEm (1.00); MMMm (1.00); MMSAD1m (1.00); PPCOACm (1.00); GHMT2rm (1.00); PGCD (1.00); PSERT (1.00); PSP__Lm (1.00); GHMT2rm (1.00); MDH (1.00); PGCD (1.00); PSERT (1.00); GCC2cm (1.00); PDHm (0.95); PGMT (1.00); ACACT1r (1.00); CSm (0.95); GHMT2rm (1.00); MDH (1.00); MMEm (1.00); MMMm (1.00); PPCOACm (1.00); ACACT1r (1.00); ECOAH1m (1.00); HACD1m (1.00); SACCD3m (1.00); r0450 (1.00); r0525 (1.00); ACACT1r (1.00); ACCOAC (1.00); FUM (1.00); FUMm (0.95); MDH (1.00); ME2m (0.95); PCm (0.95); ADK1 (1.00); ADSL1 (1.00); ADSL2 (1.00); ADSS (1.00); AICART (1.00); AIRCr (1.00); ATPM (1.00); GARFT (1.00); GK1 (1.00); GLUPRT (1.00); GUAPRT (0.98); IMPC (1.00); NDPK1 (1.00); NDPK10 (1.00); NDPK10n (1.00); NDPK1m (0.95); NDPK5 (1.00); NDPK8 (1.00); NDPK8m (1.00); NTD8 (1.00); PPM (0.98); PRAGSr (1.00); PRASCS (1.00); PRFGS (1.00); PRPPS (0.99); PUNP1 (1.00); PUNP2 (1.00); PUNP4 (1.00); GND (1.00); ICDHym (0.95); r0130 (1.00); G6PDH2r (0.94); GND (1.00); PGL (0.94); PPM (0.98); PRPPS (0.99); RPI (1.00),260,399.1946806545169,305.2404956834298,93.9541849710871,0.36136224988879656
Butanoate Metabolism,4,0,0,5,0,63,VALTA (263.43); GLYCLTDy (2.06); GLYCTO1p (2.06); PYK (1.59),,,VALTAm (1000.00); C160CPT1 (1000.00); r0434 (1000.00); C160CPT1 (1000.00); r0434 (1000.00),,2OXOADOXm (1.00); 3HKYNAKGAT (1.00); ACACT1r (1.00); ECOAH1m (1.00); FKYNH (1.00); HACD1m (1.00); KYN3OX (1.00); TRPO2 (1.00); r0541 (1.00); r0647 (1.00); 3HBCOAHLm (1.00); AACOAT (1.00); ACACT10m (1.00); ACACT1r (1.00); ECOAH12m (1.00); ECOAH9m (1.00); HACD9m (1.00); HMGCOASim (1.00); HMGLm (1.00); ILETA (1.00); MMEm (1.00); MMMm (1.00); MMSAD1m (1.00); PPCOACm (1.00); AACOAT (1.00); ACACT1r (1.00); ECOAH1m (1.00); HACD1m (1.00); HMGCOASim (1.00); HMGLm (1.00); HMGLm (1.00); ACACT1r (1.00); HMGCOASim (1.00); ACACT1r (1.00); CSm (0.95); GHMT2rm (1.00); MDH (1.00); MMEm (1.00); MMMm (1.00); PPCOACm (1.00); ACACT1r (1.00); ECOAH1m (1.00); HACD1m (1.00); SACCD3m (1.00); r0450 (1.00); r0525 (1.00); ACACT1r (1.00); ACCOAC (1.00); ECOAH1m (1.00); HACD1m (1.00); _LCAT1e (1.00); ACACT1r (1.00); ACCOAC (1.00); ECOAH1m (1.00); HACD1m (1.00); ACACT1r (1.00); ACCOAC (1.00); FUM (1.00); FUMm (0.95); MDH (1.00); ME2m (0.95); PCm (0.95); HMGCOASim (1.00),72,53.26288859053016,22.601640665432477,30.661247925097683,0.4258506656263567
Central Energy Metabolism,23,7,2,17,5,119,VALTA (263.43); ENO (1.59); PGK (1.59); PGM (1.59); PYK (1.59); VALTA (263.43); VALTA (263.43); PGM (1.59); r0552 (1.60); r0553 (1.60); ENO (1.59); PGM (1.59); ENO (1.59); GAPD (1.59); HEX1 (415.69); PGK (1.59); PGM (1.59); PYK (1.59); TPI (1.59); GLYCLTDy (2.06); GLYCTO1p (2.06); PYK (1.59); HEX1 (415.69),PHETA1 (0.17); PHETA1m (0.17); PHETA1 (0.17); PHETA1m (0.17); r0552m (0.61); r0553m (0.61); 2HBO (0.02),ALATA__L (3000.00); ALATA__L (3000.00),VALTAm (1000.00); CYSTGL (1000.00); CYSTS (1000.00); METAT (1000.00); VALTAm (1000.00); r0034 (1000.00); VALTAm (1000.00); CYSTGL (1000.00); CYSTS (1000.00); GACMTRc (1000.00); GLYAMDTRc (1000.00); PFK (1000.00); PGI (1000.00); C160CPT1 (1000.00); r0434 (1000.00); C160CPT1 (1000.00); r0434 (1000.00),PRO1xm (2000.00); THRD__L (2000.00); THRD__L (2000.00); RE0915C (2000.00); RE0915E (2000.00),2OXOADOXm (1.00); ACONTm (0.95); AKGDm (0.95); ASPTA (1.00); CSm (0.95); ICDHym (0.95); ILETA (1.00); PDHm (0.95); r0450 (1.00); 2OXOADOXm (1.00); 3HKYNAKGAT (1.00); ACACT1r (1.00); ECOAH1m (1.00); FKYNH (1.00); HACD1m (1.00); KYN3OX (1.00); TRPO2 (1.00); r0541 (1.00); r0647 (1.00); ACONTm (0.95); ASPTA (1.00); CSm (0.95); GHMT2rm (1.00); ICDHym (0.95); ILETA (1.00); PCm (0.95); PGCD (1.00); PRPPS (0.99); PSERT (1.00); RPI (1.00); r0450 (1.00); ACONTm (0.95); AKGDm (0.95); CSm (0.95); FUM (1.00); FUMm (0.95); ICDHym (0.95); MDH (1.00); PCm (0.95); SUCOAS1m (0.95); r0509 (0.95); 3HBCOAHLm (1.00); AACOAT (1.00); ACACT10m (1.00); ACACT1r (1.00); ECOAH12m (1.00); ECOAH9m (1.00); HACD9m (1.00); HMGCOASim (1.00); HMGLm (1.00); ILETA (1.00); MMEm (1.00); MMMm (1.00); MMSAD1m (1.00); PPCOACm (1.00); GHMT2rm (1.00); PGCD (1.00); PSERT (1.00); PSP__Lm (1.00); GHMT2rm (1.00); MDH (1.00); PGCD (1.00); PSERT (1.00); GCC2cm (1.00); PDHm (0.95); PGMT (1.00); AACOAT (1.00); ACACT1r (1.00); ECOAH1m (1.00); HACD1m (1.00); HMGCOASim (1.00); HMGLm (1.00); ACACT1r (1.00); HMGCOASim (1.00); ACACT1r (1.00); CSm (0.95); GHMT2rm (1.00); MDH (1.00); MMEm (1.00); MMMm (1.00); PPCOACm (1.00); ACACT1r (1.00); ECOAH1m (1.00); HACD1m (1.00); SACCD3m (1.00); r0450 (1.00); r0525 (1.00); ACACT1r (1.00); ACCOAC (1.00); ECOAH1m (1.00); HACD1m (1.00); _LCAT1e (1.00); ACACT1r (1.00); ACCOAC (1.00); ECOAH1m (1.00); HACD1m (1.00); ACACT1r (1.00); ACCOAC (1.00); FUM (1.00); FUMm (0.95); MDH (1.00); ME2m (0.95); PCm (0.95); ACCOAC (1.00); FAS100COA (1.00); FAS120COA (1.00); FAS140COA (1.00); FAS160COA (1.00); FAS80COA__L (1.00); ACCOAC (1.00); MMEm (1.00); MMMm (1.00); PPCOACm (1.00); SUCOAS1m (0.95); GND (1.00); ICDHym (0.95); r0130 (1.00); GLBRAN (1.00); GLGNS1 (1.00),173,287.4677186041289,200.69729314778462,86.77042545634427,0.5015631529268455
Cyanoamino Acid Metabolism,16,6,3,14,6,43,ENO (1.59); PGK (1.59); PGM (1.59); PYK (1.59); VALTA (263.43); r0552 (1.60); r0553 (1.60); r0552 (1.60); r0553 (1.60); PGM (1.59); r0552 (1.60); r0553 (1.60); ENO (1.59); PGM (1.59); GLYCLTDy (2.06); GLYCTO1p (2.06),PHETA1 (0.17); PHETA1m (0.17); r0552m (0.61); r0553m (0.61); r0552m (0.61); r0553m (0.61),ALATA__L (3000.00); ALATA__L (3000.00); GLUDxm (3000.00),CYSTGL (1000.00); CYSTS (1000.00); METAT (1000.00); VALTAm (1000.00); r0034 (1000.00); r0034 (1000.00); AHC (1000.00); CYSTGL (1000.00); CYSTS (1000.00); METAT (1000.00); CYSTGL (1000.00); CYSTS (1000.00); GACMTRc (1000.00); GLYAMDTRc (1000.00),PRO1xm (2000.00); THRD__L (2000.00); CBPS (2000.00); P5CDm (2000.00); THRD__L (2000.00); THRD__L (2000.00),ACONTm (0.95); ASPTA (1.00); CSm (0.95); GHMT2rm (1.00); ICDHym (0.95); ILETA (1.00); PCm (0.95); PGCD (1.00); PRPPS (0.99); PSERT (1.00); RPI (1.00); r0450 (1.00); GHMT2rm (1.00); ADSL1 (1.00); ADSS (1.00); ASPCTr (1.00); ASPTA (1.00); GHMT2rm (1.00); GLUNm (1.01); GLUPRT (1.00); PGCD (1.00); PSERT (1.00); PSP__Lm (1.00); AICART (1.00); FTHFL (1.00); GARFT (1.00); GHMT2rm (1.00); r0226 (1.00); GHMT2rm (1.00); PGCD (1.00); PSERT (1.00); PSP__Lm (1.00); GHMT2rm (1.00); MDH (1.00); PGCD (1.00); PSERT (1.00); ACACT1r (1.00); CSm (0.95); GHMT2rm (1.00); MDH (1.00); MMEm (1.00); MMMm (1.00); PPCOACm (1.00),88,187.01699058392808,137.48431816891852,49.53267241500956,0.5628712774432905
Extracellular Transport,4,9,2,6,4,30,GLCt1 (415.69); H2O2t (2.04); O2t (1.39); PYRt2 (1.39),2HBt2 (0.02); 5MTHFt (0.58); 5MTHFt2le (0.58); FOLt2 (0.58); FOLt2le (0.58); NH4t (0.00); PIt9 (0.08); PROt4 (0.23); THRt4 (0.36),ALAtN1 (3000.00); GLNtN1 (3000.00),ALAPAT4te (1000.00); ASNtN1 (1000.00); BTNTe (1000.00); CRTNtr (1000.00); EX_crtn_e (1000.00); HMR_9609 (1000.00),ASNt4 (2000.00); FRUt1r (2000.00); GLNt4 (2000.00); PIt (2000.00),ARGLYSex (1.06); ASPt6 (1.00); CHOLESTTDe (1.00); CHOLESTle (1.00); CHOLtu (1.00); CO2t (0.95); CYSt4 (0.87); CYTDt (1.00); Clt (1.00); GLUt4 (1.00); GLYt4 (1.04); HIStN1 (1.00); ILEtec (1.00); INSTt4_2 (1.00); KCCt (1.00); METt4 (1.11); PCt (1.00); PHEt4 (1.00); PSFLIP (1.00); RTOTALt (1.00); SERt4 (1.03); TRPt (1.00); TYRPHELAT2tc (1.00); URIt5 (1.00); VALtec (1.00); _LEUt4 (1.00); _LPCHOLt (1.00); _LYSt5r (1.01); r1030 (1.00); r1402 (1.00),55,50.11328479752267,46.80035875100608,3.312926046516587,0.06023501902757431
Folate Metabolism,16,7,3,18,9,83,ENO (1.59); PGK (1.59); PGM (1.59); PYK (1.59); VALTA (263.43); r0552 (1.60); r0553 (1.60); r0552 (1.60); r0553 (1.60); PGM (1.59); r0552 (1.60); r0553 (1.60); ENO (1.59); PGM (1.59); GLYCLTDy (2.06); GLYCTO1p (2.06),PHETA1 (0.17); PHETA1m (0.17); r0552m (0.61); r0553m (0.61); r0552m (0.61); r0553m (0.61); r0276 (0.00),ALATA__L (3000.00); ALATA__L (3000.00); GLUDxm (3000.00),CYSTGL (1000.00); CYSTS (1000.00); METAT (1000.00); VALTAm (1000.00); r0034 (1000.00); r0034 (1000.00); AHC (1000.00); CYSTGL (1000.00); CYSTS (1000.00); METAT (1000.00); AHC (1000.00); CYSTGL (1000.00); CYSTS (1000.00); METAT (1000.00); CYSTGL (1000.00); CYSTS (1000.00); GACMTRc (1000.00); GLYAMDTRc (1000.00),PRO1xm (2000.00); THRD__L (2000.00); CBPS (2000.00); P5CDm (2000.00); THRD__L (2000.00); THRD__L (2000.00); GMPR (2000.00); NTD7 (2000.00); PUNP3 (2000.00),ACONTm (0.95); ASPTA (1.00); CSm (0.95); GHMT2rm (1.00); ICDHym (0.95); ILETA (1.00); PCm (0.95); PGCD (1.00); PRPPS (0.99); PSERT (1.00); RPI (1.00); r0450 (1.00); GHMT2rm (1.00); ADSL1 (1.00); ADSS (1.00); ASPCTr (1.00); ASPTA (1.00); GHMT2rm (1.00); GLUNm (1.01); GLUPRT (1.00); PGCD (1.00); PSERT (1.00); PSP__Lm (1.00); PGCD (1.00); PSERT (1.00); AICART (1.00); FTHFL (1.00); GARFT (1.00); GHMT2rm (1.00); r0226 (1.00); GHMT2rm (1.00); PGCD (1.00); PSERT (1.00); PSP__Lm (1.00); GHMT2rm (1.00); MDH (1.00); PGCD (1.00); PSERT (1.00); ACACT1r (1.00); CSm (0.95); GHMT2rm (1.00); MDH (1.00); MMEm (1.00); MMMm (1.00); PPCOACm (1.00); ADSL2 (1.00); AICART (1.00); AIRCr (1.00); GARFT (1.00); GLUPRT (1.00); IMPC (1.00); PRAGSr (1.00); PRASCS (1.00); PRFGS (1.00); r0666 (1.00); ADK1 (1.00); ADSL1 (1.00); ADSL2 (1.00); ADSS (1.00); AICART (1.00); AIRCr (1.00); ATPM (1.00); GARFT (1.00); GK1 (1.00); GLUPRT (1.00); GUAPRT (0.98); IMPC (1.00); NDPK1 (1.00); NDPK10 (1.00); NDPK10n (1.00); NDPK1m (0.95); NDPK5 (1.00); NDPK8 (1.00); NDPK8m (1.00); NTD8 (1.00); PPM (0.98); PRAGSr (1.00); PRASCS (1.00); PRFGS (1.00); PRPPS (0.99); PUNP1 (1.00); PUNP2 (1.00); PUNP4 (1.00),136,207.3106111714886,160.45061020759,46.860000963898614,0.34455883061690157
Fructose And Mannose Metabolism,0,0,0,0,3,0,,,,,FBA2 (2000.00); KHK (2000.00); TRIOK (2000.00),,3,0.0,9.410954801968664,-9.410954801968664,-3.1369849339895546
Glyoxylate And Dicarboxylate Metabolism,20,9,4,21,7,138,VALTA (263.43); ENO (1.59); PGK (1.59); PGM (1.59); PYK (1.59); VALTA (263.43); r0552 (1.60); r0553 (1.60); r0552 (1.60); r0553 (1.60); VALTA (263.43); VALTA (263.43); PGM (1.59); r0552 (1.60); r0553 (1.60); ENO (1.59); PGM (1.59); GLYCLTDy (2.06); GLYCTO1p (2.06); PYK (1.59),PHETA1 (0.17); PHETA1m (0.17); PHETA1 (0.17); PHETA1m (0.17); r0552m (0.61); r0553m (0.61); r0552m (0.61); r0553m (0.61); 2HBO (0.02),ALATA__L (3000.00); ALATA__L (3000.00); ALATA__L (3000.00); GLUDxm (3000.00),VALTAm (1000.00); CYSTGL (1000.00); CYSTS (1000.00); METAT (1000.00); VALTAm (1000.00); r0034 (1000.00); r0034 (1000.00); AHC (1000.00); CYSTGL (1000.00); CYSTS (1000.00); METAT (1000.00); VALTAm (1000.00); VALTAm (1000.00); CYSTGL (1000.00); CYSTS (1000.00); GACMTRc (1000.00); GLYAMDTRc (1000.00); C160CPT1 (1000.00); r0434 (1000.00); C160CPT1 (1000.00); r0434 (1000.00),PRO1xm (2000.00); THRD__L (2000.00); CBPS (2000.00); P5CDm (2000.00); THRD__L (2000.00); THRD__L (2000.00); THRD__L (2000.00),2OXOADOXm (1.00); ACONTm (0.95); AKGDm (0.95); ASPTA (1.00); CSm (0.95); ICDHym (0.95); ILETA (1.00); PDHm (0.95); r0450 (1.00); 2OXOADOXm (1.00); 3HKYNAKGAT (1.00); ACACT1r (1.00); ECOAH1m (1.00); FKYNH (1.00); HACD1m (1.00); KYN3OX (1.00); TRPO2 (1.00); r0541 (1.00); r0647 (1.00); ACONTm (0.95); ASPTA (1.00); CSm (0.95); GHMT2rm (1.00); ICDHym (0.95); ILETA (1.00); PCm (0.95); PGCD (1.00); PRPPS (0.99); PSERT (1.00); RPI (1.00); r0450 (1.00); ACONTm (0.95); AKGDm (0.95); CSm (0.95); FUM (1.00); FUMm (0.95); ICDHym (0.95); MDH (1.00); PCm (0.95); SUCOAS1m (0.95); r0509 (0.95); GHMT2rm (1.00); ADSL1 (1.00); ADSS (1.00); ASPCTr (1.00); ASPTA (1.00); GHMT2rm (1.00); GLUNm (1.01); GLUPRT (1.00); PGCD (1.00); PSERT (1.00); PSP__Lm (1.00); AICART (1.00); FTHFL (1.00); GARFT (1.00); GHMT2rm (1.00); r0226 (1.00); 3HBCOAHLm (1.00); ACACT10m (1.00); ECOAH12m (1.00); ECOAH9m (1.00); HACD9m (1.00); HIBDm (1.00); ILETA (1.00); MMEm (1.00); MMMm (1.00); MMSAD1m (1.00); PPCOACm (1.00); r0385 (1.00); r0560 (1.00); r0561 (1.00); r0603 (1.00); r0604 (1.00); r0670 (1.00); 3HBCOAHLm (1.00); AACOAT (1.00); ACACT10m (1.00); ACACT1r (1.00); ECOAH12m (1.00); ECOAH9m (1.00); HACD9m (1.00); HMGCOASim (1.00); HMGLm (1.00); ILETA (1.00); MMEm (1.00); MMMm (1.00); MMSAD1m (1.00); PPCOACm (1.00); GHMT2rm (1.00); PGCD (1.00); PSERT (1.00); PSP__Lm (1.00); GHMT2rm (1.00); MDH (1.00); PGCD (1.00); PSERT (1.00); AACOAT (1.00); ACACT1r (1.00); ECOAH1m (1.00); HACD1m (1.00); HMGCOASim (1.00); HMGLm (1.00); ACACT1r (1.00); HMGCOASim (1.00); ACACT1r (1.00); CSm (0.95); GHMT2rm (1.00); MDH (1.00); MMEm (1.00); MMMm (1.00); PPCOACm (1.00); ACACT1r (1.00); ECOAH1m (1.00); HACD1m (1.00); SACCD3m (1.00); r0450 (1.00); r0525 (1.00); ACACT1r (1.00); ACCOAC (1.00); ECOAH1m (1.00); HACD1m (1.00); _LCAT1e (1.00); ACACT1r (1.00); ACCOAC (1.00); ECOAH1m (1.00); HACD1m (1.00); ACACT1r (1.00); ACCOAC (1.00); FUM (1.00); FUMm (0.95); MDH (1.00); ME2m (0.95); PCm (0.95); ACCOAC (1.00); MMEm (1.00); MMMm (1.00); PPCOACm (1.00); SUCOAS1m (0.95),199,275.12402699151494,192.38189945354256,82.74212753797238,0.41578958561795165
Lipid metabolism,5,1,0,9,3,92,VALTA (263.43); GLYCLTDy (2.06); GLYCTO1p (2.06); PYK (1.59); PSSA1_hs (1.32),2HBO (0.02),,VALTAm (1000.00); C160CPT1 (1000.00); r0434 (1000.00); C160CPT1 (1000.00); r0434 (1000.00); PSSA1r_hs (1000.00); 3DSPHRr (1000.00); SERPTr (1000.00); SMSr (1000.00),3DSPHR (2000.00); SERPT (2000.00); SMS (2000.00),2OXOADOXm (1.00); 3HKYNAKGAT (1.00); ACACT1r (1.00); ECOAH1m (1.00); FKYNH (1.00); HACD1m (1.00); KYN3OX (1.00); TRPO2 (1.00); r0541 (1.00); r0647 (1.00); 3HBCOAHLm (1.00); AACOAT (1.00); ACACT10m (1.00); ACACT1r (1.00); ECOAH12m (1.00); ECOAH9m (1.00); HACD9m (1.00); HMGCOASim (1.00); HMGLm (1.00); ILETA (1.00); MMEm (1.00); MMMm (1.00); MMSAD1m (1.00); PPCOACm (1.00); AACOAT (1.00); ACACT1r (1.00); ECOAH1m (1.00); HACD1m (1.00); HMGCOASim (1.00); HMGLm (1.00); HMGLm (1.00); ACACT1r (1.00); HMGCOASim (1.00); ACACT1r (1.00); CSm (0.95); GHMT2rm (1.00); MDH (1.00); MMEm (1.00); MMMm (1.00); PPCOACm (1.00); ACACT1r (1.00); ECOAH1m (1.00); HACD1m (1.00); SACCD3m (1.00); r0450 (1.00); r0525 (1.00); ACACT1r (1.00); ACCOAC (1.00); ECOAH1m (1.00); HACD1m (1.00); _LCAT1e (1.00); ACACT1r (1.00); ACCOAC (1.00); ECOAH1m (1.00); HACD1m (1.00); ACACT1r (1.00); ACCOAC (1.00); FUM (1.00); FUMm (0.95); MDH (1.00); ME2m (0.95); PCm (0.95); HMGCOASim (1.00); CDIPTr (1.00); CDS (1.00); CEPTC (1.00); CHLPCTD (1.00); CHOLK (1.00); CLSm_hs (1.00); GPDDA1 (1.00); PGPPTm (1.00); PGPP_hs (1.00); PSDm_hs (1.00); _DAGK_hs (1.00); _LPASE (1.00); r0202c (1.00); RE2675C (1.00); _DSAT (1.00); AGPAT1 (1.00); GPAM_hs (1.00); _DGAT (1.00); ACCOAC (1.00); FAS100COA (1.00); FAS120COA (1.00); FAS140COA (1.00); FAS160COA (1.00); FAS80COA__L (1.00); ACCOAC (1.00); MMEm (1.00); MMMm (1.00); PPCOACm (1.00); SUCOAS1m (0.95),110,55.140530315617134,24.581370440830653,30.55915987478648,0.27781054431624075
Lysine Biosynthesis,6,4,2,6,2,33,VALTA (263.43); ENO (1.59); PGK (1.59); PGM (1.59); PYK (1.59); VALTA (263.43),PHETA1 (0.17); PHETA1m (0.17); PHETA1 (0.17); PHETA1m (0.17),ALATA__L (3000.00); ALATA__L (3000.00),VALTAm (1000.00); CYSTGL (1000.00); CYSTS (1000.00); METAT (1000.00); VALTAm (1000.00); r0034 (1000.00),PRO1xm (2000.00); THRD__L (2000.00),2OXOADOXm (1.00); ACONTm (0.95); AKGDm (0.95); ASPTA (1.00); CSm (0.95); ICDHym (0.95); ILETA (1.00); PDHm (0.95); r0450 (1.00); 2OXOADOXm (1.00); SACCD3m (1.00); r0450 (1.00); r0525 (1.00); r0594m (1.00); ACONTm (0.95); ASPTA (1.00); CSm (0.95); GHMT2rm (1.00); ICDHym (0.95); ILETA (1.00); PCm (0.95); PGCD (1.00); PRPPS (0.99); PSERT (1.00); RPI (1.00); r0450 (1.00); r0450 (1.00); ACACT1r (1.00); ECOAH1m (1.00); HACD1m (1.00); SACCD3m (1.00); r0450 (1.00); r0525 (1.00),53,93.67598156546269,86.68831524473106,6.987666320731634,0.1318427607685214
Methane Metabolism,24,6,3,20,6,65,ENO (1.59); PGK (1.59); PGM (1.59); PYK (1.59); VALTA (263.43); r0552 (1.60); r0553 (1.60); r0552 (1.60); r0553 (1.60); PGM (1.59); r0552 (1.60); r0553 (1.60); ENO (1.59); PGM (1.59); ENO (1.59); GAPD (1.59); HEX1 (415.69); PGK (1.59); PGM (1.59); PYK (1.59); TPI (1.59); GLYCLTDy (2.06); GLYCTO1p (2.06); PYK (1.59),PHETA1 (0.17); PHETA1m (0.17); r0552m (0.61); r0553m (0.61); r0552m (0.61); r0553m (0.61),ALATA__L (3000.00); ALATA__L (3000.00); GLUDxm (3000.00),CYSTGL (1000.00); CYSTS (1000.00); METAT (1000.00); VALTAm (1000.00); r0034 (1000.00); r0034 (1000.00); AHC (1000.00); CYSTGL (1000.00); CYSTS (1000.00); METAT (1000.00); AHC (1000.00); CYSTGL (1000.00); CYSTS (1000.00); METAT (1000.00); CYSTGL (1000.00); CYSTS (1000.00); GACMTRc (1000.00); GLYAMDTRc (1000.00); PFK (1000.00); PGI (1000.00),PRO1xm (2000.00); THRD__L (2000.00); CBPS (2000.00); P5CDm (2000.00); THRD__L (2000.00); THRD__L (2000.00),ACONTm (0.95); ASPTA (1.00); CSm (0.95); GHMT2rm (1.00); ICDHym (0.95); ILETA (1.00); PCm (0.95); PGCD (1.00); PRPPS (0.99); PSERT (1.00); RPI (1.00); r0450 (1.00); ACONTm (0.95); AKGDm (0.95); CSm (0.95); FUM (1.00); FUMm (0.95); ICDHym (0.95); MDH (1.00); PCm (0.95); SUCOAS1m (0.95); r0509 (0.95); GHMT2rm (1.00); ADSL1 (1.00); ADSS (1.00); ASPCTr (1.00); ASPTA (1.00); GHMT2rm (1.00); GLUNm (1.01); GLUPRT (1.00); PGCD (1.00); PSERT (1.00); PSP__Lm (1.00); PGCD (1.00); PSERT (1.00); AICART (1.00); FTHFL (1.00); GARFT (1.00); GHMT2rm (1.00); r0226 (1.00); GHMT2rm (1.00); PGCD (1.00); PSERT (1.00); PSP__Lm (1.00); GHMT2rm (1.00); MDH (1.00); PGCD (1.00); PSERT (1.00); GCC2cm (1.00); PDHm (0.95); PGMT (1.00); ACACT1r (1.00); CSm (0.95); GHMT2rm (1.00); MDH (1.00); MMEm (1.00); MMMm (1.00); PPCOACm (1.00); ACACT1r (1.00); ACCOAC (1.00); FUM (1.00); FUMm (0.95); MDH (1.00); ME2m (0.95); PCm (0.95),124,279.9976960330116,192.11548589357193,87.88221013943968,0.7087275011245135
Mitochondrial transport,1,11,0,5,2,16,3MOBt2im (263.43),AKGMALtm (0.72); ATPtm (0.73); GLUt2m (0.73); H2Otm (0.70); HUMANGEM_MAR05116 (0.17); HUMANGEM_MAR11443 (0.17); HUMANGEM_MAR20139 (0.00); HUMANGEM_MAR20145 (0.00); MALtm (0.72); O2Stm (0.65); O2tm (0.65),,HUMANGEM_MAR08651 (1000.00); HUMANGEM_MAR13075 (1000.00); HUMANGEM_MAR20136 (1000.00); ORNt3m (1000.00); VALt5m (1000.00),HUMANGEM_MAR05036 (2000.00); PROtm (2000.00),CO2tm (0.95); GLNtm (1.01); GLYtm (1.00); HUMANGEM_MAR00120 (1.00); HUMANGEM_MAR00587 (1.00); HUMANGEM_MAR08093 (1.00); HUMANGEM_MAR08891 (1.00); HUMANGEM_MAR11363 (1.00); HUMANGEM_MAR11371 (1.00); HUMANGEM_MAR20147 (1.00); HUMANGEM_MAR20148 (1.00); PPItm (1.00); PSERtm (1.00); _DNDPt14m (1.00); _LYStm (1.00); r1464 (1.00),35,79.65188399250393,108.75339523556168,-29.101511243057757,-0.8314717498016502
Nitrogen disposal,12,9,7,32,18,145,ENO (1.59); PGK (1.59); PGM (1.59); PYK (1.59); VALTA (263.43); r0552 (1.60); r0553 (1.60); r0552 (1.60); r0553 (1.60); PGM (1.59); r0552 (1.60); r0553 (1.60),PHETA1 (0.17); PHETA1m (0.17); r0552m (0.61); r0553m (0.61); r0552m (0.61); r0553m (0.61); r0276 (0.00); r0276 (0.00); r0276 (0.00),ALATA__L (3000.00); GLUDxm (3000.00); ALATA__L (3000.00); GLUDxm (3000.00); GLUDxm (3000.00); ALATA__L (3000.00); GLUDxm (3000.00),r0034 (1000.00); CYSTGL (1000.00); CYSTS (1000.00); METAT (1000.00); VALTAm (1000.00); r0034 (1000.00); r0034 (1000.00); r0034 (1000.00); AHC (1000.00); CYSTGL (1000.00); CYSTS (1000.00); METAT (1000.00); CKc (1000.00); CRTNsyn (1000.00); GACMTRc (1000.00); GLYAMDTRc (1000.00); ORNTArm (1000.00); r0074 (1000.00); CKc (1000.00); CRTNsyn (1000.00); GACMTRc (1000.00); GLYAMDTRc (1000.00); ORNTArm (1000.00); r0034 (1000.00); r0074 (1000.00); CYSTGL (1000.00); CYSTS (1000.00); GACMTRc (1000.00); GLYAMDTRc (1000.00); FBA (1000.00); G6PDH1rer (1000.00); PGLer (1000.00),CBPS (2000.00); PRO1xm (2000.00); THRD__L (2000.00); CBPS (2000.00); P5CDm (2000.00); THRD__L (2000.00); PRO1xm (2000.00); THRD__L (2000.00); GMPR (2000.00); NTD7 (2000.00); NTD9m (2000.00); GMPR (2000.00); NTD7 (2000.00); PUNP3 (2000.00); GMPR (2000.00); NTD7 (2000.00); PUNP3 (2000.00); PUNP3 (2000.00),ASPTA (1.00); GLUNm (1.01); ACONTm (0.95); ASPTA (1.00); CSm (0.95); GHMT2rm (1.00); ICDHym (0.95); ILETA (1.00); PCm (0.95); PGCD (1.00); PRPPS (0.99); PSERT (1.00); RPI (1.00); r0450 (1.00); r1418c (0.96); r1418m (0.96); ADSL1 (1.00); ADSS (1.00); ASPCTr (1.00); ASPTA (1.00); GHMT2rm (1.00); GLUNm (1.01); GLUPRT (1.00); PGCD (1.00); PSERT (1.00); PSP__Lm (1.00); AICART (1.00); FTHFL (1.00); GARFT (1.00); GHMT2rm (1.00); r0226 (1.00); ATPM (1.00); BIOMASS_maintenance (1.00); GHMT2rm (1.00); PGCD (1.00); PSERT (1.00); PSP__Lm (1.00); ADSL2 (1.00); AICART (1.00); AIRCr (1.00); GARFT (1.00); GLUPRT (1.00); IMPC (1.00); PRAGSr (1.00); PRASCS (1.00); PRFGS (1.00); r0666 (1.00); ADK1 (1.00); ADKd (1.00); ADSL1 (1.00); ADSS (1.00); CYTDK1 (1.00); CYTK1 (1.00); CYTK12 (1.00); CYTK1m (1.00); GK1 (1.00); NDPK1 (1.00); NDPK10 (1.00); NDPK10n (1.00); NDPK1m (0.95); NDPK3m (1.00); NDPK4n (1.00); NDPK5 (1.00); NDPK6m (1.00); NDPK8 (1.00); NDPK8m (1.00); NTD8 (1.00); PUNP1 (1.00); RNDR2 (1.00); RNDR3 (1.00); TMDSm (1.00); TRDR (1.00); UMPK2m (1.00); URIDK2 (1.00); _DADNK (1.00); _DGK1 (1.00); _DURIK1 (1.00); _DURIPP (1.00); _DUTPDPm (1.00); r0475 (1.00); r0531 (1.00); ADK1 (1.00); ADSL1 (1.00); ADSS (1.00); ATPM (1.00); CTPS2 (1.00); CYTDK1 (1.00); CYTK1 (1.00); CYTK1m (1.00); GK1 (1.00); GUAPRT (0.98); NDPK1 (1.00); NDPK10 (1.00); NDPK10n (1.00); NDPK1m (0.95); NDPK3m (1.00); NDPK4n (1.00); NDPK5 (1.00); NDPK6m (1.00); NDPK8 (1.00); NDPK8m (1.00); NTD2 (1.00); NTD8 (1.00); PUNP1 (1.00); PUNP2 (1.00); PUNP4 (1.00); PYNP2r (1.00); URIDK2 (1.00); ADK1 (1.00); ADSL1 (1.00); ADSL2 (1.00); ADSS (1.00); AICART (1.00); AIRCr (1.00); ATPM (1.00); GARFT (1.00); GK1 (1.00); GLUPRT (1.00); GUAPRT (0.98); IMPC (1.00); NDPK1 (1.00); NDPK10 (1.00); NDPK10n (1.00); NDPK1m (0.95); NDPK5 (1.00); NDPK8 (1.00); NDPK8m (1.00); NTD8 (1.00); PPM (0.98); PRAGSr (1.00); PRASCS (1.00); PRFGS (1.00); PRPPS (0.99); PUNP1 (1.00); PUNP2 (1.00); PUNP4 (1.00); GUAPRT (0.98); PUNP2 (1.00); PUNP4 (1.00); G6PDH2r (0.94); GND (1.00); PGL (0.94); PPM (0.98); PRPPS (0.99); RPI (1.00),223,216.36202790316156,187.26692609183758,29.095101811323985,0.13047130857095957
Nucleotide Salvage Pathway,0,2,0,0,6,56,,r0276 (0.00); r0276 (0.00),,,GMPR (2000.00); NTD7 (2000.00); PUNP3 (2000.00); GMPR (2000.00); NTD7 (2000.00); PUNP3 (2000.00),ADK1 (1.00); ADSL1 (1.00); ADSS (1.00); ATPM (1.00); CTPS2 (1.00); CYTDK1 (1.00); CYTK1 (1.00); CYTK1m (1.00); GK1 (1.00); GUAPRT (0.98); NDPK1 (1.00); NDPK10 (1.00); NDPK10n (1.00); NDPK1m (0.95); NDPK3m (1.00); NDPK4n (1.00); NDPK5 (1.00); NDPK6m (1.00); NDPK8 (1.00); NDPK8m (1.00); NTD2 (1.00); NTD8 (1.00); PUNP1 (1.00); PUNP2 (1.00); PUNP4 (1.00); PYNP2r (1.00); URIDK2 (1.00); ADK1 (1.00); ADSL1 (1.00); ADSL2 (1.00); ADSS (1.00); AICART (1.00); AIRCr (1.00); ATPM (1.00); GARFT (1.00); GK1 (1.00); GLUPRT (1.00); GUAPRT (0.98); IMPC (1.00); NDPK1 (1.00); NDPK10 (1.00); NDPK10n (1.00); NDPK1m (0.95); NDPK5 (1.00); NDPK8 (1.00); NDPK8m (1.00); NTD8 (1.00); PPM (0.98); PRAGSr (1.00); PRASCS (1.00); PRFGS (1.00); PRPPS (0.99); PUNP1 (1.00); PUNP2 (1.00); PUNP4 (1.00); GUAPRT (0.98),64,40.50821677552762,45.8581098222758,-5.3498930467481784,-0.08359207885544029
Nucleotide metabolism,4,5,4,6,16,145,r0552 (1.60); r0553 (1.60); r0552 (1.60); r0553 (1.60),r0552m (0.61); r0553m (0.61); r0276 (0.00); r0276 (0.00); r0276 (0.00),ALATA__L (3000.00); GLUDxm (3000.00); ALATA__L (3000.00); GLUDxm (3000.00),r0034 (1000.00); r0034 (1000.00); AHC (1000.00); CYSTGL (1000.00); CYSTS (1000.00); METAT (1000.00),CBPS (2000.00); CBPS (2000.00); CBPS (2000.00); CBPS (2000.00); P5CDm (2000.00); THRD__L (2000.00); GMPR (2000.00); NTD7 (2000.00); NTD9m (2000.00); GMPR (2000.00); NTD7 (2000.00); PUNP3 (2000.00); GMPR (2000.00); NTD7 (2000.00); PUNP3 (2000.00); PUNP3 (2000.00),ASPTA (1.00); GLUNm (1.01); ASPCTr (1.00); CTPS2 (1.00); CYTDK1 (1.00); CYTK1 (1.00); CYTK1m (1.00); NDPK3m (1.00); NDPK4n (1.00); NDPK6m (1.00); NTD2 (1.00); OMPDC (1.00); ORPT (1.00); PYNP2r (1.00); URIDK2 (1.00); ASPCTr (1.00); CTPS2 (1.00); OMPDC (1.00); ORPT (1.00); RE0452M (1.00); _DHORD9 (1.00); _DHORTS (1.00); ADSL1 (1.00); ADSS (1.00); ASPCTr (1.00); ASPTA (1.00); GHMT2rm (1.00); GLUNm (1.01); GLUPRT (1.00); PGCD (1.00); PSERT (1.00); PSP__Lm (1.00); AICART (1.00); FTHFL (1.00); GARFT (1.00); GHMT2rm (1.00); r0226 (1.00); ATPM (1.00); BIOMASS_maintenance (1.00); ADSL2 (1.00); AICART (1.00); AIRCr (1.00); GARFT (1.00); GLUPRT (1.00); IMPC (1.00); PRAGSr (1.00); PRASCS (1.00); PRFGS (1.00); r0666 (1.00); CYTDe (1.00); NTD2 (1.00); PYNP2r (1.00); _DCMPDA (1.00); ADK1 (1.00); ADKd (1.00); ADSL1 (1.00); ADSS (1.00); CYTDK1 (1.00); CYTK1 (1.00); CYTK12 (1.00); CYTK1m (1.00); GK1 (1.00); NDPK1 (1.00); NDPK10 (1.00); NDPK10n (1.00); NDPK1m (0.95); NDPK3m (1.00); NDPK4n (1.00); NDPK5 (1.00); NDPK6m (1.00); NDPK8 (1.00); NDPK8m (1.00); NTD8 (1.00); PUNP1 (1.00); RNDR2 (1.00); RNDR3 (1.00); TMDSm (1.00); TRDR (1.00); UMPK2m (1.00); URIDK2 (1.00); _DADNK (1.00); _DGK1 (1.00); _DURIK1 (1.00); _DURIPP (1.00); _DUTPDPm (1.00); r0475 (1.00); r0531 (1.00); ADK1 (1.00); ADSL1 (1.00); ADSS (1.00); ATPM (1.00); CTPS2 (1.00); CYTDK1 (1.00); CYTK1 (1.00); CYTK1m (1.00); GK1 (1.00); GUAPRT (0.98); NDPK1 (1.00); NDPK10 (1.00); NDPK10n (1.00); NDPK1m (0.95); NDPK3m (1.00); NDPK4n (1.00); NDPK5 (1.00); NDPK6m (1.00); NDPK8 (1.00); NDPK8m (1.00); NTD2 (1.00); NTD8 (1.00); PUNP1 (1.00); PUNP2 (1.00); PUNP4 (1.00); PYNP2r (1.00); URIDK2 (1.00); ADK1 (1.00); ADSL1 (1.00); ADSL2 (1.00); ADSS (1.00); AICART (1.00); AIRCr (1.00); ATPM (1.00); GARFT (1.00); GK1 (1.00); GLUPRT (1.00); GUAPRT (0.98); IMPC (1.00); NDPK1 (1.00); NDPK10 (1.00); NDPK10n (1.00); NDPK1m (0.95); NDPK5 (1.00); NDPK8 (1.00); NDPK8m (1.00); NTD8 (1.00); PPM (0.98); PRAGSr (1.00); PRASCS (1.00); PRFGS (1.00); PRPPS (0.99); PUNP1 (1.00); PUNP2 (1.00); PUNP4 (1.00); GUAPRT (0.98); PUNP2 (1.00); PUNP4 (1.00),180,109.46719042205889,103.79499502221432,5.672195399844568,0.031512196665803155
Oxidative Phosphorylation,0,4,0,0,0,1,,ATPS4m (0.72); CYOOm3 (0.65); CYOR_u10m (0.65); NADH2_u10m (0.58),,,,PPAm (1.00),5,22.248346726495157,33.276560567738116,-11.028213841242959,-2.205642768248592
Pantothenate And Coa Biosynthesis,9,4,2,9,3,52,VALTA (263.43); ENO (1.59); PGK (1.59); PGM (1.59); PYK (1.59); VALTA (263.43); VALTA (263.43); VALTA (263.43); VALTA (263.43),PHETA1 (0.17); PHETA1m (0.17); PHETA1 (0.17); PHETA1m (0.17),ALATA__L (3000.00); ALATA__L (3000.00),VALTAm (1000.00); CYSTGL (1000.00); CYSTS (1000.00); METAT (1000.00); VALTAm (1000.00); r0034 (1000.00); VALTAm (1000.00); VALTAm (1000.00); VALTAm (1000.00),PRO1xm (2000.00); THRD__L (2000.00); THRD__L (2000.00),2OXOADOXm (1.00); ACONTm (0.95); AKGDm (0.95); ASPTA (1.00); CSm (0.95); ICDHym (0.95); ILETA (1.00); PDHm (0.95); r0450 (1.00); ACONTm (0.95); ASPTA (1.00); CSm (0.95); GHMT2rm (1.00); ICDHym (0.95); ILETA (1.00); PCm (0.95); PGCD (1.00); PRPPS (0.99); PSERT (1.00); RPI (1.00); r0450 (1.00); 3HBCOAHLm (1.00); ACACT10m (1.00); ECOAH12m (1.00); ECOAH9m (1.00); HACD9m (1.00); HIBDm (1.00); ILETA (1.00); MMEm (1.00); MMMm (1.00); MMSAD1m (1.00); PPCOACm (1.00); r0385 (1.00); r0560 (1.00); r0561 (1.00); r0603 (1.00); r0604 (1.00); r0670 (1.00); 3HBCOAHLm (1.00); AACOAT (1.00); ACACT10m (1.00); ACACT1r (1.00); ECOAH12m (1.00); ECOAH9m (1.00); HACD9m (1.00); HMGCOASim (1.00); HMGLm (1.00); ILETA (1.00); MMEm (1.00); MMMm (1.00); MMSAD1m (1.00); PPCOACm (1.00),79,145.98923299072902,87.73634558830224,58.25288740242678,0.7373783215497061
Propanoate Metabolism,5,1,0,6,1,75,VALTA (263.43); VALTA (263.43); GLYCLTDy (2.06); GLYCTO1p (2.06); PYK (1.59),2HBO (0.02),,VALTAm (1000.00); VALTAm (1000.00); C160CPT1 (1000.00); r0434 (1000.00); C160CPT1 (1000.00); r0434 (1000.00),THRD__L (2000.00),ACONTm (0.95); AKGDm (0.95); CSm (0.95); FUM (1.00); FUMm (0.95); ICDHym (0.95); MDH (1.00); PCm (0.95); SUCOAS1m (0.95); r0509 (0.95); 3HBCOAHLm (1.00); ACACT10m (1.00); ECOAH12m (1.00); ECOAH9m (1.00); HACD9m (1.00); HIBDm (1.00); ILETA (1.00); MMEm (1.00); MMMm (1.00); MMSAD1m (1.00); PPCOACm (1.00); r0385 (1.00); r0560 (1.00); r0561 (1.00); r0603 (1.00); r0604 (1.00); r0670 (1.00); 3HBCOAHLm (1.00); AACOAT (1.00); ACACT10m (1.00); ACACT1r (1.00); ECOAH12m (1.00); ECOAH9m (1.00); HACD9m (1.00); HMGCOASim (1.00); HMGLm (1.00); ILETA (1.00); MMEm (1.00); MMMm (1.00); MMSAD1m (1.00); PPCOACm (1.00); ACACT1r (1.00); CSm (0.95); GHMT2rm (1.00); MDH (1.00); MMEm (1.00); MMMm (1.00); PPCOACm (1.00); ACACT1r (1.00); ACCOAC (1.00); ECOAH1m (1.00); HACD1m (1.00); _LCAT1e (1.00); ACACT1r (1.00); ACCOAC (1.00); ECOAH1m (1.00); HACD1m (1.00); ACACT1r (1.00); ACCOAC (1.00); FUM (1.00); FUMm (0.95); MDH (1.00); ME2m (0.95); PCm (0.95); ACCOAC (1.00); FAS100COA (1.00); FAS120COA (1.00); FAS140COA (1.00); FAS160COA (1.00); FAS80COA__L (1.00); ACCOAC (1.00); MMEm (1.00); MMMm (1.00); PPCOACm (1.00); SUCOAS1m (0.95),88,80.77484840155077,33.59969571540858,47.17515268614219,0.5360812805243431
Purine Catabolism,0,3,0,0,7,57,,r0276 (0.00); r0276 (0.00); r0276 (0.00),,,GMPR (2000.00); NTD7 (2000.00); PUNP3 (2000.00); GMPR (2000.00); NTD7 (2000.00); PUNP3 (2000.00); PUNP3 (2000.00),ADK1 (1.00); ADSL1 (1.00); ADSS (1.00); ATPM (1.00); CTPS2 (1.00); CYTDK1 (1.00); CYTK1 (1.00); CYTK1m (1.00); GK1 (1.00); GUAPRT (0.98); NDPK1 (1.00); NDPK10 (1.00); NDPK10n (1.00); NDPK1m (0.95); NDPK3m (1.00); NDPK4n (1.00); NDPK5 (1.00); NDPK6m (1.00); NDPK8 (1.00); NDPK8m (1.00); NTD2 (1.00); NTD8 (1.00); PUNP1 (1.00); PUNP2 (1.00); PUNP4 (1.00); PYNP2r (1.00); URIDK2 (1.00); ADK1 (1.00); ADSL1 (1.00); ADSL2 (1.00); ADSS (1.00); AICART (1.00); AIRCr (1.00); ATPM (1.00); GARFT (1.00); GK1 (1.00); GLUPRT (1.00); GUAPRT (0.98); IMPC (1.00); NDPK1 (1.00); NDPK10 (1.00); NDPK10n (1.00); NDPK1m (0.95); NDPK5 (1.00); NDPK8 (1.00); NDPK8m (1.00); NTD8 (1.00); PPM (0.98); PRAGSr (1.00); PRASCS (1.00); PRFGS (1.00); PRPPS (0.99); PUNP1 (1.00); PUNP2 (1.00); PUNP4 (1.00); PUNP2 (1.00); PUNP4 (1.00),67,40.50986921720412,47.15891214327768,-6.649042926073562,-0.09923944665781437
Redox & Pentose Metabolism,6,5,2,9,5,69,VALTA (263.43); ENO (1.59); PGK (1.59); PGM (1.59); PYK (1.59); VALTA (263.43),PHETA1 (0.17); PHETA1m (0.17); PHETA1 (0.17); PHETA1m (0.17); r0276 (0.00),ALATA__L (3000.00); ALATA__L (3000.00),VALTAm (1000.00); CYSTGL (1000.00); CYSTS (1000.00); METAT (1000.00); VALTAm (1000.00); r0034 (1000.00); FBA (1000.00); G6PDH1rer (1000.00); PGLer (1000.00),PRO1xm (2000.00); THRD__L (2000.00); GMPR (2000.00); NTD7 (2000.00); PUNP3 (2000.00),2OXOADOXm (1.00); ACONTm (0.95); AKGDm (0.95); ASPTA (1.00); CSm (0.95); ICDHym (0.95); ILETA (1.00); PDHm (0.95); r0450 (1.00); ACONTm (0.95); ASPTA (1.00); CSm (0.95); GHMT2rm (1.00); ICDHym (0.95); ILETA (1.00); PCm (0.95); PGCD (1.00); PRPPS (0.99); PSERT (1.00); RPI (1.00); r0450 (1.00); ACONTm (0.95); AKGDm (0.95); CSm (0.95); FUM (1.00); FUMm (0.95); ICDHym (0.95); MDH (1.00); PCm (0.95); SUCOAS1m (0.95); r0509 (0.95); ADK1 (1.00); ADSL1 (1.00); ADSL2 (1.00); ADSS (1.00); AICART (1.00); AIRCr (1.00); ATPM (1.00); GARFT (1.00); GK1 (1.00); GLUPRT (1.00); GUAPRT (0.98); IMPC (1.00); NDPK1 (1.00); NDPK10 (1.00); NDPK10n (1.00); NDPK1m (0.95); NDPK5 (1.00); NDPK8 (1.00); NDPK8m (1.00); NTD8 (1.00); PPM (0.98); PRAGSr (1.00); PRASCS (1.00); PRFGS (1.00); PRPPS (0.99); PUNP1 (1.00); PUNP2 (1.00); PUNP4 (1.00); GALU (1.00); GND (1.00); ICDHym (0.95); r0130 (1.00); G6PDH2r (0.94); GND (1.00); PGL (0.94); PPM (0.98); PRPPS (0.99); RPI (1.00),96,127.99660402797451,119.18737209735608,8.809231930618438,0.09176283261060873
Starch And Sucrose Metabolism,8,0,0,2,2,5,ENO (1.59); GAPD (1.59); HEX1 (415.69); PGK (1.59); PGM (1.59); PYK (1.59); TPI (1.59); HEX1 (415.69),,,PFK (1000.00); PGI (1000.00),RE0915C (2000.00); RE0915E (2000.00),GCC2cm (1.00); PDHm (0.95); PGMT (1.00); GLBRAN (1.00); GLGNS1 (1.00),17,75.61144652063449,41.610427898248716,34.00101862238577,2.000059918963869
Taurine And Hypotaurine Metabolism,2,2,6,3,4,14,r0552 (1.60); r0553 (1.60),r0552m (0.61); r0553m (0.61),ALATA__L (3000.00); GLUDxm (3000.00); GLUDxm (3000.00); GLUDxm (3000.00); ALATA__L (3000.00); GLUDxm (3000.00),r0034 (1000.00); r0034 (1000.00); r0034 (1000.00),CBPS (2000.00); CBPS (2000.00); P5CDm (2000.00); THRD__L (2000.00),ASPTA (1.00); GLUNm (1.01); r1418c (0.96); r1418m (0.96); ADSL1 (1.00); ADSS (1.00); ASPCTr (1.00); ASPTA (1.00); GHMT2rm (1.00); GLUNm (1.01); GLUPRT (1.00); PGCD (1.00); PSERT (1.00); PSP__Lm (1.00),31,30.471140729652255,24.986164354147334,5.484976375504921,0.17693472179048134
Terpenoid Backbone Biosynthesis,4,0,0,5,0,62,VALTA (263.43); GLYCLTDy (2.06); GLYCTO1p (2.06); PYK (1.59),,,VALTAm (1000.00); C160CPT1 (1000.00); r0434 (1000.00); C160CPT1 (1000.00); r0434 (1000.00),,2OXOADOXm (1.00); 3HKYNAKGAT (1.00); ACACT1r (1.00); ECOAH1m (1.00); FKYNH (1.00); HACD1m (1.00); KYN3OX (1.00); TRPO2 (1.00); r0541 (1.00); r0647 (1.00); 3HBCOAHLm (1.00); AACOAT (1.00); ACACT10m (1.00); ACACT1r (1.00); ECOAH12m (1.00); ECOAH9m (1.00); HACD9m (1.00); HMGCOASim (1.00); HMGLm (1.00); ILETA (1.00); MMEm (1.00); MMMm (1.00); MMSAD1m (1.00); PPCOACm (1.00); AACOAT (1.00); ACACT1r (1.00); ECOAH1m (1.00); HACD1m (1.00); HMGCOASim (1.00); HMGLm (1.00); ACACT1r (1.00); HMGCOASim (1.00); ACACT1r (1.00); CSm (0.95); GHMT2rm (1.00); MDH (1.00); MMEm (1.00); MMMm (1.00); PPCOACm (1.00); ACACT1r (1.00); ECOAH1m (1.00); HACD1m (1.00); SACCD3m (1.00); r0450 (1.00); r0525 (1.00); ACACT1r (1.00); ACCOAC (1.00); ECOAH1m (1.00); HACD1m (1.00); _LCAT1e (1.00); ACACT1r (1.00); ACCOAC (1.00); ECOAH1m (1.00); HACD1m (1.00); ACACT1r (1.00); ACCOAC (1.00); FUM (1.00); FUMm (0.95); MDH (1.00); ME2m (0.95); PCm (0.95); HMGCOASim (1.00),71,53.22598587203692,22.564737946939815,30.661247925097108,0.4318485623253114
"Transport, Endoplasmic Reticulum",0,0,0,13,0,1,,,,CO2ter (1000.00); G6Pter (1000.00); H2Oter (1000.00); HUMANGEM_MAR00466 (1000.00); HUMANGEM_MAR00730 (1000.00); HUMANGEM_MAR00771 (1000.00); HUMANGEM_MAR03953 (1000.00); HUMANGEM_MAR08526 (1000.00); HUMANGEM_MAR08737 (1000.00); PIter (1000.00); PPItr (1000.00); _DAG_HSter (1000.00); r0998 (1000.00),,PE_HSter (1.00),14,0.010133187344245603,0.0008575470313113,0.009275640312934303,0.0006625457366381645
"Transport, Nuclear",0,0,0,0,0,4,,,,,,_DIDPtn (1.00); _DITPtn (1.00); _DTDPtn (1.00); _DTTPtn (1.00),4,0.002401131687653,0.0024011316876716,-1.860013879029232e-14,-4.65003469757308e-15
"Transport, Peroxisomal",4,0,0,0,0,0,H2O2tp (2.06); HUMANGEM_MAR07705 (2.06); HUMANGEM_MAR07707 (2.06); O2tp (2.06),,,,,,4,39.14622316629368,18.97295897252014,20.17326419377354,5.043316048443385
Unknown,5,5,1,0,0,28,EX_glc__D_e (1.59); EX_h2o2_e (2.04); EX_h_e (1.81); EX_o2_e (1.39); EX_pyr_e (1.39),EX_2hb_e (0.02); EX_h2o_e (0.57); EX_nh4_e (0.01); EX_pro__L_e (0.23); EX_thr__L_e (0.36),EX_ala__L_e (3000.00),,,ARTPLM2 (1.00); ARTPLM3 (1.00); EX_C02470_e (1.00); EX_arg__L_e (1.06); EX_asn__L_e (1.00); EX_asp__L_e (1.00); EX_cgly_e (1.00); EX_chol_e (1.00); EX_chsterol_e (1.00); EX_co2_e (0.95); EX_cys__L_e (0.87); EX_gln__L_e (1.00); EX_glu__L_e (1.00); EX_gly_e (1.04); EX_gthrd_e (1.00); EX_his__L_e (1.00); EX_ile__L_e (1.00); EX_inost_e (1.00); EX_leu__L_e (1.00); EX_lys__L_e (1.00); EX_met__L_e (1.11); EX_phe__L_e (1.00); EX_pi_e (1.00); EX_ser__L_e (1.03); EX_trp__L_e (1.00); EX_tyr__L_e (1.00); EX_val__L_e (1.00); R_group_phosphotase_1 (1.00),39,51.9993702213813,37.286640742160564,14.712729479220734,0.37724947382617263
Vitamin C Metabolism,0,2,0,0,0,0,,ASCBOX (0.65); _DASCBR (0.65),,,,,2,0.0560756474823472,0.0858402593976618,-0.02976461191531459,-0.014882305957657296
