Pathway Groups,Increased,Decreased,On,Off,Unchanged,Increased_reactions,Decreased_reactions,Reversed_reactions,On_reactions,Off_reactions,Unchanged_reactions,n_reactions,flux_fast,flux_slow,total_flux_shift,mean_flux_shift
2-oxocarboxylic Acid Metabolism,40,26,20,4,64,ASPTA (1.49); r0034 (1.49); ASPTA (1.49); 3HKYNAKGAT (1.49); ACACT1r (1.49); FKYNH (1.49); KYN3OX (1.49); TRPO2 (1.49); r0647 (1.49); ASPTA (1.49); GHMT2rm (573.77); PGCD (573.77); PRPPS (1.49); PSERT (573.77); RPI (1.49); r0034 (1.49); FUM (1.49); MDH (1.49); ADSL1 (1.49); ADSS (1.49); ASPCTr (1.49); ASPTA (1.49); GCC2am (615.77); GCC2bim (615.77); GHMT2rm (573.77); GLUPRT (1.49); PGCD (573.77); PSERT (573.77); PSP__Lm (573.77); r0034 (1.49); AACOAT (1.49); ACACT1r (1.49); HMGCOASim (1.49); HMGLm (1.49); GCC2cm (4.54); PGMT (1.49); ACACT1r (1.49); GHMT2rm (573.77); MDH (1.49); ACACT1r (1.49),GLUDxm (0.57); VALTA (0.57); VALTA (0.57); VALTA (0.57); GLUDxm (0.57); 3HBCOAHLm (0.57); ECOAH12m (0.57); HIBDm (0.57); MMEm (0.73); MMMm (0.73); MMSAD1m (0.57); PPCOACm (0.73); VALTA (0.57); r0385 (0.57); r0560 (0.57); r0561 (0.57); 3HBCOAHLm (0.57); ECOAH12m (0.57); MMEm (0.73); MMMm (0.73); MMSAD1m (0.57); PPCOACm (0.73); VALTA (0.57); MMEm (0.73); MMMm (0.73); PPCOACm (0.73),,2OXOADOXm (1000.00); r0450 (1000.00); 2OXOADOXm (1000.00); SACCD3m (1000.00); r0450 (1000.00); r0525 (1000.00); r0594m (1000.00); 2OXOADOXm (1000.00); ECOAH1m (1000.00); HACD1m (1000.00); r0541 (1000.00); PRO1xm (1000.00); r0450 (1000.00); r0450 (1000.00); P5CDm (1000.00); ECOAH1m (1000.00); HACD1m (1000.00); SACCD3m (1000.00); r0450 (1000.00); r0525 (1000.00),ACACT1rm (2000.00); ACACT1rm (2000.00); ACACT1rm (2000.00); ACACT1rm (2000.00),ALATA__L (1.13); GLUNm (0.93); ACONTm (0.88); AKGDm (0.94); ALATA__L (1.13); CSm (0.88); ICDHxm (0.88); ILETA (0.84); PDHm (0.95); PHETA1 (1.10); PHETA1m (1.10); PHETA1 (1.10); PHETA1m (1.10); PHETA1 (1.10); PHETA1m (1.10); ACONTm (0.88); ALATA__L (1.13); CSm (0.88); ENO (0.98); ICDHxm (0.88); ILETA (0.84); PCm (0.88); PGK (1.00); PGM (0.98); PHETA1 (1.10); PHETA1m (1.10); PYK (0.98); ACONTm (0.88); AKGDm (0.94); CSm (0.88); FUMm (0.93); ICDHxm (0.88); PCm (0.88); SUCOASm (0.93); r0509 (0.93); ALATA__L (1.13); GLUNm (0.93); r0552 (1.04); r0552m (1.15); r0553 (1.04); r0553m (1.15); ACACT10m (0.84); ECOAH9m (0.84); HACD9m (0.84); ILETA (0.84); r0603 (0.84); r0604 (0.84); r0670 (0.84); ACACT10m (0.84); ECOAH9m (0.84); HACD9m (0.84); ILETA (0.84); ENO (0.98); GAPD (1.00); HEX1 (1.00); PDHm (0.95); PFK (1.00); PGI (1.00); PGK (1.00); PGM (0.98); PYK (0.98); TPI (1.00); _LDH__L (1.02); CSm (0.88),154,229.94553982530428,222.24399271344532,7.701547111858957,0.05001004618090232
"AA central (A/D/E,G/S/T)",167,10,8,1,59,ASPTA (1.49); r0034 (1.49); ASPTA (1.49); ASPTA (1.49); GHMT2rm (573.77); PGCD (573.77); PRPPS (1.49); PSERT (573.77); RPI (1.49); r0034 (1.49); r0034 (1.49); r0034 (1.49); PGCD (573.77); PSERT (573.77); GHMT2rm (573.77); GCC2am (615.77); GCC2bim (615.77); GHMT2rm (573.77); PGCD (573.77); PSERT (573.77); PSP__Lm (573.77); ASPCTr (1.49); CTPS2 (1.49); CYTDK1 (1.49); CYTK1 (1.49); CYTK1m (1.49); NDPK3m (1.49); NDPK4n (1.49); NDPK6m (1.49); NTD2 (1.49); OMPDC (1.49); ORPT (1.49); PYNP2r (1.49); URIDK2 (1.49); ASPCTr (1.49); CTPS2 (1.49); OMPDC (1.49); ORPT (1.49); RE0452M (1.49); _DHORD9 (1.49); _DHORTS (1.49); ADSL1 (1.49); ADSS (1.49); ASPCTr (1.49); ASPTA (1.49); GCC2am (615.77); GCC2bim (615.77); GHMT2rm (573.77); GLUPRT (1.49); PGCD (573.77); PSERT (573.77); PSP__Lm (573.77); r0034 (1.49); GHMT2rm (573.77); MDH (1.49); PGCD (573.77); PSERT (573.77); GCC2cm (4.54); PGMT (1.49); ACACT1r (1.49); GHMT2rm (573.77); MDH (1.49); AICART (1.49); FTHFL (1.49); GARFT (1.49); GHMT2rm (573.77); r0226 (1.49); ADSL2 (1.49); AICART (1.49); AIRCr (1.49); GARFT (1.49); GLUPRT (1.49); IMPC (1.49); PRAGSr (1.49); PRASCS (1.49); PRFGS (1.49); r0666 (1.49); ADK1 (1.49); ADKd (1.49); ADSL1 (1.49); ADSS (1.49); CYTDK1 (1.49); CYTK1 (1.49); CYTK12 (1.49); CYTK1m (1.49); GK1 (1.49); NDPK1 (1.49); NDPK10 (1.49); NDPK10n (1.49); NDPK3m (1.49); NDPK4n (1.49); NDPK5 (1.49); NDPK6m (1.49); NDPK8 (1.49); NDPK8m (1.49); NTD7 (1.49); NTD8 (1.49); NTD9m (1.49); PUNP1 (1.49); RNDR2 (1.49); RNDR3 (1.49); TMDSm (1.49); TRDR (1.49); UMPK2m (1.49); URIDK2 (1.49); _DADNK (1.49); _DGK1 (1.49); _DURIK1 (1.49); _DURIPP (1.49); _DUTPDPm (1.49); r0475 (1.49); r0531 (1.49); ADK1 (1.49); ADSL1 (1.49); ADSS (1.49); CTPS2 (1.49); CYTDK1 (1.49); CYTK1 (1.49); CYTK1m (1.49); GK1 (1.49); GUAPRT (1.49); NDPK1 (1.49); NDPK10 (1.49); NDPK10n (1.49); NDPK3m (1.49); NDPK4n (1.49); NDPK5 (1.49); NDPK6m (1.49); NDPK8 (1.49); NDPK8m (1.49); NTD2 (1.49); NTD7 (1.49); NTD8 (1.49); PUNP1 (1.49); PUNP2 (1.49); PUNP3 (1.49); PUNP4 (1.49); PYNP2r (1.49); URIDK2 (1.49); ADK1 (1.49); ADSL1 (1.49); ADSL2 (1.49); ADSS (1.49); AICART (1.49); AIRCr (1.49); GARFT (1.49); GK1 (1.49); GLUPRT (1.49); GUAPRT (1.49); IMPC (1.49); NDPK1 (1.49); NDPK10 (1.49); NDPK10n (1.49); NDPK5 (1.49); NDPK8 (1.49); NDPK8m (1.49); NTD7 (1.49); NTD8 (1.49); PPM (1.49); PRAGSr (1.49); PRASCS (1.49); PRFGS (1.49); PRPPS (1.49); PUNP1 (1.49); PUNP2 (1.49); PUNP3 (1.49); PUNP4 (1.49),GLUDxm (0.57); VALTA (0.57); VALTA (0.57); GLUDxm (0.57); GLUDxm (0.57); r1418 (0.55); GLUDxm (0.57); MMEm (0.73); MMMm (0.73); PPCOACm (0.73),,2OXOADOXm (1000.00); r0450 (1000.00); PRO1xm (1000.00); r0450 (1000.00); P5CDm (1000.00); FTHFDHm (1000.00); MTHFCm (1000.00); MTHFD2m (1000.00),ACACT1rm (2000.00),ALATA__L (1.13); GLUNm (0.93); ACONTm (0.88); AKGDm (0.94); ALATA__L (1.13); CSm (0.88); ICDHxm (0.88); ILETA (0.84); PDHm (0.95); PHETA1 (1.10); PHETA1m (1.10); ACONTm (0.88); ALATA__L (1.13); CSm (0.88); ENO (0.98); ICDHxm (0.88); ILETA (0.84); PCm (0.88); PGK (1.00); PGM (0.98); PHETA1 (1.10); PHETA1m (1.10); PYK (0.98); r1418c (1.06); r1418m (0.94); PGM (0.98); r0552 (1.04); r0552m (1.15); r0553 (1.04); r0553m (1.15); ALATA__L (1.13); GLUNm (0.93); r0552 (1.04); r0552m (1.15); r0553 (1.04); r0553m (1.15); ENO (0.98); PGM (0.98); ENO (0.98); GAPD (1.00); HEX1 (1.00); PDHm (0.95); PFK (1.00); PGI (1.00); PGK (1.00); PGM (0.98); PYK (0.98); TPI (1.00); _LDH__L (1.02); CSm (0.88); r0552 (1.04); r0553 (1.04); GMPR (0.97); ATPM (1.00); GMPR (0.97); r0276 (0.97); ATPM (1.00); GMPR (0.97); r0276 (0.97),245,271.03762347756054,261.72787928308793,9.309744194472614,0.03799895589580659
AA other (Cys/Met/Lys/Arg/Pro),65,17,27,9,47,ASPTA (1.49); r0034 (1.49); ASPTA (1.49); 3HKYNAKGAT (1.49); ACACT1r (1.49); FKYNH (1.49); KYN3OX (1.49); TRPO2 (1.49); r0647 (1.49); ASPTA (1.49); GHMT2rm (573.77); PGCD (573.77); PRPPS (1.49); PSERT (573.77); RPI (1.49); r0034 (1.49); r0034 (1.49); r0034 (1.49); PGCD (573.77); PSERT (573.77); GCC2am (615.77); GCC2bim (615.77); GHMT2rm (573.77); PGCD (573.77); PSERT (573.77); PSP__Lm (573.77); ADSL1 (1.49); ADSS (1.49); ASPCTr (1.49); ASPTA (1.49); GCC2am (615.77); GCC2bim (615.77); GHMT2rm (573.77); GLUPRT (1.49); PGCD (573.77); PSERT (573.77); PSP__Lm (573.77); r0034 (1.49); AACOAT (1.49); ACACT1r (1.49); HMGCOASim (1.49); HMGLm (1.49); GHMT2rm (573.77); MDH (1.49); PGCD (573.77); PSERT (573.77); AACOAT (1.49); ACACT1r (1.49); HMGCOASim (1.49); HMGLm (1.49); ACACT1r (1.49); HMGCOASim (1.49); ACACT1r (1.49); GHMT2rm (573.77); MDH (1.49); ACACT1r (1.49); ACACT1r (1.49); ACCOACm (1.49); _LCAT1e (1.49); ACACT1r (1.49); ACCOACm (1.49); ACACT1r (1.49); ACCOACm (1.49); FUM (1.49); MDH (1.49),GLUDxm (0.57); VALTA (0.57); VALTA (0.57); GLUDxm (0.57); GLUDxm (0.57); r1418 (0.55); GLUDxm (0.57); 3HBCOAHLm (0.57); ECOAH12m (0.57); MMEm (0.73); MMMm (0.73); MMSAD1m (0.57); PPCOACm (0.73); VALTA (0.57); MMEm (0.73); MMMm (0.73); PPCOACm (0.73),,2OXOADOXm (1000.00); r0450 (1000.00); 2OXOADOXm (1000.00); SACCD3m (1000.00); r0450 (1000.00); r0525 (1000.00); r0594m (1000.00); 2OXOADOXm (1000.00); ECOAH1m (1000.00); HACD1m (1000.00); r0541 (1000.00); PRO1xm (1000.00); r0450 (1000.00); r0450 (1000.00); P5CDm (1000.00); PRO1xm (1000.00); ECOAH1m (1000.00); HACD1m (1000.00); ECOAH1m (1000.00); HACD1m (1000.00); SACCD3m (1000.00); r0450 (1000.00); r0525 (1000.00); ECOAH1m (1000.00); HACD1m (1000.00); ECOAH1m (1000.00); HACD1m (1000.00),ACACT1rm (2000.00); ACACT1rm (2000.00); ACACT1rm (2000.00); ACACT1rm (2000.00); ACACT1rm (2000.00); ACACT1rm (2000.00); ACACT1rm (2000.00); ACACT1rm (2000.00); ACACT1rm (2000.00),ALATA__L (1.13); GLUNm (0.93); ACONTm (0.88); AKGDm (0.94); ALATA__L (1.13); CSm (0.88); ICDHxm (0.88); ILETA (0.84); PDHm (0.95); PHETA1 (1.10); PHETA1m (1.10); ACONTm (0.88); ALATA__L (1.13); CSm (0.88); ENO (0.98); ICDHxm (0.88); ILETA (0.84); PCm (0.88); PGK (1.00); PGM (0.98); PHETA1 (1.10); PHETA1m (1.10); PYK (0.98); r1418c (1.06); r1418m (0.94); PGM (0.98); r0552 (1.04); r0552m (1.15); r0553 (1.04); r0553m (1.15); ALATA__L (1.13); GLUNm (0.93); r0552 (1.04); r0552m (1.15); r0553 (1.04); r0553m (1.15); ACACT10m (0.84); ECOAH9m (0.84); HACD9m (0.84); ILETA (0.84); ENO (0.98); PGM (0.98); CSm (0.88); FUMm (0.93); ME2m (0.91); PCm (0.88); PYK (0.98),165,157.25287366073763,150.24392829325777,7.008945367479868,0.042478456772605255
AAA metabolism (Trp/Phe/Tyr),37,12,24,9,34,ASPTA (1.49); 3HKYNAKGAT (1.49); ACACT1r (1.49); FKYNH (1.49); KYN3OX (1.49); TRPO2 (1.49); r0647 (1.49); ASPTA (1.49); GHMT2rm (573.77); PGCD (573.77); PRPPS (1.49); PSERT (573.77); RPI (1.49); r0034 (1.49); AACOAT (1.49); ACACT1r (1.49); HMGCOASim (1.49); HMGLm (1.49); AACOAT (1.49); ACACT1r (1.49); HMGCOASim (1.49); HMGLm (1.49); ACACT1r (1.49); HMGCOASim (1.49); ACACT1r (1.49); GHMT2rm (573.77); MDH (1.49); ACACT1r (1.49); ACACT1r (1.49); ACCOACm (1.49); _LCAT1e (1.49); ACACT1r (1.49); ACCOACm (1.49); ACACT1r (1.49); ACCOACm (1.49); FUM (1.49); MDH (1.49),VALTA (0.57); VALTA (0.57); 3HBCOAHLm (0.57); ECOAH12m (0.57); MMEm (0.73); MMMm (0.73); MMSAD1m (0.57); PPCOACm (0.73); VALTA (0.57); MMEm (0.73); MMMm (0.73); PPCOACm (0.73),,2OXOADOXm (1000.00); r0450 (1000.00); 2OXOADOXm (1000.00); SACCD3m (1000.00); r0450 (1000.00); r0525 (1000.00); r0594m (1000.00); 2OXOADOXm (1000.00); ECOAH1m (1000.00); HACD1m (1000.00); r0541 (1000.00); PRO1xm (1000.00); r0450 (1000.00); ECOAH1m (1000.00); HACD1m (1000.00); ECOAH1m (1000.00); HACD1m (1000.00); SACCD3m (1000.00); r0450 (1000.00); r0525 (1000.00); ECOAH1m (1000.00); HACD1m (1000.00); ECOAH1m (1000.00); HACD1m (1000.00),ACACT1rm (2000.00); ACACT1rm (2000.00); ACACT1rm (2000.00); ACACT1rm (2000.00); ACACT1rm (2000.00); ACACT1rm (2000.00); ACACT1rm (2000.00); ACACT1rm (2000.00); ACACT1rm (2000.00),ACONTm (0.88); AKGDm (0.94); ALATA__L (1.13); CSm (0.88); ICDHxm (0.88); ILETA (0.84); PDHm (0.95); PHETA1 (1.10); PHETA1m (1.10); PHETA1 (1.10); PHETA1m (1.10); PHETA1 (1.10); PHETA1m (1.10); ACONTm (0.88); ALATA__L (1.13); CSm (0.88); ENO (0.98); ICDHxm (0.88); ILETA (0.84); PCm (0.88); PGK (1.00); PGM (0.98); PHETA1 (1.10); PHETA1m (1.10); PYK (0.98); ACACT10m (0.84); ECOAH9m (0.84); HACD9m (0.84); ILETA (0.84); CSm (0.88); FUMm (0.93); ME2m (0.91); PCm (0.88); PYK (0.98),116,146.45337014219993,139.5489536896185,6.904416452581444,0.05952083148777107
BCAA metabolism (Val/Leu/Iso),40,27,19,9,38,ASPTA (1.49); 3HKYNAKGAT (1.49); ACACT1r (1.49); FKYNH (1.49); KYN3OX (1.49); TRPO2 (1.49); r0647 (1.49); ASPTA (1.49); GHMT2rm (573.77); PGCD (573.77); PRPPS (1.49); PSERT (573.77); RPI (1.49); r0034 (1.49); AACOAT (1.49); ACACT1r (1.49); HMGCOASim (1.49); HMGLm (1.49); AACOAT (1.49); ACACT1r (1.49); HMGCOASim (1.49); HMGLm (1.49); HMGLm (1.49); ACACT1r (1.49); HMGCOASim (1.49); ACACT1r (1.49); GHMT2rm (573.77); MDH (1.49); ACACT1r (1.49); ACACT1r (1.49); ACCOACm (1.49); _LCAT1e (1.49); ACACT1r (1.49); ACCOACm (1.49); ACACT1r (1.49); ACCOACm (1.49); FUM (1.49); MDH (1.49); HMGCOASim (1.49); ACCOACm (1.49),VALTA (0.57); VALTA (0.57); VALTA (0.57); 3HBCOAHLm (0.57); ECOAH12m (0.57); HIBDm (0.57); MMEm (0.73); MMMm (0.73); MMSAD1m (0.57); PPCOACm (0.73); VALTA (0.57); r0385 (0.57); r0560 (0.57); r0561 (0.57); 3HBCOAHLm (0.57); ECOAH12m (0.57); MMEm (0.73); MMMm (0.73); MMSAD1m (0.57); PPCOACm (0.73); VALTA (0.57); MMEm (0.73); MMMm (0.73); PPCOACm (0.73); MMEm (0.73); MMMm (0.73); PPCOACm (0.73),,2OXOADOXm (1000.00); r0450 (1000.00); 2OXOADOXm (1000.00); ECOAH1m (1000.00); HACD1m (1000.00); r0541 (1000.00); PRO1xm (1000.00); r0450 (1000.00); ECOAH1m (1000.00); HACD1m (1000.00); ECOAH1m (1000.00); HACD1m (1000.00); SACCD3m (1000.00); r0450 (1000.00); r0525 (1000.00); ECOAH1m (1000.00); HACD1m (1000.00); ECOAH1m (1000.00); HACD1m (1000.00),ACACT1rm (2000.00); ACACT1rm (2000.00); ACACT1rm (2000.00); ACACT1rm (2000.00); ACACT1rm (2000.00); ACACT1rm (2000.00); ACACT1rm (2000.00); ACACT1rm (2000.00); ACACT1rm (2000.00),ACONTm (0.88); AKGDm (0.94); ALATA__L (1.13); CSm (0.88); ICDHxm (0.88); ILETA (0.84); PDHm (0.95); PHETA1 (1.10); PHETA1m (1.10); ACONTm (0.88); ALATA__L (1.13); CSm (0.88); ENO (0.98); ICDHxm (0.88); ILETA (0.84); PCm (0.88); PGK (1.00); PGM (0.98); PHETA1 (1.10); PHETA1m (1.10); PYK (0.98); ACACT10m (0.84); ECOAH9m (0.84); HACD9m (0.84); ILETA (0.84); r0603 (0.84); r0604 (0.84); r0670 (0.84); ACACT10m (0.84); ECOAH9m (0.84); HACD9m (0.84); ILETA (0.84); CSm (0.88); FUMm (0.93); ME2m (0.91); PCm (0.88); PYK (0.98); SUCOASm (0.93),133,104.89379796040183,102.12756777891299,2.7662301814888366,0.020798723169088998
Biomass And Maintenance Functions,56,0,0,0,7,BIOMASS_maintenance (1.49); ADK1 (1.49); ADSL1 (1.49); ADSS (1.49); CTPS2 (1.49); CYTDK1 (1.49); CYTK1 (1.49); CYTK1m (1.49); GK1 (1.49); GUAPRT (1.49); NDPK1 (1.49); NDPK10 (1.49); NDPK10n (1.49); NDPK3m (1.49); NDPK4n (1.49); NDPK5 (1.49); NDPK6m (1.49); NDPK8 (1.49); NDPK8m (1.49); NTD2 (1.49); NTD7 (1.49); NTD8 (1.49); PUNP1 (1.49); PUNP2 (1.49); PUNP3 (1.49); PUNP4 (1.49); PYNP2r (1.49); URIDK2 (1.49); ADK1 (1.49); ADSL1 (1.49); ADSL2 (1.49); ADSS (1.49); AICART (1.49); AIRCr (1.49); GARFT (1.49); GK1 (1.49); GLUPRT (1.49); GUAPRT (1.49); IMPC (1.49); NDPK1 (1.49); NDPK10 (1.49); NDPK10n (1.49); NDPK5 (1.49); NDPK8 (1.49); NDPK8m (1.49); NTD7 (1.49); NTD8 (1.49); PPM (1.49); PRAGSr (1.49); PRASCS (1.49); PRFGS (1.49); PRPPS (1.49); PUNP1 (1.49); PUNP2 (1.49); PUNP3 (1.49); PUNP4 (1.49),,,,,ATPM (1.00); ATPM (1.00); GMPR (0.97); r0276 (0.97); ATPM (1.00); GMPR (0.97); r0276 (0.97),63,60.77295886847117,60.50779905405976,0.2651598144114118,0.004208885943038283
Biosynthesis Of Amino Acids,92,28,20,4,83,ASPTA (1.49); r0034 (1.49); ASPTA (1.49); ASPTA (1.49); GHMT2rm (573.77); PGCD (573.77); PRPPS (1.49); PSERT (573.77); RPI (1.49); r0034 (1.49); FUM (1.49); MDH (1.49); r0034 (1.49); r0034 (1.49); PGCD (573.77); PSERT (573.77); GHMT2rm (573.77); GCC2am (615.77); GCC2bim (615.77); GHMT2rm (573.77); PGCD (573.77); PSERT (573.77); PSP__Lm (573.77); ADSL1 (1.49); ADSS (1.49); ASPCTr (1.49); ASPTA (1.49); GCC2am (615.77); GCC2bim (615.77); GHMT2rm (573.77); GLUPRT (1.49); PGCD (573.77); PSERT (573.77); PSP__Lm (573.77); r0034 (1.49); AACOAT (1.49); ACACT1r (1.49); HMGCOASim (1.49); HMGLm (1.49); GHMT2rm (573.77); MDH (1.49); PGCD (573.77); PSERT (573.77); GCC2cm (4.54); PGMT (1.49); ACACT1r (1.49); GHMT2rm (573.77); MDH (1.49); ACACT1r (1.49); ACACT1r (1.49); ACCOACm (1.49); FUM (1.49); MDH (1.49); AICART (1.49); FTHFL (1.49); GARFT (1.49); GHMT2rm (573.77); r0226 (1.49); ADK1 (1.49); ADSL1 (1.49); ADSL2 (1.49); ADSS (1.49); AICART (1.49); AIRCr (1.49); GARFT (1.49); GK1 (1.49); GLUPRT (1.49); GUAPRT (1.49); IMPC (1.49); NDPK1 (1.49); NDPK10 (1.49); NDPK10n (1.49); NDPK5 (1.49); NDPK8 (1.49); NDPK8m (1.49); NTD7 (1.49); NTD8 (1.49); PPM (1.49); PRAGSr (1.49); PRASCS (1.49); PRFGS (1.49); PRPPS (1.49); PUNP1 (1.49); PUNP2 (1.49); PUNP3 (1.49); PUNP4 (1.49); G6PDH2r (1.49); GND (1.49); PGL (1.49); PPM (1.49); PRPPS (1.49); RPI (1.49),GLUDxm (0.57); VALTA (0.57); VALTA (0.57); VALTA (0.57); GLUDxm (0.57); r1418 (0.55); GLUDxm (0.57); 3HBCOAHLm (0.57); ECOAH12m (0.57); HIBDm (0.57); MMEm (0.73); MMMm (0.73); MMSAD1m (0.57); PPCOACm (0.73); VALTA (0.57); r0385 (0.57); r0560 (0.57); r0561 (0.57); 3HBCOAHLm (0.57); ECOAH12m (0.57); MMEm (0.73); MMMm (0.73); MMSAD1m (0.57); PPCOACm (0.73); VALTA (0.57); MMEm (0.73); MMMm (0.73); PPCOACm (0.73),,2OXOADOXm (1000.00); r0450 (1000.00); 2OXOADOXm (1000.00); SACCD3m (1000.00); r0450 (1000.00); r0525 (1000.00); r0594m (1000.00); PRO1xm (1000.00); r0450 (1000.00); r0450 (1000.00); P5CDm (1000.00); PRO1xm (1000.00); ECOAH1m (1000.00); HACD1m (1000.00); SACCD3m (1000.00); r0450 (1000.00); r0525 (1000.00); FTHFDHm (1000.00); MTHFCm (1000.00); MTHFD2m (1000.00),ACACT1rm (2000.00); ACACT1rm (2000.00); ACACT1rm (2000.00); ACACT1rm (2000.00),ALATA__L (1.13); GLUNm (0.93); ACONTm (0.88); AKGDm (0.94); ALATA__L (1.13); CSm (0.88); ICDHxm (0.88); ILETA (0.84); PDHm (0.95); PHETA1 (1.10); PHETA1m (1.10); PHETA1 (1.10); PHETA1m (1.10); PHETA1 (1.10); PHETA1m (1.10); ACONTm (0.88); ALATA__L (1.13); CSm (0.88); ENO (0.98); ICDHxm (0.88); ILETA (0.84); PCm (0.88); PGK (1.00); PGM (0.98); PHETA1 (1.10); PHETA1m (1.10); PYK (0.98); ACONTm (0.88); AKGDm (0.94); CSm (0.88); FUMm (0.93); ICDHxm (0.88); PCm (0.88); SUCOASm (0.93); r0509 (0.93); r1418c (1.06); r1418m (0.94); PGM (0.98); r0552 (1.04); r0552m (1.15); r0553 (1.04); r0553m (1.15); ALATA__L (1.13); GLUNm (0.93); r0552 (1.04); r0552m (1.15); r0553 (1.04); r0553m (1.15); ACACT10m (0.84); ECOAH9m (0.84); HACD9m (0.84); ILETA (0.84); r0603 (0.84); r0604 (0.84); r0670 (0.84); ACACT10m (0.84); ECOAH9m (0.84); HACD9m (0.84); ILETA (0.84); ENO (0.98); PGM (0.98); ENO (0.98); GAPD (1.00); HEX1 (1.00); PDHm (0.95); PFK (1.00); PGI (1.00); PGK (1.00); PGM (0.98); PYK (0.98); TPI (1.00); _LDH__L (1.02); CSm (0.88); FUMm (0.93); ME2m (0.91); PCm (0.88); PYK (0.98); r0552 (1.04); r0553 (1.04); ATPM (1.00); GMPR (0.97); r0276 (0.97); FBA (1.00),227,316.1571065749717,304.3381486904172,11.818957884554493,0.05206589376455724
Butanoate Metabolism,31,10,15,9,9,3HKYNAKGAT (1.49); ACACT1r (1.49); FKYNH (1.49); KYN3OX (1.49); TRPO2 (1.49); r0647 (1.49); AACOAT (1.49); ACACT1r (1.49); HMGCOASim (1.49); HMGLm (1.49); AACOAT (1.49); ACACT1r (1.49); HMGCOASim (1.49); HMGLm (1.49); HMGLm (1.49); ACACT1r (1.49); HMGCOASim (1.49); ACACT1r (1.49); GHMT2rm (573.77); MDH (1.49); ACACT1r (1.49); ACACT1r (1.49); ACCOACm (1.49); _LCAT1e (1.49); ACACT1r (1.49); ACCOACm (1.49); ACACT1r (1.49); ACCOACm (1.49); FUM (1.49); MDH (1.49); HMGCOASim (1.49),3HBCOAHLm (0.57); ECOAH12m (0.57); MMEm (0.73); MMMm (0.73); MMSAD1m (0.57); PPCOACm (0.73); VALTA (0.57); MMEm (0.73); MMMm (0.73); PPCOACm (0.73),,2OXOADOXm (1000.00); ECOAH1m (1000.00); HACD1m (1000.00); r0541 (1000.00); ECOAH1m (1000.00); HACD1m (1000.00); ECOAH1m (1000.00); HACD1m (1000.00); SACCD3m (1000.00); r0450 (1000.00); r0525 (1000.00); ECOAH1m (1000.00); HACD1m (1000.00); ECOAH1m (1000.00); HACD1m (1000.00),ACACT1rm (2000.00); ACACT1rm (2000.00); ACACT1rm (2000.00); ACACT1rm (2000.00); ACACT1rm (2000.00); ACACT1rm (2000.00); ACACT1rm (2000.00); ACACT1rm (2000.00); ACACT1rm (2000.00),ACACT10m (0.84); ECOAH9m (0.84); HACD9m (0.84); ILETA (0.84); CSm (0.88); FUMm (0.93); ME2m (0.91); PCm (0.88); PYK (0.98),74,14.427343239578114,14.614164469457931,-0.18682122987981664,-0.0025246112145921166
Central Energy Metabolism,60,15,19,9,58,ASPTA (1.49); 3HKYNAKGAT (1.49); ACACT1r (1.49); FKYNH (1.49); KYN3OX (1.49); TRPO2 (1.49); r0647 (1.49); ASPTA (1.49); GHMT2rm (573.77); PGCD (573.77); PRPPS (1.49); PSERT (573.77); RPI (1.49); r0034 (1.49); FUM (1.49); MDH (1.49); GCC2am (615.77); GCC2bim (615.77); GHMT2rm (573.77); PGCD (573.77); PSERT (573.77); PSP__Lm (573.77); AACOAT (1.49); ACACT1r (1.49); HMGCOASim (1.49); HMGLm (1.49); GHMT2rm (573.77); MDH (1.49); PGCD (573.77); PSERT (573.77); GCC2cm (4.54); PGMT (1.49); AACOAT (1.49); ACACT1r (1.49); HMGCOASim (1.49); HMGLm (1.49); ACACT1r (1.49); HMGCOASim (1.49); ACACT1r (1.49); GHMT2rm (573.77); MDH (1.49); ACACT1r (1.49); ACACT1r (1.49); ACCOACm (1.49); _LCAT1e (1.49); ACACT1r (1.49); ACCOACm (1.49); ACACT1r (1.49); ACCOACm (1.49); FUM (1.49); MDH (1.49); ACCOACm (1.49); FAS100COA (1.49); FAS120COA (1.49); FAS140COA (1.49); FAS160COA (1.49); FAS80COA__L (1.49); ACCOACm (1.49); GLBRAN (1.49); GLGNS1 (1.49),VALTA (0.57); VALTA (0.57); 3HBCOAHLm (0.57); ECOAH12m (0.57); MMEm (0.73); MMMm (0.73); MMSAD1m (0.57); PPCOACm (0.73); VALTA (0.57); MMEm (0.73); MMMm (0.73); PPCOACm (0.73); MMEm (0.73); MMMm (0.73); PPCOACm (0.73),,2OXOADOXm (1000.00); r0450 (1000.00); 2OXOADOXm (1000.00); ECOAH1m (1000.00); HACD1m (1000.00); r0541 (1000.00); PRO1xm (1000.00); r0450 (1000.00); ECOAH1m (1000.00); HACD1m (1000.00); ECOAH1m (1000.00); HACD1m (1000.00); SACCD3m (1000.00); r0450 (1000.00); r0525 (1000.00); ECOAH1m (1000.00); HACD1m (1000.00); ECOAH1m (1000.00); HACD1m (1000.00),ACACT1rm (2000.00); ACACT1rm (2000.00); ACACT1rm (2000.00); ACACT1rm (2000.00); ACACT1rm (2000.00); ACACT1rm (2000.00); ACACT1rm (2000.00); ACACT1rm (2000.00); ACACT1rm (2000.00),ACONTm (0.88); AKGDm (0.94); ALATA__L (1.13); CSm (0.88); ICDHxm (0.88); ILETA (0.84); PDHm (0.95); PHETA1 (1.10); PHETA1m (1.10); ACONTm (0.88); ALATA__L (1.13); CSm (0.88); ENO (0.98); ICDHxm (0.88); ILETA (0.84); PCm (0.88); PGK (1.00); PGM (0.98); PHETA1 (1.10); PHETA1m (1.10); PYK (0.98); ACONTm (0.88); AKGDm (0.94); CSm (0.88); FUMm (0.93); ICDHxm (0.88); PCm (0.88); SUCOASm (0.93); r0509 (0.93); PGM (0.98); r0552 (1.04); r0552m (1.15); r0553 (1.04); r0553m (1.15); ACACT10m (0.84); ECOAH9m (0.84); HACD9m (0.84); ILETA (0.84); ENO (0.98); PGM (0.98); ENO (0.98); GAPD (1.00); HEX1 (1.00); PDHm (0.95); PFK (1.00); PGI (1.00); PGK (1.00); PGM (0.98); PYK (0.98); TPI (1.00); _LDH__L (1.02); CSm (0.88); FUMm (0.93); ME2m (0.91); PCm (0.88); PYK (0.98); SUCOASm (0.93); HEX1 (1.00),161,233.66065196536346,229.50328802274717,4.157363942616286,0.025822136289542146
Cyanoamino Acid Metabolism,38,5,6,1,28,ASPTA (1.49); GHMT2rm (573.77); PGCD (573.77); PRPPS (1.49); PSERT (573.77); RPI (1.49); r0034 (1.49); GHMT2rm (573.77); GCC2am (615.77); GCC2bim (615.77); GHMT2rm (573.77); PGCD (573.77); PSERT (573.77); PSP__Lm (573.77); ADSL1 (1.49); ADSS (1.49); ASPCTr (1.49); ASPTA (1.49); GCC2am (615.77); GCC2bim (615.77); GHMT2rm (573.77); GLUPRT (1.49); PGCD (573.77); PSERT (573.77); PSP__Lm (573.77); r0034 (1.49); GHMT2rm (573.77); MDH (1.49); PGCD (573.77); PSERT (573.77); ACACT1r (1.49); GHMT2rm (573.77); MDH (1.49); AICART (1.49); FTHFL (1.49); GARFT (1.49); GHMT2rm (573.77); r0226 (1.49),VALTA (0.57); GLUDxm (0.57); MMEm (0.73); MMMm (0.73); PPCOACm (0.73),,PRO1xm (1000.00); r0450 (1000.00); P5CDm (1000.00); FTHFDHm (1000.00); MTHFCm (1000.00); MTHFD2m (1000.00),ACACT1rm (2000.00),ACONTm (0.88); ALATA__L (1.13); CSm (0.88); ENO (0.98); ICDHxm (0.88); ILETA (0.84); PCm (0.88); PGK (1.00); PGM (0.98); PHETA1 (1.10); PHETA1m (1.10); PYK (0.98); PGM (0.98); r0552 (1.04); r0552m (1.15); r0553 (1.04); r0553m (1.15); ALATA__L (1.13); GLUNm (0.93); r0552 (1.04); r0552m (1.15); r0553 (1.04); r0553m (1.15); ENO (0.98); PGM (0.98); CSm (0.88); r0552 (1.04); r0553 (1.04),78,118.00140804986037,110.16443813613098,7.836969913729391,0.10047397325294091
Extracellular Transport,24,2,3,5,12,ASNtN1 (1.49); CHOLESTTDe (1.49); CHOLESTle (1.49); CHOLtu (1.49); CO2t (1.78); CYSGLUexR (2.52); CYTDt (1.49); HIStN1 (1.49); INSTt2 (1.49); PCt (1.49); PHEtec (1.49); PIt9 (1.49); PROt4 (3.21); PSFLIP (1.49); RTOTALt (1.49); SERt4 (1.49); THRt4 (1.49); TRPt (1.49); TYRPHELAT2tc (1.49); URIt (1.49); _LPCHOLt (1.49); _LYSt5r (2.26); r1030 (1.49); r1402 (1.49),GLUt4 (0.64); PYRt2 (0.64),,ARGLYSex (1000.00); METt4 (1000.00); _LEUt4 (1000.00),ALAtN1 (2000.00); BTNt2 (2000.00); BTNt4i (2000.00); METtec (2000.00); _LEUtec (2000.00),2HCO3_NAt (1.07); ARGATB0tc (1.17); GLCt1 (1.00); GLNtN1 (0.92); H2O2t (1.09); ILEtec (1.00); KCCt (1.17); NH4t (0.97); NKCCt (1.17); O2t (1.09); VALtec (1.00); _L__LACt2r (1.02),46,22.691377647433796,22.218360663215602,0.4730169842181944,0.010282977917786835
Folate Metabolism,76,5,6,1,31,ASPTA (1.49); GHMT2rm (573.77); PGCD (573.77); PRPPS (1.49); PSERT (573.77); RPI (1.49); r0034 (1.49); GHMT2rm (573.77); GCC2am (615.77); GCC2bim (615.77); GHMT2rm (573.77); PGCD (573.77); PSERT (573.77); PSP__Lm (573.77); ADSL1 (1.49); ADSS (1.49); ASPCTr (1.49); ASPTA (1.49); GCC2am (615.77); GCC2bim (615.77); GHMT2rm (573.77); GLUPRT (1.49); PGCD (573.77); PSERT (573.77); PSP__Lm (573.77); r0034 (1.49); GHMT2rm (573.77); MDH (1.49); PGCD (573.77); PSERT (573.77); ACACT1r (1.49); GHMT2rm (573.77); MDH (1.49); AICART (1.49); FTHFL (1.49); GARFT (1.49); GHMT2rm (573.77); r0226 (1.49); ADSL2 (1.49); AICART (1.49); AIRCr (1.49); GARFT (1.49); GLUPRT (1.49); IMPC (1.49); PRAGSr (1.49); PRASCS (1.49); PRFGS (1.49); r0666 (1.49); ADK1 (1.49); ADSL1 (1.49); ADSL2 (1.49); ADSS (1.49); AICART (1.49); AIRCr (1.49); GARFT (1.49); GK1 (1.49); GLUPRT (1.49); GUAPRT (1.49); IMPC (1.49); NDPK1 (1.49); NDPK10 (1.49); NDPK10n (1.49); NDPK5 (1.49); NDPK8 (1.49); NDPK8m (1.49); NTD7 (1.49); NTD8 (1.49); PPM (1.49); PRAGSr (1.49); PRASCS (1.49); PRFGS (1.49); PRPPS (1.49); PUNP1 (1.49); PUNP2 (1.49); PUNP3 (1.49); PUNP4 (1.49),VALTA (0.57); GLUDxm (0.57); MMEm (0.73); MMMm (0.73); PPCOACm (0.73),,PRO1xm (1000.00); r0450 (1000.00); P5CDm (1000.00); FTHFDHm (1000.00); MTHFCm (1000.00); MTHFD2m (1000.00),ACACT1rm (2000.00),ACONTm (0.88); ALATA__L (1.13); CSm (0.88); ENO (0.98); ICDHxm (0.88); ILETA (0.84); PCm (0.88); PGK (1.00); PGM (0.98); PHETA1 (1.10); PHETA1m (1.10); PYK (0.98); PGM (0.98); r0552 (1.04); r0552m (1.15); r0553 (1.04); r0553m (1.15); ALATA__L (1.13); GLUNm (0.93); r0552 (1.04); r0552m (1.15); r0553 (1.04); r0553m (1.15); ENO (0.98); PGM (0.98); CSm (0.88); r0552 (1.04); r0553 (1.04); ATPM (1.00); GMPR (0.97); r0276 (0.97),119,139.20504708799405,131.21348463806999,7.991562449924061,0.06715598697415177
Glyoxylate And Dicarboxylate Metabolism,68,27,23,9,61,ASPTA (1.49); 3HKYNAKGAT (1.49); ACACT1r (1.49); FKYNH (1.49); KYN3OX (1.49); TRPO2 (1.49); r0647 (1.49); ASPTA (1.49); GHMT2rm (573.77); PGCD (573.77); PRPPS (1.49); PSERT (573.77); RPI (1.49); r0034 (1.49); FUM (1.49); MDH (1.49); GHMT2rm (573.77); GCC2am (615.77); GCC2bim (615.77); GHMT2rm (573.77); PGCD (573.77); PSERT (573.77); PSP__Lm (573.77); ADSL1 (1.49); ADSS (1.49); ASPCTr (1.49); ASPTA (1.49); GCC2am (615.77); GCC2bim (615.77); GHMT2rm (573.77); GLUPRT (1.49); PGCD (573.77); PSERT (573.77); PSP__Lm (573.77); r0034 (1.49); AACOAT (1.49); ACACT1r (1.49); HMGCOASim (1.49); HMGLm (1.49); GHMT2rm (573.77); MDH (1.49); PGCD (573.77); PSERT (573.77); AACOAT (1.49); ACACT1r (1.49); HMGCOASim (1.49); HMGLm (1.49); ACACT1r (1.49); HMGCOASim (1.49); ACACT1r (1.49); GHMT2rm (573.77); MDH (1.49); ACACT1r (1.49); ACACT1r (1.49); ACCOACm (1.49); _LCAT1e (1.49); ACACT1r (1.49); ACCOACm (1.49); ACACT1r (1.49); ACCOACm (1.49); FUM (1.49); MDH (1.49); AICART (1.49); FTHFL (1.49); GARFT (1.49); GHMT2rm (573.77); r0226 (1.49); ACCOACm (1.49),VALTA (0.57); VALTA (0.57); GLUDxm (0.57); 3HBCOAHLm (0.57); ECOAH12m (0.57); HIBDm (0.57); MMEm (0.73); MMMm (0.73); MMSAD1m (0.57); PPCOACm (0.73); VALTA (0.57); r0385 (0.57); r0560 (0.57); r0561 (0.57); 3HBCOAHLm (0.57); ECOAH12m (0.57); MMEm (0.73); MMMm (0.73); MMSAD1m (0.57); PPCOACm (0.73); VALTA (0.57); MMEm (0.73); MMMm (0.73); PPCOACm (0.73); MMEm (0.73); MMMm (0.73); PPCOACm (0.73),,2OXOADOXm (1000.00); r0450 (1000.00); 2OXOADOXm (1000.00); ECOAH1m (1000.00); HACD1m (1000.00); r0541 (1000.00); PRO1xm (1000.00); r0450 (1000.00); P5CDm (1000.00); ECOAH1m (1000.00); HACD1m (1000.00); ECOAH1m (1000.00); HACD1m (1000.00); SACCD3m (1000.00); r0450 (1000.00); r0525 (1000.00); ECOAH1m (1000.00); HACD1m (1000.00); ECOAH1m (1000.00); HACD1m (1000.00); FTHFDHm (1000.00); MTHFCm (1000.00); MTHFD2m (1000.00),ACACT1rm (2000.00); ACACT1rm (2000.00); ACACT1rm (2000.00); ACACT1rm (2000.00); ACACT1rm (2000.00); ACACT1rm (2000.00); ACACT1rm (2000.00); ACACT1rm (2000.00); ACACT1rm (2000.00),ACONTm (0.88); AKGDm (0.94); ALATA__L (1.13); CSm (0.88); ICDHxm (0.88); ILETA (0.84); PDHm (0.95); PHETA1 (1.10); PHETA1m (1.10); ACONTm (0.88); ALATA__L (1.13); CSm (0.88); ENO (0.98); ICDHxm (0.88); ILETA (0.84); PCm (0.88); PGK (1.00); PGM (0.98); PHETA1 (1.10); PHETA1m (1.10); PYK (0.98); ACONTm (0.88); AKGDm (0.94); CSm (0.88); FUMm (0.93); ICDHxm (0.88); PCm (0.88); SUCOASm (0.93); r0509 (0.93); PGM (0.98); r0552 (1.04); r0552m (1.15); r0553 (1.04); r0553m (1.15); ALATA__L (1.13); GLUNm (0.93); r0552 (1.04); r0552m (1.15); r0553 (1.04); r0553m (1.15); ACACT10m (0.84); ECOAH9m (0.84); HACD9m (0.84); ILETA (0.84); r0603 (0.84); r0604 (0.84); r0670 (0.84); ACACT10m (0.84); ECOAH9m (0.84); HACD9m (0.84); ILETA (0.84); ENO (0.98); PGM (0.98); CSm (0.88); FUMm (0.93); ME2m (0.91); PCm (0.88); PYK (0.98); r0552 (1.04); r0553 (1.04); SUCOASm (0.93),188,164.66178845485032,156.37509157997656,8.286696874873769,0.04407817486634984
Lipid metabolism,60,13,15,9,10,3HKYNAKGAT (1.49); ACACT1r (1.49); FKYNH (1.49); KYN3OX (1.49); TRPO2 (1.49); r0647 (1.49); AACOAT (1.49); ACACT1r (1.49); HMGCOASim (1.49); HMGLm (1.49); AACOAT (1.49); ACACT1r (1.49); HMGCOASim (1.49); HMGLm (1.49); HMGLm (1.49); ACACT1r (1.49); HMGCOASim (1.49); ACACT1r (1.49); GHMT2rm (573.77); MDH (1.49); ACACT1r (1.49); ACACT1r (1.49); ACCOACm (1.49); _LCAT1e (1.49); ACACT1r (1.49); ACCOACm (1.49); ACACT1r (1.49); ACCOACm (1.49); FUM (1.49); MDH (1.49); HMGCOASim (1.49); CDIPTr (1.49); CDS (1.49); CEPTC (1.49); CHLPCTD (1.49); CHOLK (1.49); CLSm_hs (1.49); GPDDA1 (1.49); PGPPTm (1.49); PGPP_hs (1.49); PSDm_hs (1.49); PSSA1_hs (1.49); _DAGK_hs (1.49); _LPASE (1.49); r0202c (1.49); 3DSPHR (1.49); RE2675C (1.49); SERPT (1.49); SMS (1.49); _DSAT (1.49); AGPAT1 (1.49); GPAM_hs (1.49); _DGAT (1.49); ACCOACm (1.49); FAS100COA (1.49); FAS120COA (1.49); FAS140COA (1.49); FAS160COA (1.49); FAS80COA__L (1.49); ACCOACm (1.49),3HBCOAHLm (0.57); ECOAH12m (0.57); MMEm (0.73); MMMm (0.73); MMSAD1m (0.57); PPCOACm (0.73); VALTA (0.57); MMEm (0.73); MMMm (0.73); PPCOACm (0.73); MMEm (0.73); MMMm (0.73); PPCOACm (0.73),,2OXOADOXm (1000.00); ECOAH1m (1000.00); HACD1m (1000.00); r0541 (1000.00); ECOAH1m (1000.00); HACD1m (1000.00); ECOAH1m (1000.00); HACD1m (1000.00); SACCD3m (1000.00); r0450 (1000.00); r0525 (1000.00); ECOAH1m (1000.00); HACD1m (1000.00); ECOAH1m (1000.00); HACD1m (1000.00),ACACT1rm (2000.00); ACACT1rm (2000.00); ACACT1rm (2000.00); ACACT1rm (2000.00); ACACT1rm (2000.00); ACACT1rm (2000.00); ACACT1rm (2000.00); ACACT1rm (2000.00); ACACT1rm (2000.00),ACACT10m (0.84); ECOAH9m (0.84); HACD9m (0.84); ILETA (0.84); CSm (0.88); FUMm (0.93); ME2m (0.91); PCm (0.88); PYK (0.98); SUCOASm (0.93),107,16.155235132450876,16.32178214626918,-0.1665470138183025,-0.0015565141478346028
Lysine Biosynthesis,9,2,15,1,21,ASPTA (1.49); ASPTA (1.49); GHMT2rm (573.77); PGCD (573.77); PRPPS (1.49); PSERT (573.77); RPI (1.49); r0034 (1.49); ACACT1r (1.49),VALTA (0.57); VALTA (0.57),,2OXOADOXm (1000.00); r0450 (1000.00); 2OXOADOXm (1000.00); SACCD3m (1000.00); r0450 (1000.00); r0525 (1000.00); r0594m (1000.00); PRO1xm (1000.00); r0450 (1000.00); r0450 (1000.00); ECOAH1m (1000.00); HACD1m (1000.00); SACCD3m (1000.00); r0450 (1000.00); r0525 (1000.00),ACACT1rm (2000.00),ACONTm (0.88); AKGDm (0.94); ALATA__L (1.13); CSm (0.88); ICDHxm (0.88); ILETA (0.84); PDHm (0.95); PHETA1 (1.10); PHETA1m (1.10); ACONTm (0.88); ALATA__L (1.13); CSm (0.88); ENO (0.98); ICDHxm (0.88); ILETA (0.84); PCm (0.88); PGK (1.00); PGM (0.98); PHETA1 (1.10); PHETA1m (1.10); PYK (0.98),48,88.70305217912703,85.35959540496182,3.3434567741652046,0.0696553494617751
Methane Metabolism,48,5,6,2,51,ASPTA (1.49); GHMT2rm (573.77); PGCD (573.77); PRPPS (1.49); PSERT (573.77); RPI (1.49); r0034 (1.49); FUM (1.49); MDH (1.49); PGCD (573.77); PSERT (573.77); GHMT2rm (573.77); GCC2am (615.77); GCC2bim (615.77); GHMT2rm (573.77); PGCD (573.77); PSERT (573.77); PSP__Lm (573.77); ADSL1 (1.49); ADSS (1.49); ASPCTr (1.49); ASPTA (1.49); GCC2am (615.77); GCC2bim (615.77); GHMT2rm (573.77); GLUPRT (1.49); PGCD (573.77); PSERT (573.77); PSP__Lm (573.77); r0034 (1.49); GHMT2rm (573.77); MDH (1.49); PGCD (573.77); PSERT (573.77); GCC2cm (4.54); PGMT (1.49); ACACT1r (1.49); GHMT2rm (573.77); MDH (1.49); ACACT1r (1.49); ACCOACm (1.49); FUM (1.49); MDH (1.49); AICART (1.49); FTHFL (1.49); GARFT (1.49); GHMT2rm (573.77); r0226 (1.49),VALTA (0.57); GLUDxm (0.57); MMEm (0.73); MMMm (0.73); PPCOACm (0.73),,PRO1xm (1000.00); r0450 (1000.00); P5CDm (1000.00); FTHFDHm (1000.00); MTHFCm (1000.00); MTHFD2m (1000.00),ACACT1rm (2000.00); ACACT1rm (2000.00),ACONTm (0.88); ALATA__L (1.13); CSm (0.88); ENO (0.98); ICDHxm (0.88); ILETA (0.84); PCm (0.88); PGK (1.00); PGM (0.98); PHETA1 (1.10); PHETA1m (1.10); PYK (0.98); ACONTm (0.88); AKGDm (0.94); CSm (0.88); FUMm (0.93); ICDHxm (0.88); PCm (0.88); SUCOASm (0.93); r0509 (0.93); PGM (0.98); r0552 (1.04); r0552m (1.15); r0553 (1.04); r0553m (1.15); ALATA__L (1.13); GLUNm (0.93); r0552 (1.04); r0552m (1.15); r0553 (1.04); r0553m (1.15); ENO (0.98); PGM (0.98); ENO (0.98); GAPD (1.00); HEX1 (1.00); PDHm (0.95); PFK (1.00); PGI (1.00); PGK (1.00); PGM (0.98); PYK (0.98); TPI (1.00); _LDH__L (1.02); CSm (0.88); FUMm (0.93); ME2m (0.91); PCm (0.88); PYK (0.98); r0552 (1.04); r0553 (1.04),112,216.13266940533447,209.28868066957799,6.843988735756483,0.061107042283540025
Mitochondrial transport,15,1,3,0,14,COAtim (1.49); HUMANGEM_MAR00120 (1.49); HUMANGEM_MAR00587 (1.49); HUMANGEM_MAR05036 (1.49); HUMANGEM_MAR08651 (1.49); HUMANGEM_MAR08891 (1.49); HUMANGEM_MAR11363 (1.49); HUMANGEM_MAR11371 (1.49); HUMANGEM_MAR20147 (1.49); HUMANGEM_MAR20148 (1.49); MALCOAtm (1.49); PPItm (1.49); PSERtm (573.77); _DNDPt14m (1.49); r1464 (1.49),3MOBt2im (0.57),,GLYtm (1000.00); PROtm (1000.00); _LYStm (1000.00),,AKGMALtm (1.07); ATPtm (1.11); CO2tm (1.17); GLNtm (0.93); GLUt2m (1.07); H2Otm (1.09); HUMANGEM_MAR05116 (1.10); HUMANGEM_MAR08093 (0.84); HUMANGEM_MAR11443 (1.10); HUMANGEM_MAR20139 (0.97); HUMANGEM_MAR20145 (0.97); MALtm (1.07); O2Stm (1.09); O2tm (1.09),33,89.34238021016037,81.83586809286922,7.506512117291152,0.22747006416033794
Nitrogen disposal,139,6,6,0,34,ASPTA (1.49); r0034 (1.49); ASPTA (1.49); GHMT2rm (573.77); PGCD (573.77); PRPPS (1.49); PSERT (573.77); RPI (1.49); r0034 (1.49); r0034 (1.49); r0034 (1.49); ADSL1 (1.49); ADSS (1.49); ASPCTr (1.49); ASPTA (1.49); GCC2am (615.77); GCC2bim (615.77); GHMT2rm (573.77); GLUPRT (1.49); PGCD (573.77); PSERT (573.77); PSP__Lm (573.77); r0034 (1.49); BIOMASS_maintenance (1.49); AICART (1.49); FTHFL (1.49); GARFT (1.49); GHMT2rm (573.77); r0226 (1.49); ADSL2 (1.49); AICART (1.49); AIRCr (1.49); GARFT (1.49); GLUPRT (1.49); IMPC (1.49); PRAGSr (1.49); PRASCS (1.49); PRFGS (1.49); r0666 (1.49); ADK1 (1.49); ADKd (1.49); ADSL1 (1.49); ADSS (1.49); CYTDK1 (1.49); CYTK1 (1.49); CYTK12 (1.49); CYTK1m (1.49); GK1 (1.49); NDPK1 (1.49); NDPK10 (1.49); NDPK10n (1.49); NDPK3m (1.49); NDPK4n (1.49); NDPK5 (1.49); NDPK6m (1.49); NDPK8 (1.49); NDPK8m (1.49); NTD7 (1.49); NTD8 (1.49); NTD9m (1.49); PUNP1 (1.49); RNDR2 (1.49); RNDR3 (1.49); TMDSm (1.49); TRDR (1.49); UMPK2m (1.49); URIDK2 (1.49); _DADNK (1.49); _DGK1 (1.49); _DURIK1 (1.49); _DURIPP (1.49); _DUTPDPm (1.49); r0475 (1.49); r0531 (1.49); ADK1 (1.49); ADSL1 (1.49); ADSS (1.49); CTPS2 (1.49); CYTDK1 (1.49); CYTK1 (1.49); CYTK1m (1.49); GK1 (1.49); GUAPRT (1.49); NDPK1 (1.49); NDPK10 (1.49); NDPK10n (1.49); NDPK3m (1.49); NDPK4n (1.49); NDPK5 (1.49); NDPK6m (1.49); NDPK8 (1.49); NDPK8m (1.49); NTD2 (1.49); NTD7 (1.49); NTD8 (1.49); PUNP1 (1.49); PUNP2 (1.49); PUNP3 (1.49); PUNP4 (1.49); PYNP2r (1.49); URIDK2 (1.49); ADK1 (1.49); ADSL1 (1.49); ADSL2 (1.49); ADSS (1.49); AICART (1.49); AIRCr (1.49); GARFT (1.49); GK1 (1.49); GLUPRT (1.49); GUAPRT (1.49); IMPC (1.49); NDPK1 (1.49); NDPK10 (1.49); NDPK10n (1.49); NDPK5 (1.49); NDPK8 (1.49); NDPK8m (1.49); NTD7 (1.49); NTD8 (1.49); PPM (1.49); PRAGSr (1.49); PRASCS (1.49); PRFGS (1.49); PRPPS (1.49); PUNP1 (1.49); PUNP2 (1.49); PUNP3 (1.49); PUNP4 (1.49); GUAPRT (1.49); PUNP2 (1.49); PUNP3 (1.49); PUNP4 (1.49); G6PDH2r (1.49); GND (1.49); PGL (1.49); PPM (1.49); PRPPS (1.49); RPI (1.49),GLUDxm (0.57); VALTA (0.57); GLUDxm (0.57); GLUDxm (0.57); r1418 (0.55); GLUDxm (0.57),,PRO1xm (1000.00); r0450 (1000.00); P5CDm (1000.00); FTHFDHm (1000.00); MTHFCm (1000.00); MTHFD2m (1000.00),,ALATA__L (1.13); GLUNm (0.93); ACONTm (0.88); ALATA__L (1.13); CSm (0.88); ENO (0.98); ICDHxm (0.88); ILETA (0.84); PCm (0.88); PGK (1.00); PGM (0.98); PHETA1 (1.10); PHETA1m (1.10); PYK (0.98); r1418c (1.06); r1418m (0.94); ALATA__L (1.13); GLUNm (0.93); r0552 (1.04); r0552m (1.15); r0553 (1.04); r0553m (1.15); ATPM (1.00); r0552 (1.04); r0553 (1.04); GMPR (0.97); ATPM (1.00); GMPR (0.97); r0276 (0.97); ATPM (1.00); GMPR (0.97); r0276 (0.97); r0276 (0.97); FBA (1.00),185,151.30556050077644,146.16996268945235,5.135597811324089,0.0277599881693194
Nucleotide Salvage Pathway,56,0,0,0,6,ADK1 (1.49); ADSL1 (1.49); ADSS (1.49); CTPS2 (1.49); CYTDK1 (1.49); CYTK1 (1.49); CYTK1m (1.49); GK1 (1.49); GUAPRT (1.49); NDPK1 (1.49); NDPK10 (1.49); NDPK10n (1.49); NDPK3m (1.49); NDPK4n (1.49); NDPK5 (1.49); NDPK6m (1.49); NDPK8 (1.49); NDPK8m (1.49); NTD2 (1.49); NTD7 (1.49); NTD8 (1.49); PUNP1 (1.49); PUNP2 (1.49); PUNP3 (1.49); PUNP4 (1.49); PYNP2r (1.49); URIDK2 (1.49); ADK1 (1.49); ADSL1 (1.49); ADSL2 (1.49); ADSS (1.49); AICART (1.49); AIRCr (1.49); GARFT (1.49); GK1 (1.49); GLUPRT (1.49); GUAPRT (1.49); IMPC (1.49); NDPK1 (1.49); NDPK10 (1.49); NDPK10n (1.49); NDPK5 (1.49); NDPK8 (1.49); NDPK8m (1.49); NTD7 (1.49); NTD8 (1.49); PPM (1.49); PRAGSr (1.49); PRASCS (1.49); PRFGS (1.49); PRPPS (1.49); PUNP1 (1.49); PUNP2 (1.49); PUNP3 (1.49); PUNP4 (1.49); GUAPRT (1.49),,,,,ATPM (1.00); GMPR (0.97); r0276 (0.97); ATPM (1.00); GMPR (0.97); r0276 (0.97),62,42.26369409043385,42.00157095446816,0.2621231359656946,0.0042277925155757195
Nucleotide metabolism,146,1,4,0,17,ASPCTr (1.49); CTPS2 (1.49); CYTDK1 (1.49); CYTK1 (1.49); CYTK1m (1.49); NDPK3m (1.49); NDPK4n (1.49); NDPK6m (1.49); NTD2 (1.49); OMPDC (1.49); ORPT (1.49); PYNP2r (1.49); URIDK2 (1.49); ASPCTr (1.49); CTPS2 (1.49); OMPDC (1.49); ORPT (1.49); RE0452M (1.49); _DHORD9 (1.49); _DHORTS (1.49); ADSL1 (1.49); ADSS (1.49); ASPCTr (1.49); ASPTA (1.49); GCC2am (615.77); GCC2bim (615.77); GHMT2rm (573.77); GLUPRT (1.49); PGCD (573.77); PSERT (573.77); PSP__Lm (573.77); r0034 (1.49); BIOMASS_maintenance (1.49); AICART (1.49); FTHFL (1.49); GARFT (1.49); GHMT2rm (573.77); r0226 (1.49); ADSL2 (1.49); AICART (1.49); AIRCr (1.49); GARFT (1.49); GLUPRT (1.49); IMPC (1.49); PRAGSr (1.49); PRASCS (1.49); PRFGS (1.49); r0666 (1.49); CYTDe (1.49); NTD2 (1.49); PYNP2r (1.49); _DCMPDA (1.49); ADK1 (1.49); ADKd (1.49); ADSL1 (1.49); ADSS (1.49); CYTDK1 (1.49); CYTK1 (1.49); CYTK12 (1.49); CYTK1m (1.49); GK1 (1.49); NDPK1 (1.49); NDPK10 (1.49); NDPK10n (1.49); NDPK3m (1.49); NDPK4n (1.49); NDPK5 (1.49); NDPK6m (1.49); NDPK8 (1.49); NDPK8m (1.49); NTD7 (1.49); NTD8 (1.49); NTD9m (1.49); PUNP1 (1.49); RNDR2 (1.49); RNDR3 (1.49); TMDSm (1.49); TRDR (1.49); UMPK2m (1.49); URIDK2 (1.49); _DADNK (1.49); _DGK1 (1.49); _DURIK1 (1.49); _DURIPP (1.49); _DUTPDPm (1.49); r0475 (1.49); r0531 (1.49); ADK1 (1.49); ADSL1 (1.49); ADSS (1.49); CTPS2 (1.49); CYTDK1 (1.49); CYTK1 (1.49); CYTK1m (1.49); GK1 (1.49); GUAPRT (1.49); NDPK1 (1.49); NDPK10 (1.49); NDPK10n (1.49); NDPK3m (1.49); NDPK4n (1.49); NDPK5 (1.49); NDPK6m (1.49); NDPK8 (1.49); NDPK8m (1.49); NTD2 (1.49); NTD7 (1.49); NTD8 (1.49); PUNP1 (1.49); PUNP2 (1.49); PUNP3 (1.49); PUNP4 (1.49); PYNP2r (1.49); URIDK2 (1.49); ADK1 (1.49); ADSL1 (1.49); ADSL2 (1.49); ADSS (1.49); AICART (1.49); AIRCr (1.49); GARFT (1.49); GK1 (1.49); GLUPRT (1.49); GUAPRT (1.49); IMPC (1.49); NDPK1 (1.49); NDPK10 (1.49); NDPK10n (1.49); NDPK5 (1.49); NDPK8 (1.49); NDPK8m (1.49); NTD7 (1.49); NTD8 (1.49); PPM (1.49); PRAGSr (1.49); PRASCS (1.49); PRFGS (1.49); PRPPS (1.49); PUNP1 (1.49); PUNP2 (1.49); PUNP3 (1.49); PUNP4 (1.49); GUAPRT (1.49); PUNP2 (1.49); PUNP3 (1.49); PUNP4 (1.49),GLUDxm (0.57),,P5CDm (1000.00); FTHFDHm (1000.00); MTHFCm (1000.00); MTHFD2m (1000.00),,ALATA__L (1.13); GLUNm (0.93); r0552 (1.04); r0552m (1.15); r0553 (1.04); r0553m (1.15); ATPM (1.00); r0552 (1.04); r0553 (1.04); GMPR (0.97); ATPM (1.00); GMPR (0.97); r0276 (0.97); ATPM (1.00); GMPR (0.97); r0276 (0.97); r0276 (0.97),168,77.99733516754895,73.76745155269151,4.229883614857442,0.02517787865986573
Oxidative Phosphorylation,1,0,0,0,4,PPAm (1.49),,,,,ATPS4m (1.12); CYOOm3 (1.09); CYOR_u10m (1.09); NADH2_u10m (1.13),5,28.163220036911202,25.220632679105112,2.94258735780609,0.588517471561218
Pantothenate And Coa Biosynthesis,12,21,4,1,32,ASPTA (1.49); ASPTA (1.49); GHMT2rm (573.77); PGCD (573.77); PRPPS (1.49); PSERT (573.77); RPI (1.49); r0034 (1.49); AACOAT (1.49); ACACT1r (1.49); HMGCOASim (1.49); HMGLm (1.49),VALTA (0.57); VALTA (0.57); VALTA (0.57); 3HBCOAHLm (0.57); ECOAH12m (0.57); HIBDm (0.57); MMEm (0.73); MMMm (0.73); MMSAD1m (0.57); PPCOACm (0.73); VALTA (0.57); r0385 (0.57); r0560 (0.57); r0561 (0.57); 3HBCOAHLm (0.57); ECOAH12m (0.57); MMEm (0.73); MMMm (0.73); MMSAD1m (0.57); PPCOACm (0.73); VALTA (0.57),,2OXOADOXm (1000.00); r0450 (1000.00); PRO1xm (1000.00); r0450 (1000.00),ACACT1rm (2000.00),ACONTm (0.88); AKGDm (0.94); ALATA__L (1.13); CSm (0.88); ICDHxm (0.88); ILETA (0.84); PDHm (0.95); PHETA1 (1.10); PHETA1m (1.10); ACONTm (0.88); ALATA__L (1.13); CSm (0.88); ENO (0.98); ICDHxm (0.88); ILETA (0.84); PCm (0.88); PGK (1.00); PGM (0.98); PHETA1 (1.10); PHETA1m (1.10); PYK (0.98); ACACT10m (0.84); ECOAH9m (0.84); HACD9m (0.84); ILETA (0.84); r0603 (0.84); r0604 (0.84); r0670 (0.84); ACACT10m (0.84); ECOAH9m (0.84); HACD9m (0.84); ILETA (0.84),70,89.46399942770815,86.52906260735013,2.9349368203580184,0.041927668862257406
Propanoate Metabolism,25,24,4,5,25,FUM (1.49); MDH (1.49); AACOAT (1.49); ACACT1r (1.49); HMGCOASim (1.49); HMGLm (1.49); ACACT1r (1.49); GHMT2rm (573.77); MDH (1.49); ACACT1r (1.49); ACCOACm (1.49); _LCAT1e (1.49); ACACT1r (1.49); ACCOACm (1.49); ACACT1r (1.49); ACCOACm (1.49); FUM (1.49); MDH (1.49); ACCOACm (1.49); FAS100COA (1.49); FAS120COA (1.49); FAS140COA (1.49); FAS160COA (1.49); FAS80COA__L (1.49); ACCOACm (1.49),3HBCOAHLm (0.57); ECOAH12m (0.57); HIBDm (0.57); MMEm (0.73); MMMm (0.73); MMSAD1m (0.57); PPCOACm (0.73); VALTA (0.57); r0385 (0.57); r0560 (0.57); r0561 (0.57); 3HBCOAHLm (0.57); ECOAH12m (0.57); MMEm (0.73); MMMm (0.73); MMSAD1m (0.57); PPCOACm (0.73); VALTA (0.57); MMEm (0.73); MMMm (0.73); PPCOACm (0.73); MMEm (0.73); MMMm (0.73); PPCOACm (0.73),,ECOAH1m (1000.00); HACD1m (1000.00); ECOAH1m (1000.00); HACD1m (1000.00),ACACT1rm (2000.00); ACACT1rm (2000.00); ACACT1rm (2000.00); ACACT1rm (2000.00); ACACT1rm (2000.00),ACONTm (0.88); AKGDm (0.94); CSm (0.88); FUMm (0.93); ICDHxm (0.88); PCm (0.88); SUCOASm (0.93); r0509 (0.93); ACACT10m (0.84); ECOAH9m (0.84); HACD9m (0.84); ILETA (0.84); r0603 (0.84); r0604 (0.84); r0670 (0.84); ACACT10m (0.84); ECOAH9m (0.84); HACD9m (0.84); ILETA (0.84); CSm (0.88); FUMm (0.93); ME2m (0.91); PCm (0.88); PYK (0.98); SUCOASm (0.93),83,22.60848656922375,23.70900526646051,-1.1005186972367618,-0.013259261412491105
Purine Catabolism,58,0,0,0,7,ADK1 (1.49); ADSL1 (1.49); ADSS (1.49); CTPS2 (1.49); CYTDK1 (1.49); CYTK1 (1.49); CYTK1m (1.49); GK1 (1.49); GUAPRT (1.49); NDPK1 (1.49); NDPK10 (1.49); NDPK10n (1.49); NDPK3m (1.49); NDPK4n (1.49); NDPK5 (1.49); NDPK6m (1.49); NDPK8 (1.49); NDPK8m (1.49); NTD2 (1.49); NTD7 (1.49); NTD8 (1.49); PUNP1 (1.49); PUNP2 (1.49); PUNP3 (1.49); PUNP4 (1.49); PYNP2r (1.49); URIDK2 (1.49); ADK1 (1.49); ADSL1 (1.49); ADSL2 (1.49); ADSS (1.49); AICART (1.49); AIRCr (1.49); GARFT (1.49); GK1 (1.49); GLUPRT (1.49); GUAPRT (1.49); IMPC (1.49); NDPK1 (1.49); NDPK10 (1.49); NDPK10n (1.49); NDPK5 (1.49); NDPK8 (1.49); NDPK8m (1.49); NTD7 (1.49); NTD8 (1.49); PPM (1.49); PRAGSr (1.49); PRASCS (1.49); PRFGS (1.49); PRPPS (1.49); PUNP1 (1.49); PUNP2 (1.49); PUNP3 (1.49); PUNP4 (1.49); PUNP2 (1.49); PUNP3 (1.49); PUNP4 (1.49),,,,,ATPM (1.00); GMPR (0.97); r0276 (0.97); ATPM (1.00); GMPR (0.97); r0276 (0.97); r0276 (0.97),65,43.2727442505464,43.045672958869474,0.2270712916769284,0.00349340448733736
Redox & Pentose Metabolism,45,1,2,1,16,ASPTA (1.49); GHMT2rm (573.77); PGCD (573.77); PRPPS (1.49); PSERT (573.77); RPI (1.49); r0034 (1.49); ADK1 (1.49); ADSL1 (1.49); ADSL2 (1.49); ADSS (1.49); AICART (1.49); AIRCr (1.49); GARFT (1.49); GK1 (1.49); GLUPRT (1.49); GUAPRT (1.49); IMPC (1.49); NDPK1 (1.49); NDPK10 (1.49); NDPK10n (1.49); NDPK5 (1.49); NDPK8 (1.49); NDPK8m (1.49); NTD7 (1.49); NTD8 (1.49); PPM (1.49); PRAGSr (1.49); PRASCS (1.49); PRFGS (1.49); PRPPS (1.49); PUNP1 (1.49); PUNP2 (1.49); PUNP3 (1.49); PUNP4 (1.49); AMPTASECG (2.25); GND (1.49); r0129 (2.25); GALU (1.49); G6PDH2r (1.49); GND (1.49); PGL (1.49); PPM (1.49); PRPPS (1.49); RPI (1.49),VALTA (0.57),,PRO1xm (1000.00); r0450 (1000.00),r0130 (2000.00),ACONTm (0.88); ALATA__L (1.13); CSm (0.88); ENO (0.98); ICDHxm (0.88); ILETA (0.84); PCm (0.88); PGK (1.00); PGM (0.98); PHETA1 (1.10); PHETA1m (1.10); PYK (0.98); ATPM (1.00); GMPR (0.97); r0276 (0.97); FBA (1.00),65,89.98128222308182,88.16760339680434,1.8136788262774814,0.027902751173499715
Starch And Sucrose Metabolism,4,0,0,0,12,GCC2cm (4.54); PGMT (1.49); GLBRAN (1.49); GLGNS1 (1.49),,,,,ENO (0.98); GAPD (1.00); HEX1 (1.00); PDHm (0.95); PFK (1.00); PGI (1.00); PGK (1.00); PGM (0.98); PYK (0.98); TPI (1.00); _LDH__L (1.02); HEX1 (1.00),16,83.74876130412731,84.18236903499479,-0.43360773086747884,-0.027100483179217427
Taurine And Hypotaurine Metabolism,15,5,1,0,10,ASPTA (1.49); r0034 (1.49); r0034 (1.49); ADSL1 (1.49); ADSS (1.49); ASPCTr (1.49); ASPTA (1.49); GCC2am (615.77); GCC2bim (615.77); GHMT2rm (573.77); GLUPRT (1.49); PGCD (573.77); PSERT (573.77); PSP__Lm (573.77); r0034 (1.49),GLUDxm (0.57); GLUDxm (0.57); GLUDxm (0.57); r1418 (0.55); GLUDxm (0.57),,P5CDm (1000.00),,ALATA__L (1.13); GLUNm (0.93); r1418c (1.06); r1418m (0.94); ALATA__L (1.13); GLUNm (0.93); r0552 (1.04); r0552m (1.15); r0553 (1.04); r0553m (1.15),31,14.745609341975005,13.472809665826384,1.2727996761486207,0.041058054069310346
Terpenoid Backbone Biosynthesis,30,10,15,9,9,3HKYNAKGAT (1.49); ACACT1r (1.49); FKYNH (1.49); KYN3OX (1.49); TRPO2 (1.49); r0647 (1.49); AACOAT (1.49); ACACT1r (1.49); HMGCOASim (1.49); HMGLm (1.49); AACOAT (1.49); ACACT1r (1.49); HMGCOASim (1.49); HMGLm (1.49); ACACT1r (1.49); HMGCOASim (1.49); ACACT1r (1.49); GHMT2rm (573.77); MDH (1.49); ACACT1r (1.49); ACACT1r (1.49); ACCOACm (1.49); _LCAT1e (1.49); ACACT1r (1.49); ACCOACm (1.49); ACACT1r (1.49); ACCOACm (1.49); FUM (1.49); MDH (1.49); HMGCOASim (1.49),3HBCOAHLm (0.57); ECOAH12m (0.57); MMEm (0.73); MMMm (0.73); MMSAD1m (0.57); PPCOACm (0.73); VALTA (0.57); MMEm (0.73); MMMm (0.73); PPCOACm (0.73),,2OXOADOXm (1000.00); ECOAH1m (1000.00); HACD1m (1000.00); r0541 (1000.00); ECOAH1m (1000.00); HACD1m (1000.00); ECOAH1m (1000.00); HACD1m (1000.00); SACCD3m (1000.00); r0450 (1000.00); r0525 (1000.00); ECOAH1m (1000.00); HACD1m (1000.00); ECOAH1m (1000.00); HACD1m (1000.00),ACACT1rm (2000.00); ACACT1rm (2000.00); ACACT1rm (2000.00); ACACT1rm (2000.00); ACACT1rm (2000.00); ACACT1rm (2000.00); ACACT1rm (2000.00); ACACT1rm (2000.00); ACACT1rm (2000.00),ACACT10m (0.84); ECOAH9m (0.84); HACD9m (0.84); ILETA (0.84); CSm (0.88); FUMm (0.93); ME2m (0.91); PCm (0.88); PYK (0.98),73,14.418153545901792,14.607986844132856,-0.18983329823106487,-0.0026004561401515736
"Transport, Endoplasmic Reticulum",5,0,0,0,0,BILGLCURtr (2.25); HUMANGEM_MAR06107 (2.25); PE_HSter (1.49); PIter (1.49); PPItr (1.49),,,,,,5,0.1121441565065346,0.05269109195443469,0.05945306455209991,0.01189061291041998
"Transport, Nuclear",4,0,0,0,0,_DIDPtn (1.49); _DITPtn (1.49); _DTDPtn (1.49); _DTTPtn (1.49),,,,,,4,0.0047835315314524,0.003215652944426,0.0015678785870264001,0.00039196964675660003
Unknown,22,1,0,2,12,ARTPLM2 (1.49); ARTPLM3 (1.49); EX_C02470_e (1.49); EX_arg__L_e (1.49); EX_asn__L_e (1.49); EX_chol_e (1.49); EX_chsterol_e (1.49); EX_co2_e (1.69); EX_cys__L_e (2.52); EX_his__L_e (1.49); EX_inost_e (1.49); EX_leu__L_e (1.49); EX_lys__L_e (2.01); EX_met__L_e (1.49); EX_phe__L_e (1.49); EX_pi_e (1.49); EX_pro__L_e (3.21); EX_ser__L_e (1.49); EX_thr__L_e (1.49); EX_trp__L_e (1.49); EX_tyr__L_e (1.49); R_group_phosphotase_1 (1.49),EX_pyr_e (0.64),,,EX_ala__L_e (2000.00); EX_cgly_e (2000.00),EX_glc__D_e (1.00); EX_gln__L_e (0.97); EX_glu__L_e (1.00); EX_gthrd_e (1.00); EX_h2o2_e (1.09); EX_h_e (0.96); EX_hco3_e (1.06); EX_ile__L_e (1.00); EX_lac__L_e (1.02); EX_nh4_e (0.97); EX_o2_e (1.09); EX_val__L_e (1.00),37,34.079906619152474,33.810602789509375,0.26930382964309985,0.007278481882245942
Vitamin C Metabolism,0,0,0,0,2,,,,,,ASCBOX (1.09); _DASCBR (1.09),2,0.0708287939043114,0.0648951256627327,0.0059336682415787045,0.0029668341207893523
