Reaction ID,GPR rule (genes),Transcript effect (log2FC),Flux change log2(FG/SG),Adjusted p-value (FDR),Metabolic pathways,Subsystem,Concordant (transcript–flux),Significant reaction (transcript effect & flux ratio)
ME2m,ME1 or ME3,0.0308,3.1359,0.8057,Pyruvate Metabolism,Central Energy Metabolism,True,False
ACACT1rm,ACAT1,0.1256,3.0,0.528,"Butanoate Metabolism; Fatty Acid Degradation; Fatty Acid Metabolism; Glyoxylate And Dicarboxylate Metabolism; Lysine Degradation; Pyruvate Metabolism; Terpenoid Backbone Biosynthesis; Tryptophan Metabolism; Valine, Leucine And Isoleucine Degradation",Butanoate Metabolism; Lipid metabolism; Glyoxylate And Dicarboxylate Metabolism; AA other (Cys/Met/Lys/Arg/Pro); Central Energy Metabolism; Terpenoid Backbone Biosynthesis; AAA metabolism (Trp/Phe/Tyr); BCAA metabolism (Val/Leu/Iso),True,False
ALATA__L,GPT2,2.3741,3.0,0.0,"2-oxocarboxylic Acid Metabolism; Alanine, Aspartate And Glutamate Metabolism; Arginine Biosynthesis; Biosynthesis Of Amino Acids","2-oxocarboxylic Acid Metabolism; AA central (A/D/E,G/S/T); AA other (Cys/Met/Lys/Arg/Pro); Biosynthesis Of Amino Acids",True,True
ARGLYSex,SLC7A6,0.2933,3.0,0.509,Extracellular Transport,Extracellular Transport,True,False
ASNtN1,SLC38A3,0.1033,3.0,0.8364,Extracellular Transport,Extracellular Transport,True,False
CSm,CS,1.0112,3.0,0.0292,2-oxocarboxylic Acid Metabolism; Biosynthesis Of Amino Acids; Citric Acid Cycle; Glyoxylate And Dicarboxylate Metabolism,2-oxocarboxylic Acid Metabolism; Biosynthesis Of Amino Acids; Central Energy Metabolism; Glyoxylate And Dicarboxylate Metabolism,True,True
ECOAH1m,HADHA and ECHS1,-0.5208,-3.0,0.8782,Butanoate Metabolism; Fatty Acid Degradation; Fatty Acid Metabolism; Lysine Degradation; Tryptophan Metabolism,Butanoate Metabolism; Lipid metabolism; AA other (Cys/Met/Lys/Arg/Pro); AAA metabolism (Trp/Phe/Tyr),True,True
GLNt4,SLC38A1 or SLC6A14 or SLC38A2 or SLC22A5 or (SLC6A19 and TMEM27) or (SLC6A19 and ACE2),1.3991,3.0,0.6849,Extracellular Transport,Extracellular Transport,True,True
PDHm,DLAT,2.3375,3.0,0.0099,2-oxocarboxylic Acid Metabolism; Glycolysis/Gluconeogenesis,2-oxocarboxylic Acid Metabolism; Central Energy Metabolism,True,True
r0130,GGT2 or GGT2P,0.9771,3.0,0.1495,Glutathione Metabolism,Redox & Pentose Metabolism,True,True
r0450,AADAT,-0.0115,-3.0,0.9879,2-oxocarboxylic Acid Metabolism; Biosynthesis Of Amino Acids; Lysine Biosynthesis; Lysine Degradation; Lysine Metabolism,2-oxocarboxylic Acid Metabolism; Biosynthesis Of Amino Acids; Lysine Biosynthesis; AA other (Cys/Met/Lys/Arg/Pro),True,False
CYSGLUexR,SLC7A10 or SLC7A5,1.146,1.3334,0.9888,Extracellular Transport,Extracellular Transport,True,True
r0129,GGT2 or GGT2P,0.9771,0.84,0.1495,Glutathione Metabolism,Redox & Pentose Metabolism,True,True
GCC2am,AMT and DLD and GLDC and GCSH,-0.0856,-0.737,0.7551,"Alanine, Aspartate And Glutamate Metabolism; Glycine, Serine And Threonine Metabolism","AA central (A/D/E,G/S/T)",True,False
GCC2bim,AMT and DLD and GLDC and GCSH,-0.0856,-0.737,0.7551,"Alanine, Aspartate And Glutamate Metabolism; Glycine, Serine And Threonine Metabolism","AA central (A/D/E,G/S/T)",True,False
PGCD,PHGDH,-0.3278,-0.737,0.5944,"Alanine, Aspartate And Glutamate Metabolism; Biosynthesis Of Amino Acids; Cysteine And Methionine Metabolism; Glycine, Serine And Threonine Metabolism; Methane Metabolism","AA central (A/D/E,G/S/T); Biosynthesis Of Amino Acids; AA other (Cys/Met/Lys/Arg/Pro); Methane Metabolism",True,False
PSP__Lm,PSPH,-0.0841,-0.737,0.9307,"Alanine, Aspartate And Glutamate Metabolism; Glycine, Serine And Threonine Metabolism","AA central (A/D/E,G/S/T)",True,False
FUMm,FH,0.4581,0.696,0.097,Citric Acid Cycle; Pyruvate Metabolism,Central Energy Metabolism,True,False
SUCOASm,SUCLG1 and SUCLA2,0.0517,0.696,0.8844,Citric Acid Cycle; Propanoate Metabolism,Central Energy Metabolism; Propanoate Metabolism,True,False
GCC2cm,DLD,-0.0856,-0.6897,0.7551,Glycolysis/Gluconeogenesis,Central Energy Metabolism,True,False
r1418,CA15L or CA9,0.2457,0.4854,0.8343,Nitrogen Metabolism,Nitrogen disposal,True,False
GLUt4,SLC38A3,0.1033,0.263,0.8364,Extracellular Transport,Extracellular Transport,True,False
CYOOm3,COX5B and COX4I1 and COX6A1 and COX6C and COX7A2L and COX7C and COX5A and COX7B and COX7A2 and COX8A and COX2 and COX3 and COX1,-0.6969,-0.074,,Oxidative Phosphorylation,Oxidative Phosphorylation,True,False
CYOR_u10m,UQCRFS1 and UQCRC1 and UQCRQ and UQCRB and UQCRC2 and UQCR11 and UQCR10 and UQCRHL and CYTB,-0.4791,-0.074,,Oxidative Phosphorylation,Oxidative Phosphorylation,True,False
ATPS4m,NDUFS2 and NDUFA13 and NDUFB7 and NDUFS4 and NDUFC2 and NDUFB6 and NDUFB10 and NDUFAB1 and NDUFA8 and NDUFA5 and NDUFA12 and NDUFB2 and NDUFV3 and NDUFA9 and NDUFA7 and NDUFB9 and NDUFS6 and NDUFS3 and NDUFB1 and NDUFB8 and NDUFA10 and NDUFB3 and NDUFS1 and NDUFB5 and NDUFV2 and NDUFA6 and NDUFV1 and NDUFA2 and NDUFS8 and NDUFB4 and NDUFS7 and NDUFS5 and NDUFA4 and NDUFA1 and NDUFA11 and ND1 and ND3 and ND6 and ND5 and ND4 and ND4L and ND2,-0.707,-0.0589,,Oxidative Phosphorylation,Oxidative Phosphorylation,True,False
ENO,ENO1 or ENO4 or ENO2,0.8543,0.0566,0.0016,Biosynthesis Of Amino Acids; Glycolysis/Gluconeogenesis; Methane Metabolism,Biosynthesis Of Amino Acids; Central Energy Metabolism; Methane Metabolism,True,False
PYK,PKLR,0.1968,0.0566,0.487,Biosynthesis Of Amino Acids; Glycolysis/Gluconeogenesis; Pyruvate Metabolism,Biosynthesis Of Amino Acids; Central Energy Metabolism,True,False
ATPtm,SLC25A4 or SLC25A6 or SLC25A5,-0.0191,-0.0439,0.0049,"Transport, Mitochondrial",Mitochondrial transport,True,False
r0276,GMPR2,-0.029,-0.0439,0.9622,Nucleotide Metabolism; Purine Catabolism; Purine Metabolism,Nucleotide metabolism; Purine Catabolism; Nitrogen disposal,True,False
AKGMALtm,SLC25A11 or SLC25A10,0.3232,0.0426,0.5539,"Transport, Mitochondrial",Mitochondrial transport,True,False
GLUt2m,SLC25A12 or SLC25A22 or SLC25A13,0.6577,0.0426,0.0903,"Transport, Mitochondrial",Mitochondrial transport,True,False
r0202c,GPD1L2,0.3552,-6.6439,0.62,Glycerophospholipid Metabolism,Lipid metabolism,False,False
BTNt2,SLC16A1,0.5596,-5.6439,0.1147,Extracellular Transport,Extracellular Transport,False,True
BTNt4i,SLC19A3,0.0,-5.6439,,Extracellular Transport,Extracellular Transport,False,False
ACONTm,ACO2 or ACO1,-0.0206,3.0,0.8579,2-oxocarboxylic Acid Metabolism; Biosynthesis Of Amino Acids; Citric Acid Cycle,2-oxocarboxylic Acid Metabolism; Biosynthesis Of Amino Acids; Central Energy Metabolism,False,False
GLUDxm,GLUD2,2.4688,-3.0,0.0009,"Alanine, Aspartate And Glutamate Metabolism; Arginine Biosynthesis; Nitrogen Metabolism; Taurine And Hypotaurine Metabolism","AA central (A/D/E,G/S/T); AA other (Cys/Met/Lys/Arg/Pro); Nitrogen disposal; Taurine And Hypotaurine Metabolism",False,True
HACD1m,XRN1 or HADH,0.1318,-3.0,0.8734,Butanoate Metabolism; Fatty Acid Degradation; Fatty Acid Metabolism; Lysine Degradation; Tryptophan Metabolism,Butanoate Metabolism; Lipid metabolism; AA other (Cys/Met/Lys/Arg/Pro); AAA metabolism (Trp/Phe/Tyr),False,False
ICDHxm,IDH3B and IDH3A,-0.2924,3.0,0.8253,2-oxocarboxylic Acid Metabolism; Biosynthesis Of Amino Acids; Citric Acid Cycle,2-oxocarboxylic Acid Metabolism; Biosynthesis Of Amino Acids; Central Energy Metabolism,False,False
LYStm,SLC25A15,0.8802,-3.0,0.0743,"Transport, Mitochondrial",Mitochondrial transport,False,True
SACCD3m,AASS,0.2022,-3.0,0.5383,Lysine Degradation; Lysine Metabolism,AA other (Cys/Met/Lys/Arg/Pro),False,False
r0525,AASS,0.2022,-3.0,0.5383,Lysine Degradation; Lysine Metabolism,AA other (Cys/Met/Lys/Arg/Pro),False,False
r0541,GCDH,0.5482,-3.0,0.2005,Tryptophan Metabolism,AAA metabolism (Trp/Phe/Tyr),False,True
r0594m,ALDH7A1,0.0239,-3.0,0.9319,Lysine Metabolism,AA other (Cys/Met/Lys/Arg/Pro),False,False
PCm,PC,0.0,1.7782,,Biosynthesis Of Amino Acids; Citric Acid Cycle; Pyruvate Metabolism,Biosynthesis Of Amino Acids; Central Energy Metabolism,False,False
MDH,MDH2 or MDH1,0.1691,-1.5564,0.7134,Citric Acid Cycle; Glyoxylate And Dicarboxylate Metabolism; Methane Metabolism; Pyruvate Metabolism,Central Energy Metabolism; Glyoxylate And Dicarboxylate Metabolism; Methane Metabolism,False,False
r1418m,CA5A,-0.0957,0.8953,0.9059,Nitrogen Metabolism,Nitrogen disposal,False,False
AMPTASECG,LAP3,-0.244,0.84,0.4862,Glutathione Metabolism,Redox & Pentose Metabolism,False,False
AKGDm,OGDH and DLD and PDHX and DLST,-0.0856,0.7485,0.9748,2-oxocarboxylic Acid Metabolism; Citric Acid Cycle,2-oxocarboxylic Acid Metabolism; Central Energy Metabolism,False,False
FTHFDHm,ALDH1L2,0.0665,-0.737,0.9102,Folate Metabolism,Folate Metabolism,False,False
GHMT2rm,SHMT1,0.0,-0.737,,"Alanine, Aspartate And Glutamate Metabolism; Biosynthesis Of Amino Acids; Cyanoamino Acid Metabolism; Folate Metabolism; Glycine, Serine And Threonine Metabolism; Glyoxylate And Dicarboxylate Metabolism; Methane Metabolism","AA central (A/D/E,G/S/T); Biosynthesis Of Amino Acids; Cyanoamino Acid Metabolism; Folate Metabolism; Glyoxylate And Dicarboxylate Metabolism; Methane Metabolism",False,False
MTHFCm,MTHFD1L or MTHFD2,0.5499,-0.737,0.3051,Folate Metabolism,Folate Metabolism,False,True
PSERT,PSAT1,0.8412,-0.737,0.0101,"Alanine, Aspartate And Glutamate Metabolism; Biosynthesis Of Amino Acids; Cysteine And Methionine Metabolism; Glycine, Serine And Threonine Metabolism; Methane Metabolism","AA central (A/D/E,G/S/T); Biosynthesis Of Amino Acids; AA other (Cys/Met/Lys/Arg/Pro); Methane Metabolism",False,True
r0509,SDHA and SDHB and SDHC and SDHD,-0.0623,0.696,0.8957,Citric Acid Cycle,Central Energy Metabolism,False,False
GLNtN1,SLC38A3,0.1033,-0.2863,0.8364,Extracellular Transport,Extracellular Transport,False,False
2HCO3_NAt,SLC4A5 or SLC4A4 or SLC4A9,0.0,-0.2009,0.7836,Extracellular Transport,Extracellular Transport,False,False
r1418c,CA13 or CA4 or CA3A or CA3B or CA8 or LOC421187,0.6438,-0.2009,0.6003,Nitrogen Metabolism,Nitrogen disposal,False,False
H2Otm,AQP8,0.0,-0.074,,"Transport, Mitochondrial",Mitochondrial transport,False,False
LDH__L,LDHB and LDHA,-0.0438,0.0566,0.9079,Pyruvate Metabolism,Central Energy Metabolism,False,False
NADH2_u10m,NDUFS2 and NDUFA13 and NDUFB7 and NDUFS4 and NDUFC2 and NDUFB6 and NDUFB10 and NDUFAB1 and NDUFA8 and NDUFA5 and NDUFA12 and NDUFB2 and NDUFV3 and NDUFA9 and NDUFA7 and NDUFB9 and NDUFS6 and NDUFS3 and NDUFB1 and NDUFB8 and NDUFA10 and NDUFB3 and NDUFS1 and NDUFB5 and NDUFV2 and NDUFA6 and NDUFV1 and NDUFA2 and NDUFS8 and NDUFB4 and NDUFS7 and NDUFS5 and NDUFA4 and NDUFA1 and NDUFA11 and ND1 and ND3 and ND6 and ND5 and ND4 and ND4L and ND2,-0.707,0.0566,,Oxidative Phosphorylation,Oxidative Phosphorylation,False,False
PGM,BPGM or PGAM1,-0.1929,0.0566,0.417,"Biosynthesis Of Amino Acids; Glycine, Serine And Threonine Metabolism; Glycolysis/Gluconeogenesis; Methane Metabolism","Biosynthesis Of Amino Acids; AA central (A/D/E,G/S/T); Central Energy Metabolism; Methane Metabolism",False,False
GMPR,ARMC4,0.0,-0.0439,,Nucleotide Interconversion; Nucleotide Metabolism; Purine Metabolism,Nucleotide metabolism; Nitrogen disposal,False,False
HUMANGEM_MAR20139,SLC25A36,0.4366,-0.0439,0.0947,"Transport, Mitochondrial",Mitochondrial transport,False,False
HUMANGEM_MAR20145,SLC25A36,0.4366,-0.0439,0.0947,"Transport, Mitochondrial",Mitochondrial transport,False,False
r0552,ALDH7A1,0.0239,-0.0291,0.9319,"Alanine, Aspartate And Glutamate Metabolism; Folate Metabolism; Glycine, Serine And Threonine Metabolism","AA central (A/D/E,G/S/T); Folate Metabolism",False,False
r0552m,ALDH7A1,0.0239,-0.0291,0.9319,"Alanine, Aspartate And Glutamate Metabolism; Glycine, Serine And Threonine Metabolism","AA central (A/D/E,G/S/T)",False,False
r0553,ALDH7A1,0.0239,-0.0291,0.9319,"Alanine, Aspartate And Glutamate Metabolism; Folate Metabolism; Glycine, Serine And Threonine Metabolism","AA central (A/D/E,G/S/T); Folate Metabolism",False,False
r0553m,ALDH7A1,0.0239,-0.0291,0.9319,"Alanine, Aspartate And Glutamate Metabolism; Glycine, Serine And Threonine Metabolism","AA central (A/D/E,G/S/T)",False,False
3DSPHR,KDSR,0.2778,0.0,0.4862,Sphingolipid Metabolism,Lipid metabolism,False,False
3HBCOAHLm,HIBCH,0.361,0.0,0.3394,"Valine, Leucine And Isoleucine Biosynthesis; Valine, Leucine And Isoleucine Degradation",BCAA metabolism (Val/Leu/Iso),False,False
3HKYNAKGAT,KYAT3,0.2155,0.0,0.5516,Tryptophan Metabolism,AAA metabolism (Trp/Phe/Tyr),False,False
AACOAT,AACS,-0.3436,0.0,0.3825,"Butanoate Metabolism; Valine, Leucine And Isoleucine Degradation",Butanoate Metabolism; BCAA metabolism (Val/Leu/Iso),False,False
ACACT10m,ACAT1 or ACAA2,0.1953,0.0,0.5745,"Valine, Leucine And Isoleucine Biosynthesis; Valine, Leucine And Isoleucine Degradation",BCAA metabolism (Val/Leu/Iso),False,False
ACACT1r,ACAT2,-0.3332,0.0,0.5869,"Butanoate Metabolism; Fatty Acid Degradation; Fatty Acid Metabolism; Glyoxylate And Dicarboxylate Metabolism; Lysine Degradation; Pyruvate Metabolism; Terpenoid Backbone Biosynthesis; Tryptophan Metabolism; Valine, Leucine And Isoleucine Degradation",Butanoate Metabolism; Lipid metabolism; Glyoxylate And Dicarboxylate Metabolism; AA other (Cys/Met/Lys/Arg/Pro); Central Energy Metabolism; Terpenoid Backbone Biosynthesis; AAA metabolism (Trp/Phe/Tyr); BCAA metabolism (Val/Leu/Iso),False,False
ACCOACm,369504 or ACACB,0.0,0.0,0.8887,Fatty Acid Biosynthesis; Fatty Acid Degradation; Fatty Acid Metabolism; Propanoate Metabolism; Pyruvate Metabolism,Lipid metabolism; Propanoate Metabolism; Central Energy Metabolism,False,False
ADK1,AK1 or AK7 or AK8 or AK5,0.8841,0.0,0.4984,Nucleotide Interconversion; Nucleotide Metabolism; Purine Metabolism,Nucleotide metabolism; Nitrogen disposal,False,False
ADKd,AK5,0.8841,0.0,0.3986,Nucleotide Interconversion,Nucleotide metabolism,False,False
ADSL1,ADSL,-0.2552,0.0,0.5072,"Alanine, Aspartate And Glutamate Metabolism; Nucleotide Interconversion; Nucleotide Metabolism; Purine Metabolism","AA central (A/D/E,G/S/T); Nucleotide metabolism; Nitrogen disposal",False,False
ADSL2,ADSL,-0.2552,0.0,0.5072,Purine Metabolism; Purine Synthesis,Nitrogen disposal; Nucleotide metabolism,False,False
ADSS,ADSS2 or ADSS1,0.5617,0.0,0.1332,"Alanine, Aspartate And Glutamate Metabolism; Nucleotide Interconversion; Nucleotide Metabolism; Purine Metabolism","AA central (A/D/E,G/S/T); Nucleotide metabolism; Nitrogen disposal",False,False
AGPAT1,AGPAT2 or GPAT4 or AGPAT4 or AGPAT3 or AGPAT5 or AGPAT1 or MBOAT2,0.4419,0.0,0.3067,Triacylglycerol Synthesis,Lipid metabolism,False,False
AICART,ATIC,-0.0827,0.0,0.9343,Folate Metabolism; Purine Metabolism; Purine Synthesis,Folate Metabolism; Nitrogen disposal; Nucleotide metabolism,False,False
AIRCr,PAICS,0.1133,0.0,0.7817,Purine Metabolism; Purine Synthesis,Nitrogen disposal; Nucleotide metabolism,False,False
ASPCTr,CAD,0.0,0.0,,"Alanine, Aspartate And Glutamate Metabolism; Pyrimidine Metabolism; Pyrimidine Synthesis","AA central (A/D/E,G/S/T); Nucleotide metabolism",False,False
ASPTA,GOT1 or IL4I1,0.1389,0.0,0.7085,"2-oxocarboxylic Acid Metabolism; Alanine, Aspartate And Glutamate Metabolism; Arginine Biosynthesis; Biosynthesis Of Amino Acids","2-oxocarboxylic Acid Metabolism; AA central (A/D/E,G/S/T); AA other (Cys/Met/Lys/Arg/Pro); Biosynthesis Of Amino Acids",False,False
CDS,CDS1 or CDS2,3.9374,0.0,0.0026,Glycerophospholipid Metabolism,Lipid metabolism,False,False
CEPTC,CEPT1 or CHPT1,0.0442,0.0,0.278,Glycerophospholipid Metabolism,Lipid metabolism,False,False
CHLPCTD,PCYT1A or PCYT1B,-0.0512,0.0,0.8965,Glycerophospholipid Metabolism,Lipid metabolism,False,False
CHOLESTle,LIPA,-0.324,0.0,0.3543,Extracellular Transport,Extracellular Transport,False,False
CHOLK,CHKA,0.124,0.0,0.9128,Glycerophospholipid Metabolism,Lipid metabolism,False,False
CHOLtu,LOC421583 or SLC22A1 or SLC22A5,0.3279,0.0,0.7972,Extracellular Transport,Extracellular Transport,False,False
CLSm_hs,CRLS1,0.2146,0.0,0.8017,Glycerophospholipid Metabolism,Lipid metabolism,False,False
COAtim,SLC25A16,0.6851,0.0,0.3137,"Transport, Mitochondrial",Mitochondrial transport,False,False
CTPS2,CTPS1 or CTPS2,0.0779,0.0,0.9106,Nucleotide Metabolism; Pyrimidine Metabolism; Pyrimidine Synthesis,Nucleotide metabolism,False,False
CYTDK1,UCK2 or UCK1,0.5193,0.0,0.2832,Nucleotide Interconversion; Nucleotide Metabolism; Pyrimidine Metabolism,Nucleotide metabolism,False,False
CYTDe,CDA,-0.21,0.0,0.7264,Pyrimidine Catabolism,Nucleotide metabolism,False,False
CYTDt,SLC29A1 or SLC29A3,0.0092,0.0,0.9801,Extracellular Transport,Extracellular Transport,False,False
CYTK1,CMPK1,-0.3909,0.0,0.1232,Nucleotide Interconversion; Nucleotide Metabolism; Pyrimidine Metabolism,Nucleotide metabolism,False,False
CYTK12,CMPK1,-0.3909,0.0,0.1232,Nucleotide Interconversion,Nucleotide metabolism,False,False
CYTK1m,CMPK2,0.0,0.0,,Nucleotide Interconversion; Nucleotide Metabolism; Pyrimidine Metabolism,Nucleotide metabolism,False,False
DAGK_hs,DGKI or DGKZ or DGKD or DGKH or DGKE or DGKQ or DGKK or DGKE or DGKI,0.6348,0.0,0.1301,Glycerophospholipid Metabolism,Lipid metabolism,False,False
DCMPDA,DCTD,-0.3744,0.0,0.8209,Pyrimidine Catabolism,Nucleotide metabolism,False,False
DGAT,DGAT2,-0.1544,0.0,0.8364,Triacylglycerol Synthesis,Lipid metabolism,False,False
DGK1,GUK1,0.1523,0.0,0.8313,Nucleotide Interconversion,Nucleotide metabolism,False,False
DHORD9,DHODH,-0.4527,0.0,0.6019,"Transport, Mitochondrial",Mitochondrial transport,False,False
DHORTS,CAD,0.0,0.0,,Pyrimidine Synthesis,Nucleotide metabolism,False,False
DNDPt14m,SLC25A19,0.168,0.0,0.6711,"Transport, Mitochondrial",Mitochondrial transport,False,False
DURIK1,TK1,-0.193,0.0,0.8968,Nucleotide Interconversion,Nucleotide metabolism,False,False
DURIPP,PNP or UPP2,0.2162,0.0,0.8674,Nucleotide Interconversion,Nucleotide metabolism,False,False
DUTPDPm,DUT or ITPA,0.221,0.0,0.7706,Nucleotide Interconversion,Nucleotide metabolism,False,False
ECOAH12m,HADHA and EHHADH and ECHS1,-0.5208,0.0,0.8782,"Valine, Leucine And Isoleucine Biosynthesis; Valine, Leucine And Isoleucine Degradation",BCAA metabolism (Val/Leu/Iso),False,False
ECOAH9m,HADHA and EHHADH and ECHS1,-0.5208,0.0,0.8782,"Valine, Leucine And Isoleucine Biosynthesis; Valine, Leucine And Isoleucine Degradation",BCAA metabolism (Val/Leu/Iso),False,False
FAS100COA,FASN or (FASN and ELOVL6 and ELOVL5 and ELOVL2),0.8865,0.0,0.1686,Fatty Acid Biosynthesis,Lipid metabolism,False,False
FAS120COA,FASN or (FASN and ELOVL6 and ELOVL5 and ELOVL2),0.8865,0.0,0.1686,Fatty Acid Biosynthesis,Lipid metabolism,False,False
FAS140COA,FASN or (FASN and ELOVL6 and ELOVL5 and ELOVL2),0.8865,0.0,0.1686,Fatty Acid Biosynthesis,Lipid metabolism,False,False
FAS160COA,FASN or (FASN and ELOVL6 and ELOVL5 and ELOVL2),0.8865,0.0,0.1686,Fatty Acid Biosynthesis,Lipid metabolism,False,False
FAS80COA__L,FASN,0.8865,0.0,0.0935,Fatty Acid Biosynthesis,Lipid metabolism,False,False
FBA,ALDOC or ALDOB,0.6713,0.0,0.2717,Pentose Phosphate Pathway,Redox & Pentose Metabolism,False,False
FKYNH,AFMID,0.2553,0.0,0.6947,Tryptophan Metabolism,AAA metabolism (Trp/Phe/Tyr),False,False
FTHFL,MTHFD1,0.3834,0.0,0.4162,Folate Metabolism,Folate Metabolism,False,False
FUM,FH,0.4581,0.0,0.097,Citric Acid Cycle; Pyruvate Metabolism,Central Energy Metabolism,False,False
G6PDH2r,IDH1 or PGD,0.0198,0.0,0.3712,Pentose Phosphate Pathway,Redox & Pentose Metabolism,False,False
GALU,UGP2,-0.1824,0.0,0.7519,Pentose And Glucuronate Interconversions,Redox & Pentose Metabolism,False,False
GAPD,GAPDH,0.0433,0.0,0.9185,Glycolysis/Gluconeogenesis,Central Energy Metabolism,False,False
GARFT,GART or GART-B,0.0222,0.0,0.9734,Folate Metabolism; Purine Metabolism; Purine Synthesis,Folate Metabolism; Nitrogen disposal; Nucleotide metabolism,False,False
GK1,GUK1,0.1523,0.0,0.8313,Nucleotide Interconversion; Nucleotide Metabolism; Purine Metabolism,Nucleotide metabolism; Nitrogen disposal,False,False
GLCt1,SLC2A11 or SLC2A9 or SLC2A9L or SLC2A12 or SLC2A1 or SLC2A6 or SLC2A8 or SLC2A2 or SLC2A10,1.6571,0.0,0.2215,Extracellular Transport,Extracellular Transport,False,False
GLUNm,GLS2,2.4952,0.0,0.0,"Alanine, Aspartate And Glutamate Metabolism; Arginine Biosynthesis","AA central (A/D/E,G/S/T); AA other (Cys/Met/Lys/Arg/Pro)",False,False
GLUPRT,PPAT,0.0,0.0,,"Alanine, Aspartate And Glutamate Metabolism; Purine Metabolism; Purine Synthesis","AA central (A/D/E,G/S/T); Nitrogen disposal; Nucleotide metabolism",False,False
GND,PGD,-0.4726,0.0,0.2295,Glutathione Metabolism; Pentose Phosphate Pathway,Redox & Pentose Metabolism,False,False
GPAM_hs,AGPAT5L,0.0,0.0,,Triacylglycerol Synthesis,Lipid metabolism,False,False
GUAPRT,HPRT1 or LOC769866 or APRT,0.0985,0.0,0.1284,Nucleotide Metabolism; Nucleotide Salvage Pathway; Purine Metabolism,Nucleotide metabolism; Nucleotide Salvage Pathway; Nitrogen disposal,False,False
HACD9m,HSD17B10 or EHHADH or HADH,0.5018,0.0,0.1618,"Valine, Leucine And Isoleucine Biosynthesis; Valine, Leucine And Isoleucine Degradation",BCAA metabolism (Val/Leu/Iso),False,False
HEX1,ADPGK or HK2 or HK1 or HK3 or GCK or ADPGK,0.1881,0.0,0.2346,Glycolysis/Gluconeogenesis; Starch And Sucrose Metabolism,Central Energy Metabolism; Starch And Sucrose Metabolism,False,False
HIBDm,HIBADH or EHHADH or HADH,0.5018,0.0,0.3566,"Valine, Leucine And Isoleucine Biosynthesis",BCAA metabolism (Val/Leu/Iso),False,False
HIStN1,SLC38A3,0.1033,0.0,0.8364,Extracellular Transport,Extracellular Transport,False,False
HMGCOASim,HMGCS2,0.8584,0.0,0.1404,"Butanoate Metabolism; Synthesis And Degradation Of Ketone Bodies; Terpenoid Backbone Biosynthesis; Valine, Leucine And Isoleucine Degradation",Butanoate Metabolism; Lipid metabolism; Terpenoid Backbone Biosynthesis; BCAA metabolism (Val/Leu/Iso),False,False
HMGLm,HMGCL or HMGCLL1,1.1683,0.0,0.3851,"Butanoate Metabolism; Cholesterol Metabolism; Valine, Leucine And Isoleucine Degradation",Butanoate Metabolism; Lipid metabolism; BCAA metabolism (Val/Leu/Iso),False,False
HUMANGEM_MAR05036,SLC29A1,0.0092,0.0,0.9832,"Transport, Mitochondrial",Mitochondrial transport,False,False
HUMANGEM_MAR11443,MPC1 and MPC2,0.0,0.0,,"Transport, Mitochondrial",Mitochondrial transport,False,False
HUMANGEM_MAR20147,SLC25A36,0.4366,0.0,0.0947,"Transport, Mitochondrial",Mitochondrial transport,False,False
HUMANGEM_MAR20148,SLC25A36,0.4366,0.0,0.0947,"Transport, Mitochondrial",Mitochondrial transport,False,False
ILETA,BCAT1 or IL4I1,0.0468,0.0,0.9379,"2-oxocarboxylic Acid Metabolism; Biosynthesis Of Amino Acids; Valine, Leucine And Isoleucine Biosynthesis; Valine, Leucine And Isoleucine Degradation",2-oxocarboxylic Acid Metabolism; Biosynthesis Of Amino Acids; BCAA metabolism (Val/Leu/Iso),False,False
ILEtec,SLC43A2,0.0198,0.0,0.9875,Extracellular Transport,Extracellular Transport,False,False
IMPC,ATIC,-0.0827,0.0,0.9343,Purine Metabolism; Purine Synthesis,Nitrogen disposal; Nucleotide metabolism,False,False
INSTt2,SLC2A13,0.0,0.0,,Extracellular Transport,Extracellular Transport,False,False
KYN3OX,KMO,-0.0201,0.0,0.9875,Tryptophan Metabolism,AAA metabolism (Trp/Phe/Tyr),False,False
LPASE,PLA2G4A,0.4417,0.0,0.6537,Glycerophospholipid Metabolism,Lipid metabolism,False,False
MALtm,SLC25A10,0.3232,0.0,0.5539,"Transport, Mitochondrial",Mitochondrial transport,False,False
METtec,SLC43A2,0.0198,0.0,0.9875,Extracellular Transport,Extracellular Transport,False,False
MMEm,MCEE,-0.0534,0.0,0.9489,"Glyoxylate And Dicarboxylate Metabolism; Propanoate Metabolism; Valine, Leucine And Isoleucine Biosynthesis; Valine, Leucine And Isoleucine Degradation",Glyoxylate And Dicarboxylate Metabolism; Propanoate Metabolism; BCAA metabolism (Val/Leu/Iso),False,False
MMMm,MUT,-0.2582,0.0,0.3144,"Glyoxylate And Dicarboxylate Metabolism; Propanoate Metabolism; Valine, Leucine And Isoleucine Biosynthesis; Valine, Leucine And Isoleucine Degradation",Glyoxylate And Dicarboxylate Metabolism; Propanoate Metabolism; BCAA metabolism (Val/Leu/Iso),False,False
MMSAD1m,ALDH6A1,0.5176,0.0,0.0466,"Valine, Leucine And Isoleucine Biosynthesis; Valine, Leucine And Isoleucine Degradation",BCAA metabolism (Val/Leu/Iso),False,False
NDPK1,NME3 or NME2 or NME6 or NME7 or (NME2 and NME1) or PKLR,0.1968,0.0,0.4675,Nucleotide Interconversion; Nucleotide Metabolism; Purine Metabolism,Nucleotide metabolism; Nitrogen disposal,False,False
NDPK10,NME3 or NME2 or NME6 or NME7 or (NME2 and NME1),-0.0614,0.0,0.4638,Nucleotide Interconversion; Nucleotide Metabolism; Purine Metabolism,Nucleotide metabolism; Nitrogen disposal,False,False
NDPK10n,NME2 and NME1,-0.1751,0.0,0.9095,Nucleotide Interconversion; Nucleotide Metabolism; Purine Metabolism,Nucleotide metabolism; Nitrogen disposal,False,False
NDPK3m,NME4 or NME6 or NME1,0.1727,0.0,0.7667,Nucleotide Interconversion; Nucleotide Metabolism; Pyrimidine Metabolism,Nucleotide metabolism,False,False
NDPK4n,NT5C2 or NT5C1B or NT5C1A or LOC770392 or NT5C3B or NT5DC4 or NT5C3A,1.8809,0.0,0.0107,Nucleotide Interconversion; Nucleotide Metabolism; Pyrimidine Metabolism,Nucleotide metabolism,False,False
NDPK5,NME3 or (NME2 and NME1) or NME6 or NME7 or NME2,-0.0614,0.0,0.4638,Nucleotide Interconversion; Nucleotide Metabolism; Purine Metabolism,Nucleotide metabolism; Nitrogen disposal,False,False
NDPK6m,NME1 and NME2,-0.1751,0.0,0.9095,Nucleotide Interconversion; Nucleotide Metabolism; Pyrimidine Metabolism,Nucleotide metabolism,False,False
NDPK8,NME3 or NME2 or NME6 or NME7 or (NME2 and NME1) or PKLR,0.1968,0.0,0.4675,Nucleotide Interconversion; Nucleotide Metabolism; Purine Metabolism,Nucleotide metabolism; Nitrogen disposal,False,False
NDPK8m,NME4 or NME6 or NME1,0.1727,0.0,0.7667,Nucleotide Interconversion; Nucleotide Metabolism; Purine Metabolism,Nucleotide metabolism; Nitrogen disposal,False,False
NTD2,NT5C2 or NT5C1B or NT5C1A or LOC770392 or NT5C3B or NT5DC4,1.8809,0.0,0.0092,Nucleotide Metabolism; Pyrimidine Catabolism; Pyrimidine Metabolism,Nucleotide metabolism,False,False
NTD7,NT5C2 or NT5C1B or NT5C1A or LOC770392 or NT5C3B or NT5DC4,1.8809,0.0,0.0092,Nucleotide Interconversion; Nucleotide Metabolism; Purine Metabolism,Nucleotide metabolism; Nitrogen disposal,False,False
NTD8,NT5C2 or NT5C1B or NT5C1A or LOC770392 or NT5C3B or NT5DC4,1.8809,0.0,0.0092,Nucleotide Interconversion; Nucleotide Metabolism; Purine Metabolism,Nucleotide metabolism; Nitrogen disposal,False,False
NTD9m,NT5M,0.1795,0.0,0.7043,Nucleotide Interconversion,Nucleotide metabolism,False,False
OMPDC,UMPS,-0.5783,0.0,0.0847,Pyrimidine Metabolism; Pyrimidine Synthesis,Nucleotide metabolism,False,False
ORPT,UMPS,-0.5783,0.0,0.0847,Pyrimidine Metabolism; Pyrimidine Synthesis,Nucleotide metabolism,False,False
PCt,ABCB1LA or ABCA1,1.3733,0.0,0.4997,Extracellular Transport,Extracellular Transport,False,False
PFK,PFKP or (PFKP and PFKL) or (PFKP and PFKM) or PFKM or PFKL or (PFKL and PFKM),1.1113,0.0,0.026,Glycolysis/Gluconeogenesis,Central Energy Metabolism,False,False
PGI,GPI,0.1737,0.0,0.6627,Glycolysis/Gluconeogenesis,Central Energy Metabolism,False,False
PGK,PGK2,0.5523,0.0,0.0759,Biosynthesis Of Amino Acids; Glycolysis/Gluconeogenesis,Biosynthesis Of Amino Acids; Central Energy Metabolism,False,False
PGL,H6PD,-0.1763,0.0,0.7725,Pentose Phosphate Pathway,Redox & Pentose Metabolism,False,False
PGMT,PGM1 or PGM2,0.6959,0.0,0.1658,Glycolysis/Gluconeogenesis,Central Energy Metabolism,False,False
PGPPTm,PGS1,0.3589,0.0,0.532,Glycerophospholipid Metabolism,Lipid metabolism,False,False
PHETA1,GOT1,0.1389,0.0,0.7085,"2-oxocarboxylic Acid Metabolism; Biosynthesis Of Amino Acids; Phenylalanine Metabolism; Phenylalanine, Tyrosine And Tryptophan Biosynthesis",2-oxocarboxylic Acid Metabolism; Biosynthesis Of Amino Acids; AAA metabolism (Trp/Phe/Tyr),False,False
PHETA1m,TAT or GOT2,0.7096,0.0,0.4178,"2-oxocarboxylic Acid Metabolism; Biosynthesis Of Amino Acids; Phenylalanine Metabolism; Phenylalanine, Tyrosine And Tryptophan Biosynthesis",2-oxocarboxylic Acid Metabolism; Biosynthesis Of Amino Acids; AAA metabolism (Trp/Phe/Tyr),False,False
PHEtec,SLC16A10 or SLC43A2,0.6058,0.0,0.3722,Extracellular Transport,Extracellular Transport,False,False
PPAm,PPA2 or LHPP or PPA1,0.3294,0.0,0.361,Oxidative Phosphorylation,Oxidative Phosphorylation,False,False
PPCOACm,PCCB and PCCA,0.2503,0.0,0.4245,"Glyoxylate And Dicarboxylate Metabolism; Propanoate Metabolism; Valine, Leucine And Isoleucine Biosynthesis; Valine, Leucine And Isoleucine Degradation",Glyoxylate And Dicarboxylate Metabolism; Propanoate Metabolism; BCAA metabolism (Val/Leu/Iso),False,False
PPM,PGM1 or PGM2,0.6959,0.0,0.1658,Pentose Phosphate Pathway; Purine Metabolism,Redox & Pentose Metabolism; Nitrogen disposal,False,False
PRAGSr,GART or GART-B,0.0222,0.0,0.9734,Purine Metabolism; Purine Synthesis,Nitrogen disposal; Nucleotide metabolism,False,False
PRASCS,PAICS,0.1133,0.0,0.7817,Purine Metabolism; Purine Synthesis,Nitrogen disposal; Nucleotide metabolism,False,False
PRFGS,PFAS,0.0,0.0,,Purine Metabolism; Purine Synthesis,Nitrogen disposal; Nucleotide metabolism,False,False
PROt4,SLC38A1 or SLC6A14 or SLC38A2 or SLC22A5 or (SLC6A19 and TMEM27) or (SLC6A19 and ACE2),1.3991,0.0,0.6849,Extracellular Transport,Extracellular Transport,False,False
PRPPS,PRPS1L1 or PRPS2,0.5644,0.0,0.508,Biosynthesis Of Amino Acids; Pentose Phosphate Pathway; Purine Metabolism,Biosynthesis Of Amino Acids; Redox & Pentose Metabolism; Nitrogen disposal,False,False
PSDm_hs,PISD,-0.1478,0.0,0.7986,Glycerophospholipid Metabolism,Lipid metabolism,False,False
PSFLIP,ATP8A1 or ATP10A,1.0179,0.0,0.1386,Extracellular Transport,Extracellular Transport,False,False
PSSA1_hs,PTDSS1,0.4997,0.0,0.1167,Glycerophospholipid Metabolism,Lipid metabolism,False,False
PUNP1,PNP,0.0,0.0,,Nucleotide Interconversion; Nucleotide Metabolism; Purine Metabolism,Nucleotide metabolism; Nitrogen disposal,False,False
PUNP2,PNP,0.0,0.0,,Nucleotide Metabolism; Purine Catabolism; Purine Metabolism,Nucleotide metabolism; Purine Catabolism; Nitrogen disposal,False,False
PUNP3,PNP,0.0,0.0,,Nucleotide Metabolism; Purine Catabolism; Purine Metabolism,Nucleotide metabolism; Purine Catabolism; Nitrogen disposal,False,False
PUNP4,PNP,0.0,0.0,,Nucleotide Metabolism; Purine Catabolism; Purine Metabolism,Nucleotide metabolism; Purine Catabolism; Nitrogen disposal,False,False
PYNP2r,UPP2,0.2162,0.0,0.8674,Nucleotide Metabolism; Pyrimidine Catabolism; Pyrimidine Metabolism,Nucleotide metabolism,False,False
RE0452M,DTYMK,0.4761,0.0,0.7938,Pyrimidine Synthesis,Nucleotide metabolism,False,False
RNDR2,(RRM1 and RRM2) or RRM2B,-0.0511,0.0,0.9282,Nucleotide Interconversion,Nucleotide metabolism,False,False
RNDR3,(RRM1 and RRM2) or RRM2B,-0.0511,0.0,0.9282,Nucleotide Interconversion,Nucleotide metabolism,False,False
RPI,RPIA,-0.3266,0.0,0.62,Biosynthesis Of Amino Acids; Pentose Phosphate Pathway,Biosynthesis Of Amino Acids; Redox & Pentose Metabolism,False,False
SERPT,SGMS1,-0.7193,0.0,0.1186,Sphingolipid Metabolism,Lipid metabolism,False,False
SERt4,SLC38A1 or SLC6A14 or SLC38A2 or SLC22A5 or (SLC6A19 and TMEM27) or (SLC6A19 and ACE2),1.3991,0.0,0.6849,Extracellular Transport,Extracellular Transport,False,False
THRt4,SLC38A1 or SLC6A14 or SLC38A2 or SLC22A5 or (SLC6A19 and TMEM27) or (SLC6A19 and ACE2),1.3991,0.0,0.6849,Extracellular Transport,Extracellular Transport,False,False
TMDSm,TYMS,-0.1594,0.0,0.8897,Nucleotide Interconversion,Nucleotide metabolism,False,False
TPI,TPI1,0.0,0.0,,Glycolysis/Gluconeogenesis,Central Energy Metabolism,False,False
TRDR,TXNRD1,0.3361,0.0,0.7345,Nucleotide Interconversion,Nucleotide metabolism,False,False
TRPO2,TDO2 or IDO2,2.6418,0.0,0.0464,Tryptophan Metabolism,AAA metabolism (Trp/Phe/Tyr),False,False
TRPt,SLC36A4 or SLC16A10,0.6058,0.0,0.2293,Extracellular Transport,Extracellular Transport,False,False
TYRPHELAT2tc,SLC7A5,0.0135,0.0,0.9888,Extracellular Transport,Extracellular Transport,False,False
UMPK2m,CMPK2,0.0,0.0,,Nucleotide Interconversion,Nucleotide metabolism,False,False
URIDK2,DTYMK,0.4761,0.0,0.7938,Nucleotide Interconversion; Nucleotide Metabolism; Pyrimidine Metabolism,Nucleotide metabolism,False,False
URIt,SLC29A1 or SLC29A3,0.0092,0.0,0.9801,Extracellular Transport,Extracellular Transport,False,False
VALTA,BCAT1,0.0468,0.0,0.9379,"2-oxocarboxylic Acid Metabolism; Biosynthesis Of Amino Acids; Pantothenate And Coa Biosynthesis; Valine, Leucine And Isoleucine Biosynthesis; Valine, Leucine And Isoleucine Degradation",2-oxocarboxylic Acid Metabolism; Biosynthesis Of Amino Acids; Pantothenate And Coa Biosynthesis; BCAA metabolism (Val/Leu/Iso),False,False
VALtec,SLC43A2,0.0198,0.0,0.9875,Extracellular Transport,Extracellular Transport,False,False
r0034,CPS1,0.0,0.0,,"Alanine, Aspartate And Glutamate Metabolism; Arginine Biosynthesis; Biosynthesis Of Amino Acids; Nitrogen Metabolism; Urea Cycle","AA central (A/D/E,G/S/T); AA other (Cys/Met/Lys/Arg/Pro); Biosynthesis Of Amino Acids; Nitrogen disposal",False,False
r0226,DHFR,0.4212,0.0,0.4284,Folate Metabolism,Folate Metabolism,False,False
r0385,BCKDHA and BCKDHB,-0.1167,0.0,0.7992,"Valine, Leucine And Isoleucine Biosynthesis",BCAA metabolism (Val/Leu/Iso),False,False
r0475,RRM1 and RRM2 and RRM2B,-0.2694,0.0,0.9347,Nucleotide Interconversion,Nucleotide metabolism,False,False
r0531,UCK2 or UCK1 or UCKL1 or LOC776992,0.5193,0.0,0.3964,Nucleotide Interconversion,Nucleotide metabolism,False,False
r0560,ACADS,0.0354,0.0,0.9388,"Valine, Leucine And Isoleucine Biosynthesis",BCAA metabolism (Val/Leu/Iso),False,False
r0561,DBT,0.0966,0.0,0.8209,"Valine, Leucine And Isoleucine Biosynthesis",BCAA metabolism (Val/Leu/Iso),False,False
r0603,ACADS and LOC423987,0.0,0.0,,"Valine, Leucine And Isoleucine Biosynthesis",BCAA metabolism (Val/Leu/Iso),False,False
r0604,DBT,0.0966,0.0,0.8209,"Valine, Leucine And Isoleucine Biosynthesis",BCAA metabolism (Val/Leu/Iso),False,False
r0666,GART or GART-B,0.0222,0.0,0.9734,Purine Synthesis,Nucleotide metabolism,False,False
r0670,BCKDHA and BCKDHB,-0.1167,0.0,0.7992,"Valine, Leucine And Isoleucine Biosynthesis",BCAA metabolism (Val/Leu/Iso),False,False
