"Genes","baseMean","log2FoldChange","lfcSE","stat","pvalue","padj"
"KLF15",104.915312258276,1.35733052296104,0.358783335784882,3.78314817769257,0.000154857159940274,0.00298663480297956
"CAMK2D",37.405821570448,-1.66106889235661,0.387790623731209,-4.28341685101688,1.84044896686696e-05,0.000589134884874504
"CRELD1",209.824818716586,1.2817817291972,0.298558090452472,4.29324064624955,1.76083975311457e-05,0.000578066712740827
"INTS13",40.9080271924384,1.65614103530708,0.27582732907785,6.00426738294542,1.92197744813922e-09,5.00873031844223e-07
"IRS2",2.01482679258218,2.38068277775183,0.799714648611968,2.97691530583301,0.00291164432054069,0.0252532823723208
"SEMA3G",10.6945622389033,-1.31828767148277,0.301150591569151,-4.37750317744292,1.20046611587084e-05,0.000433857607389803
"GATAD2B",31.5322671318368,2.17587926998129,0.378889637038396,5.74277852249833,9.31355094536088e-09,1.57236292908923e-06
"TBL2",2.78669331700167,2.32919897930906,0.575038188792804,4.05051181765654,5.11057284230143e-05,0.00131122499894267
"FAM208B",20.2483870792475,1.73086976415282,0.527880224709176,3.27890624261669,0.00104210252130364,0.0118805471531416
"LONP1",2.56943352090976,2.24663451616966,0.752379752678059,2.98603797905629,0.00282617541123832,0.0248075397208697
"ANKHD1",7.41222097864719,1.93337712185826,0.507419879712859,3.8102116199159,0.000138847889402826,0.00276439642811055
"YBX3",199.326369736933,1.40487900820235,0.288570334127228,4.86841106675556,1.12499129839511e-06,6.76311842020553e-05
"LOC124417094",3.58234449511209,2.64176155540116,0.776800676679875,3.40082293271463,0.000671833299243673,0.00869562011981446
"CCDC12",386.410144109782,1.40070746775697,0.249915512971114,5.60472397693402,2.08587102117282e-08,2.85625271832599e-06
"LOC101751234",1.29144397820411,-2.69538444074031,1.01201701046383,-2.66337859232718,0.00773603221189869,0.0498744360332078
"FAM46A",252.113933991491,2.22205391948183,0.405637198213634,5.47793429514707,4.30319852265526e-08,5.09929024934648e-06
"EML6",11.0962668201189,-1.0395786645194,0.271713768376435,-3.82600657571079,0.000130238812005485,0.00263557162422923
"PTPRZ1",6.23702787051785,1.81817609693692,0.569009260053184,3.19533656933278,0.0013966785969101,0.0147116812207864
"FSTL3",2.53242389689873,-1.67288205133366,0.619375353363958,-2.70091801723766,0.00691483810581469,0.0461941225058708
"SEPTIN8",20.7704068594736,-1.13728813929494,0.272287819719668,-4.17678668280433,2.95656051275604e-05,0.000865782878704426
"ADAMTS20",4.35125208265405,3.36758048460307,0.774109576629472,4.35026330415102,1.35974158941338e-05,0.000480156313694284
"CNOT8",315.650484732794,1.42979835640327,0.240982802570067,5.93319664787095,2.97092656291893e-09,7.17915665910057e-07
"ADGRA2",5.9009534044815,2.89167196396005,0.594894823784892,4.86081211055494,1.1690517097223e-06,6.99388022845514e-05
"PPCS",211.439447529463,1.22208019526979,0.263162552196053,4.64382255405153,3.42021343905896e-06,0.000156113742307269
"GPR183",10.6502351617783,-1.24405056184241,0.36583730040137,-3.40055691554012,0.000672487346005373,0.00869562011981446
"ANKRD2",20.9363205649079,-1.2472412422999,0.432236335608488,-2.88555389621299,0.00390725554574183,0.0309466692453228
"NDUFAB1",349.217747119928,2.81305959472678,0.541458058481615,5.19534163479866,2.04344226424338e-07,1.88721761022172e-05
"CCDC28A",156.755727969244,1.19861723829445,0.239428450214621,5.00616045094065,5.55264770920556e-07,3.91033316389996e-05
"UGT8",686.66826175261,1.24329724917308,0.332031603191128,3.74451479083272,0.000180742729756391,0.00334341921117785
"PAQR7",58.3535297505032,-1.05669566124145,0.302755706150349,-3.49025844856146,0.000482553626339495,0.00689106708112159
"NR1D2",7.08513530687002,1.57881256666303,0.541343839181182,2.91646907638421,0.00354017814613151,0.0287791263014016
"GNA12",13.2215401123546,-1.27501431771974,0.318645219954869,-4.00136025232178,6.2979386730399e-05,0.00150823717329873
"ADAMTS3",6.45928821729974,3.34363189418926,0.748889156268699,4.46478876907329,8.01477843675505e-06,0.000316583748251825
"J6367_mgt09",4.70775228643644,1.9373491883359,0.555628172933696,3.48677277846941,0.000488886532834766,0.00695731828020284
"PTEN",11.3186289338328,1.17810645457045,0.428821545676321,2.74731171147753,0.00600859982158677,0.0420260977305535
"LOC121109571",39.8620020352234,1.23043214089676,0.281495783875657,4.37104998148132,1.23650481320489e-05,0.000444638559379928
"LOC107051537",3.60224134859598,1.54146497520274,0.53148773574003,2.9002832455888,0.00372825592825826,0.0298939662068021
"ETV3",43.2150405104531,2.06611843866177,0.319184990468227,6.47310650676553,9.60082266051353e-11,4.38224216548773e-08
"NDUFAF5",5.59213741496925,2.99381527977072,0.53528250743983,5.59296303944184,2.23226824334341e-08,3.02312899241364e-06
"STK32C",0.959185979467775,2.66382304834415,0.914434618099011,2.91308202425876,0.00357880583002109,0.029035683376682
"CHRNB2",2.75949268040466,2.22169209095406,0.602545600494899,3.68717668692508,0.000226755918766203,0.00391449817344275
"TTC1",110.778977093339,1.10227464675001,0.266974641680187,4.12876159253525,3.64722330899418e-05,0.00100972523029856
"MED13L",242.935736147702,1.07245896578905,0.323773259400817,3.31237659272346,0.000925069286123435,0.0108991910919553
"OSR2",1.0521752121333,3.08286454754896,1.09156565254483,2.82425939325014,0.00473900145386605,0.035479327768723
"GNA11",9.91827819153615,1.14458288168501,0.349356487972841,3.27626055644911,0.00105191466478781,0.0119592217055765
"LOC121111955",5.38258858774298,1.24156203054252,0.41702198937535,2.97720998454359,0.00290884705226463,0.0252532823723208
"MAST4",30.9774753093273,-1.01095082249113,0.22411472791694,-4.51086294902407,6.45644270635886e-06,0.000264349501372647
"PPP1R1C",1.04066730841837,-2.66872277272373,0.937879621794007,-2.84548540208061,0.0044343791932578,0.0336717739850333
"SPIA3",925.786166553402,-1.35754386213267,0.461541582821062,-2.94132514308897,0.00326811295317805,0.0272572513545712
"DNAJC1",56.7553746722785,1.08864249177605,0.299056086138928,3.64026195163377,0.000272360811003314,0.00448739924439149
"LOC107049991",52.2818815284519,-1.79795880159607,0.315803029492639,-5.69329181067269,1.24613139257912e-08,1.94480371391667e-06
"ZNRF1",7.4033539433612,2.41925567189084,0.465728239354223,5.19456512932384,2.05198928732319e-07,1.88721761022172e-05
"LOC112531635",57.8058947866556,2.16324204759239,0.452101260420232,4.78486179308954,1.71105028669624e-06,9.1682537970628e-05
"GLUD2",69.4870459516854,2.45141704152238,0.428988466413456,5.71441246898168,1.10083693362302e-08,1.80889524932934e-06
"METRNL",65.8676479754272,-1.23374678370351,0.285186508308158,-4.32610501465371,1.5176908852562e-05,0.000522458728209423
"VPS37D",30.0342175707786,2.46709261643448,0.403561907896452,6.11329406507689,9.75952899476747e-10,2.93357159345157e-07
"RNF213",251.355052568171,-1.06527155278503,0.327330780804066,-3.25441912357972,0.00113624507985624,0.0125927017663204
"SLC18A2",18.6582673375473,1.25087528958361,0.423127733037151,2.95625928512178,0.00311395192728944,0.0264299886721178
"COLEC12",62.9068464990524,1.13580791928135,0.307972319796539,3.68801949484199,0.00022600633840261,0.00391194117201372
"LOC124417899",4.54329696052521,3.24270266947648,0.756863550601039,4.28439534035084,1.83236838653166e-05,0.000589134884874504
"TARBP2",20.6068650021591,1.30575876704487,0.253128662925961,5.15847850635074,2.48964681604875e-07,2.20736743604207e-05
"LOC429518",39.2631997872542,-1.04119502713078,0.314081217401092,-3.31505027822513,0.000916266428565463,0.0108322808416796
"LOC100858809",25.5357363027419,-1.09083248026405,0.212467075372038,-5.13412479723721,2.8345996878929e-07,2.36037882118865e-05
"MFSD4B",2.59250057330467,1.62122258285849,0.553051657540014,2.93141257377244,0.003374243262877,0.0279088415917423
"LOC107055082",12.6488988043288,-1.02484848501195,0.344875629849472,-2.97164657722921,0.00296207443591874,0.025545560075761
"MOB3A",4.75892517388415,1.55467929260511,0.568455128020624,2.73491998923212,0.00623954404804386,0.0429083147168332
"PDCD2L",5.41742437010172,2.42663202749621,0.58427795716813,4.15321508834182,3.27836323667649e-05,0.000939594151832582
"PCDHA7",1.15261634306915,2.46407095524386,0.893122147180178,2.75894060294393,0.00579890739401563,0.0408609117917946
"IGLL1",576.935828926683,-2.22132583567184,0.474261017695776,-4.68376221698397,2.81656732615453e-06,0.000134020755704743
"TMEM132A",18.9295224330138,-1.15302295202509,0.32039881875609,-3.59871161979174,0.000319797566767007,0.00503344216198798
"LOC121108177",5.42388033760681,2.46305644719296,0.516286910963953,4.77071255320847,1.83575355247308e-06,9.58636727994843e-05
"MED21",110.031607256452,1.08087562202783,0.267297747291963,4.04371392194043,5.2611108423777e-05,0.00132279788757616
"NRXN3",2.53086201429129,-1.76796466989343,0.643181370996333,-2.74878090320733,0.00598173553769974,0.041885743617393
"PRKAG3",6.26571819500695,-1.80978610346912,0.61762396939576,-2.93023942260481,0.00338700928704226,0.0279768783200461
"HCK",8.91530900896401,-1.68454664826807,0.545545272579562,-3.08782191494914,0.00201629259671012,0.0193616255590355
"PRKCDBP",276.279534474859,1.12340881680809,0.280769219219572,4.00118225185341,6.3026788725158e-05,0.00150823717329873
"TEX14",1.29863661255918,-2.49210203950438,0.879038110958001,-2.83503298484796,0.00458209544557699,0.0346227739247644
"SDC2",1979.82777478386,1.60620902731371,0.299471854903779,5.36347239652885,8.16371322519515e-08,8.52623743960212e-06
"UBFD1",190.779742957173,2.08579900187106,0.343765861687383,6.06749894138081,1.29917474178122e-09,3.48065859080691e-07
"FZD4",109.297241202497,2.37539379689419,0.296976285387809,7.99859757755494,1.25844273902689e-15,7.75452415788369e-12
"ZBTB18",4.41895494638817,1.62919470357392,0.5278391449512,3.08653634190875,0.00202503190980264,0.0194062933564601
"XPA",106.410515514589,1.57956625749349,0.299593049827837,5.27237283508814,1.34671145775291e-07,1.33845741978604e-05
"MTCL1",49.348606044464,2.1434065434525,0.539257294278036,3.97473815597082,7.04567284660255e-05,0.00163523299739227
"OGFOD3",22.2435806734595,3.07892897696344,0.61856321505078,4.97754942752404,6.43943412245558e-07,4.45840371489565e-05
"PLPP3",368.953705486208,1.44810019511912,0.302557014767239,4.78620598578144,1.69963621270634e-06,9.1682537970628e-05
"FAM134A",7.11481579876596,3.69603567763221,0.67106331741196,5.5077301675294,3.63489990469682e-08,4.57107208423302e-06
"TSPAN15L",74.2400908277704,1.27689745401495,0.332128192185213,3.84459219078542,0.0001207530830773,0.00248026832640774
"TMEM115",5.7423289116523,2.25094588182256,0.502825141622803,4.47659771855864,7.58419627357935e-06,0.000301508499598684
"APRT",14.3364103466082,-1.07458049022634,0.280075543939807,-3.83675231014559,0.000124672100964816,0.00254802482966898
"LOC112531437",1.62791152567809,3.39776815094444,1.13159643585237,3.00263242556529,0.00267655495953626,0.0237422500776353
"ASB7",1.42351098799041,3.81189302051489,0.974053635861306,3.91343236160114,9.09933967372781e-05,0.00199893515399325
"CREB3L4",41.8402248642515,1.31856550108535,0.307739408723218,4.28468198647667,1.83000760774825e-05,0.000589134884874504
"LOC121109817",4.9266780305047,2.02838953896723,0.650710168625541,3.11719354755388,0.00182581660420344,0.0180876854551888
"EFNB1",48.5104849014045,1.90007911752933,0.389904278674395,4.87319381051489,1.0980840137043e-06,6.6337193063195e-05
"LOC107054060",2.42754531296601,2.24409999324749,0.618210535867672,3.62999312216161,0.000283428771890564,0.00459602129576226
"LOC107053537",14.9676136796755,1.52271240273183,0.484321018947218,3.14401469926246,0.00166647068624426,0.0168755831859279
"LOC107049717",24.1133477205789,1.12800686780396,0.23822170981068,4.73511364140743,2.18932391902592e-06,0.000109235740801925
"BRF1",32.8422928216379,1.84476621575827,0.386202432248452,4.77668202403111,1.78211237884181e-06,9.34585232206235e-05
"IKBIP",33.4323899270475,1.22184847607816,0.302930654359024,4.03342632545224,5.4969420313386e-05,0.0013689426707337
"SPEN",41.740786921714,1.23256184693734,0.269857670288643,4.56745159631363,4.93689631621768e-06,0.000209080103783734
"NOXO1",7.58250220489527,-1.4062784743427,0.501244191342668,-2.80557560293265,0.00502267970834037,0.0369108555310594
"TRIM33",12.5739734655532,2.42792413118952,0.478722581607178,5.07167245597322,3.94334682574721e-07,2.9453215927581e-05
"TNKS2",3.4915869360432,2.6057683739704,0.800756711476864,3.25413241827781,0.00113739249091262,0.0125940925947953
"CABLES2",5.72536042134726,-1.47771260854294,0.488243179051103,-3.02659140351917,0.00247328031822531,0.0223138408798014
"GPT2",1312.3951117151,1.54270207629028,0.370511813967791,4.16370549637694,3.13123947676492e-05,0.000907985772038843
"LOC121109525",786.283390926592,2.60534387624864,0.356035089772269,7.31766039666228,2.52331449986782e-13,4.59264796776001e-10
"PTPN12",68.748177583373,2.64730584532166,0.405691389058919,6.52541788343748,6.78122022815781e-11,3.48215658715904e-08
"CNTNAP1",7.19945887257525,-1.57759203381893,0.42382955890575,-3.72223220554031,0.000197469294774863,0.00358411132371932
"TNFSF11",3.8105930711384,-1.41138730662634,0.514996044263486,-2.74057892744557,0.00613310496571822,0.0424318981072726
"LOC121106941",116.372790818405,-1.05488006762893,0.20578640220791,-5.12609218252994,2.95817810325642e-07,2.41398940692986e-05
"NAAA",36.4677032879405,1.28728530368676,0.322578215410131,3.99061449964958,6.59023238152365e-05,0.0015618850744211
"SUSD1",7.04362979096371,2.53353559289343,0.44073075900601,5.74848825756427,9.00448982227563e-09,1.57236292908923e-06
"CTCF",4.39141537146129,3.52791206784218,0.737763700292836,4.78189976877673,1.73646261139017e-06,9.18462026728433e-05
"PCDHA2",1.15261634306915,2.46407095524386,0.893122147180178,2.75894060294393,0.00579890739401563,0.0408609117917946
"FABP4",11.0566454755112,-2.56219521132143,0.618476213869315,-4.14275465064664,3.43159001876241e-05,0.000967755500943432
"MAP7D1",32.5878302126039,1.49065275438621,0.422805621176685,3.52562189272144,0.00042248969967304,0.00622818547699826
"RMI2",22.1004436319476,2.29060655144414,0.469153220346719,4.88242742904186,1.04787809280831e-06,6.42490030635303e-05
"RAP1GAP1",4.29649116940775,1.68531759185629,0.526954265109736,3.19822364755948,0.00138276995184597,0.014627688314635
"ABI3",31.8693245542862,-1.03689374803733,0.336895286760382,-3.07779238471455,0.00208540148631226,0.0197848251865375
"SPARC",695.030425323213,-1.01890831287147,0.244667334212388,-4.16446403093184,3.12084820063727e-05,0.000907106915675796
"PSMC3",53.4082229057026,1.36930841707111,0.419436644737532,3.26463706557632,0.00109604418362822,0.0122795409024406
"HTRA3",29.5205139185615,1.32521943410646,0.49010955676328,2.70392489968633,0.00685257747842136,0.0459033451614886
"KIF3C",2.66838487485043,1.67606487344959,0.563437754540168,2.97471168721638,0.00293264035044237,0.0254066408677135
"J6367_mgt10",4.70775228643644,1.9373491883359,0.555628172933696,3.48677277846941,0.000488886532834766,0.00695731828020284
"TTC7B",4.92720369606665,-1.27824406536233,0.444563249622555,-2.87528055107477,0.00403668642830908,0.0316757331426797
"JADE2",142.430626535065,1.57370728299159,0.325635294377912,4.83272946809396,1.34673740972236e-06,7.75569712028893e-05
"ELOB",5.02709781698454,2.01404743285649,0.5165236461318,3.89923568444449,9.64968119853738e-05,0.00210110726308789
"CKMT2",30.1244595626124,-1.43157972296628,0.353879893070663,-4.04538305509328,5.22376378666937e-05,0.00132177327627129
"ALKBH5",31.1210778569963,1.25598195828403,0.354521755442697,3.54275002592059,0.000395977857471388,0.00591518923088169
"SETDB2",61.627666450409,-1.00067040087041,0.325094245244697,-3.07809324682819,0.00208329716130028,0.0197800879937324
"NFATC1",5.93841907941382,1.72589905027922,0.442978369264732,3.89612489012481,9.77440006368819e-05,0.00212057350084399
"LYSMD2",50.9141471171886,1.12443866171994,0.410339030381605,2.74026738493348,0.00613892196732124,0.0424318981072726
"UBTD1",2.02234950417082,3.26714743741707,0.814727683375078,4.01010976315747,6.06905281963476e-05,0.00147524668538814
"CHAD",5.77607438496656,1.61778017297316,0.60322056894632,2.68190485579599,0.0073204276425666,0.0479112853250084
"TRIB1",775.082433491751,1.72723772596856,0.387980725852901,4.45186477284808,8.5127771692616e-06,0.000330950996321703
"VH26L1",559.341274101384,-2.88187729201002,0.473103429808938,-6.09143183166915,1.11905236109682e-09,3.20725611585052e-07
"CLSTN3",28.8061346173897,1.2631695669569,0.254049307490039,4.9721433190934,6.62167230097182e-07,4.5085905766396e-05
"NEUROD1",6.48607621815038,-1.84228347488505,0.545409857816871,-3.37779643781873,0.00073069149186181,0.0092644464461985
"IPO9",12.715593931743,2.03305589220859,0.460846154231641,4.41157178711463,1.02622917998851e-05,0.000385586841895683
"LOC101749201",32.2882219183439,-1.00429571940411,0.324989864328265,-3.09023704933055,0.00199996805892175,0.019255942467306
"NAA15",3.08640863910942,2.03042840824925,0.64912805831502,3.12793197311444,0.00176040920723927,0.0176384415203388
"TOMM70",220.941189268061,-1.08549159056246,0.331973006618184,-3.26981883744221,0.00107616381858217,0.0121452773811417
"LOC422426",19.2999102002429,-1.30639662736441,0.268031923575007,-4.87403369695561,1.09342326650794e-06,6.6337193063195e-05
"RNF169",12.3638741217438,1.0168447588406,0.374847594416827,2.71268850056933,0.00667398108273198,0.0450192352838472
"NR2F1",11.7296599753632,1.27664479580454,0.393487648700233,3.2444342281684,0.00117684192123803,0.0129263813167001
"SH3BP5L_1",21.1385114192317,1.8891885049665,0.519088072782916,3.6394373209892,0.000273234432462217,0.00449578257098046
"SCG3",18.7325589259925,1.51047038045365,0.423617298768592,3.56564848707646,0.000362957588768299,0.00552233249874138
"SEPTIN4",3.70955675379212,-1.43711632592811,0.503807975909145,-2.85250808769902,0.00433757086405247,0.0332620758750797
"PPM1J",3.58948747579976,2.86953368930649,0.736057841456218,3.8985165671619,9.67837801180463e-05,0.00210363898796262
"ARL9",5.06003185598198,3.05169005107708,0.712621867998094,4.28234129223388,1.84937032954809e-05,0.000590456993299241
"PTP4A2",255.049992529502,1.40403276659904,0.200813273340028,6.99173288322262,2.71511462773536e-12,2.81261182371296e-09
"KCTD1",17.9207701015644,3.65583853416477,0.499436833352719,7.31992173989879,2.48115611074732e-13,4.59264796776001e-10
"SHKBP1",9.63391303181937,1.35423049460457,0.344353056355824,3.93268033957923,8.40039143396051e-05,0.00188229861876599
"GLG1",3.84614343191019,1.79707994787079,0.524978427966434,3.42315008034138,0.000618998909081946,0.00825599843671635
"KATNB1",33.4149420336795,1.03258910706353,0.204458733498859,5.05035460893769,4.40990650475086e-07,3.23498141455652e-05
"NPTX1",2.67317359187852,-2.33712853904503,0.688894346557753,-3.39257906633016,0.000692379465789435,0.00889768981896663
"LOC112532057",1.32410952960043,2.17494401428608,0.807315213881622,2.69404561797964,0.00705905025617373,0.0468335989065832
"CTDSPL2",16.2646402359599,1.84567898296506,0.405240752021303,4.55452462211409,5.25041751163346e-06,0.000220088929977452
"KMT2A",15.8547557575719,3.061069312949,0.440658120490401,6.94658550611161,3.74233145697696e-12,3.54773022121416e-09
"FAM46B",14.8444111537277,1.56258267852563,0.462998287598769,3.37492107504241,0.000738368632247699,0.00933297951161092
"LMF1",93.675336576282,1.35268325944052,0.389687358574731,3.47120128399319,0.000518135453806377,0.00725625151444295
"FZD1",20.1471467506896,2.16953606385994,0.413810260498607,5.24282810495281,1.58133847722834e-07,1.52253245260642e-05
"C1orf112",7.11857194897382,-1.22878935206292,0.376252603190478,-3.26586272531608,0.00109131139139089,0.0122600926048325
"TM9SF3",441.871040783478,1.0555892701098,0.261070481905629,4.0433114552237,5.2701538688729e-05,0.00132279788757616
"DPYSL2",21.643961460912,2.22232090437588,0.405640995711715,5.47854119250624,4.28846758550826e-08,5.09929024934648e-06
"DMB2",37.1156768993551,-1.33507518075579,0.394315874336672,-3.38580125134876,0.000709707641115503,0.00904491930621247
"MYO10",425.510158803179,1.20349503354587,0.304377711473346,3.95395256676426,7.68706551325163e-05,0.00175435917380209
"LOC107053085",1.31633563731213,3.94526553677772,1.33394039002477,2.9576025782565,0.00310041571611825,0.0263877923241998
"STXBP5",11.7466538613434,1.20447345014059,0.450927462851674,2.67110244854788,0.00756025684113736,0.0491157645282956
"ARVCF",496.014824488653,-1.02838917206131,0.16633681283714,-6.18257110089154,6.30658904885573e-10,2.15895565105828e-07
"EIF2B4",168.145554776162,1.08538619059753,0.241459200982642,4.4951121604828,6.95332861049303e-06,0.000280960071461364
"CDCA7",1.54470700466108,-2.35957952025157,0.848037377707256,-2.78240037795374,0.00539584281580704,0.038842504008181
"YWHAH",56.1238235263081,-1.06800587581927,0.198684192831343,-5.37539429080737,7.64152737893147e-08,8.04907550580782e-06
"LDLRAD4",437.34334040015,1.10130217768545,0.296324061329748,3.71654658330267,0.000201964417870774,0.00364423057955991
"SLC20A1",229.485623482253,1.23722226314239,0.260861161974334,4.74283812039492,2.10744670560428e-06,0.000106144121076218
"PEX1",32.4570300127207,1.08108253316117,0.315485658487843,3.42672481006876,0.000610907839276388,0.00818350892526327
"LOC107054023",5.71285105883494,1.69644434991798,0.462573353275102,3.66740612684853,0.00024502345999148,0.00414220729895062
"HTT",120.446027803338,1.44118271799964,0.273798953833498,5.26365312146536,1.41220785089804e-07,1.39232396435739e-05
"LRRC23",88.6785344061902,1.06763003051896,0.307756651339151,3.4690721577368,0.000522259163909015,0.00728915281541869
"IGFBP5",297.332203173338,1.70768799966684,0.341750246436338,4.9968888610149,5.82626236455155e-07,4.07970780572348e-05
"LAMA3",11.0409050597725,-1.01503427510673,0.352826836051375,-2.87686244750082,0.00401650635905011,0.0315483902925007
"RCC1",90.2140431719187,1.2819554805525,0.422008826807294,3.03774565629617,0.00238355040023267,0.0218076281607034
"CDH3",9.47585150909579,-1.24388323823695,0.406713006245498,-3.05838077252471,0.00222536612879665,0.0207297144151851
"TMEM169",12.5186724984539,1.29700585786581,0.36620258134892,3.54177147820271,0.000397449638192079,0.00592281661557337
"LOC101752260",271.163603634855,2.69284169651127,0.40247164143269,6.69076133395507,2.22012497029638e-11,1.44004316494382e-08
"PPM1A",57.7423661675827,1.56686546095174,0.277709385709796,5.64210481020291,1.67983782484323e-08,2.4355672180433e-06
"PLIN1",9.20867160439125,-2.10468008406961,0.531835765638901,-3.95738726134981,7.57740305498527e-05,0.00173758730221118
"CELSR1",70.8032960593809,1.72400513681992,0.511806731668188,3.36846905315349,0.000755868820892173,0.00945718512555852
"PIGT",65.7573119436456,1.35392923679855,0.237894441445964,5.69130253136276,1.26073901454269e-08,1.94480371391667e-06
"DAZAP1",26.4557623320651,1.04447472402326,0.319358394921516,3.27054099918039,0.0010734198105505,0.0121254131486933
"PRAM1",3.93623688367961,-1.70946134024315,0.571509640117066,-2.99113299277504,0.00277944415396634,0.0245195918063573
"NTM",23.4633747258355,1.75492525771602,0.37892461924179,4.63133079404431,3.63322853971547e-06,0.000162821485539831
"ATG13",29.0924930447512,1.85654371051472,0.391164470898595,4.74619718465179,2.07276654160504e-06,0.000105556920903886
"TRIM62",30.4511330477951,1.25322522069159,0.327987354810767,3.82095590671364,0.000132935420067666,0.00267258746641748
"RUNDC1",149.538299551503,1.03765196433201,0.22672728081104,4.5766524461466,4.72475440970383e-06,0.000201480530606194
"C14orf180",19.0500696129524,1.55692905561597,0.362367253052173,4.29655009524772,1.7347677865067e-05,0.000577508304925088
"PLEKHA2",20.94943700878,-1.03701135884794,0.362870443261854,-2.85780056795536,0.00426588409855433,0.0328990961392888
"RNF220",68.9204351198932,1.24004651955222,0.298894762379608,4.1487729984954,3.34262062010561e-05,0.000953575382457907
"LOC121108937",64.9070132201054,1.56773274037973,0.314689450452391,4.98184078978812,6.29822455265496e-07,4.38527228174687e-05
"S100A12",21.7268379620019,-1.48139729565266,0.48552596809372,-3.05111856626114,0.0022799052431579,0.0210206197711483
"GLDN",2.78894512945148,-2.25946521417873,0.760416258693442,-2.97135310870519,0.00296490669146503,0.0255521049409895
"ADAMTS9",11.3831591432286,1.68762581342583,0.418796961969468,4.0296992735799,5.58482545244165e-05,0.00138485691903201
"CHAMP1",35.0115944999498,1.45639349474671,0.370674932494914,3.92903152350799,8.52886596760244e-05,0.00189752529940722
"GLS2",9.84698846844199,3.11107666531272,0.510637363367173,6.09253628602126,1.11135642163508e-09,3.20725611585052e-07
"GOLGA3",3.60283670299696,1.92943145594094,0.521628619676305,3.69886042130558,0.000216569651763498,0.00380742423442704
"PPP2R5C",263.320550814386,1.0114837907414,0.205727159843992,4.9166273986791,8.80479061990118e-07,5.56462767177755e-05
"LOC419112",7.41203503321779,-1.4566790852867,0.478723597824009,-3.04283952557988,0.00234357273077197,0.021489724950918
"ATP5B",25.773145090232,3.1431530689565,0.517104471489069,6.0783714747339,1.21409236556944e-09,3.32499429183949e-07
"LOC121108975",72.4673799044796,-1.04257088248475,0.159682818554673,-6.52901102273439,6.62053793690188e-11,3.48215658715904e-08
"LHFPL1",10.6688424934867,2.15815112590007,0.400712658762583,5.38578225246121,7.21302444344898e-08,7.72985332531002e-06
"TBC1D10A",33.4119822301914,1.23836796929903,0.386765346941347,3.20185864398763,0.00136543984143857,0.0144816528449991
"NKD1",24.055377678793,1.07375004130043,0.355067661767239,3.02407162611253,0.00249397385177983,0.0224566016998236
"ZNF503",10.006682357342,2.45931737905748,0.436703506297391,5.63154942333507,1.78597778584926e-08,2.5593477014891e-06
"INPP5D",21.5354891847015,-1.18079508325397,0.369115760056308,-3.19898311324837,0.0013791324678901,0.0146017427270426
"ARIH1",257.356010190986,1.06942149975934,0.257091279797202,4.15969573376009,3.18671828323077e-05,0.000919745108256111
"PPP4R2",430.715825086836,1.46224544744382,0.246930676774681,5.92168403919326,3.18661421644229e-09,7.30222803764034e-07
"RAB40C",34.4936396021448,1.33189126288346,0.206615753348216,6.44622320079719,1.14671750884294e-10,5.04719520677873e-08
"LOC112530962",48.8857831841774,1.3607317683343,0.331949996214927,4.09920706085283,4.14568022907285e-05,0.00111797293529746
"RAB6A",1199.35641111327,1.19356550889598,0.270675437728648,4.40958189229023,1.03570387832548e-05,0.000386445173430129
"ZBTB47",45.9525056525459,1.04666103754674,0.341662466190541,3.0634358207876,0.00218811134215878,0.0205680769081068
"SYP",5.56392163870393,-1.06176094711624,0.394787166755324,-2.68945152357064,0.00715695410759024,0.0472427972265357
"MRC2",36.1943672464261,1.36167781982115,0.334484170629981,4.07097835827779,4.68160991844714e-05,0.00121721857879626
"LOC121111866",8.43072158913001,-1.18677176017883,0.441361376484294,-2.68888902248804,0.00716902483633176,0.0472971424426941
"SYNRG",15.6127800130791,1.60665527953857,0.358858319250978,4.47712981237842,7.5653252162434e-06,0.000301508499598684
"RND3",82.8853066144213,1.05904047789592,0.297530360675651,3.55943667560843,0.000371651130819965,0.00561991231438681
"SHISA4",22.2630320485436,1.25076192384879,0.344602344545094,3.62958042406794,0.000283882275995497,0.00459732610955126
"UVSSA",59.4577290094024,1.60364270209037,0.386834752123343,4.14554972966607,3.38999414110443e-05,0.000960420409079793
"CYTH4",6.9639071963198,-1.19461237926948,0.411061227282304,-2.90616652698567,0.00365886667961586,0.0295490648490078
"MAIP1",7.7712530880995,3.28794807315141,0.588086685919613,5.59092418154294,2.25864195544545e-08,3.02559820205541e-06
"SMG8",5.66041344589556,3.12941578076323,0.76847653240223,4.07223337189073,4.65644893814321e-05,0.00121580671003553
"NDUFS3",593.060302133479,1.96552965959254,0.266469484642673,7.37619041905777,1.62883007410782e-13,4.59264796776001e-10
"DCBLD2",3.15114863700383,3.09659551292747,0.667838092572017,4.63674586306043,3.5393713629261e-06,0.000160364752487872
"SSBP3",63.3867163846573,1.67145610259928,0.272572040516417,6.13216270983821,8.66923695295053e-10,2.6769928817617e-07
"ESYT1",1.89721712120609,3.49067898826413,0.885647220782123,3.94138761614527,8.10115897981998e-05,0.00182187378225003
"PAOX",87.7750745700105,2.60626206788964,0.509698189077561,5.11334378606757,3.16505509904112e-07,2.51652509939243e-05
"ACAP2",52.8326836275137,1.12446028489875,0.23381735763072,4.8091394766109,1.51581416545807e-06,8.56921732802993e-05
"ROBO4",16.3685521271785,1.15398908025152,0.291622301525088,3.95713590564418,7.58537786911403e-05,0.00173758730221118
"PCBP4",16.6280148080632,1.17220568165799,0.393242888658114,2.98086936971188,0.0028743137283764,0.0250871405017782
"IHH",11.3142035534884,1.19710309836865,0.427291305005955,2.801608842361,0.00508484852494737,0.0372123950246149
"DNAJB2",296.657632712609,1.64141469114579,0.239175125511446,6.86281521807852,6.75165384534357e-12,4.89455188176554e-09
"GCOG8",31.0304285180307,1.67913515309971,0.362200294754444,4.63592983610932,3.55336492749104e-06,0.000160409045298167
"ARNT2",11.3176363125055,1.77562777098341,0.446127653455092,3.98008901091837,6.888946896934e-05,0.00160490324305888
"PIK3C3",148.040675295675,1.07801011597562,0.220044029845596,4.89906550399052,9.62935403153494e-07,6.02396746622521e-05
"DCLK2",15.4005332901032,-1.45186522739962,0.336185553574151,-4.31864252334502,1.56991826937373e-05,0.000534466098114967
"ANKRD6",9.60922971321237,-1.00593955136677,0.285533858746057,-3.52301319284666,0.000426670121088414,0.00626732130189942
"MTO1",5.13108710202803,2.38478891284191,0.539991113556832,4.4163484416136,1.00382225316981e-05,0.000380113337320042
"IGF1R",16.9460435313651,2.67309430697804,0.431326427028953,6.1973812395191,5.7410326175339e-10,2.02149959938536e-07
"NUS1",14.3546085567208,1.22353449703968,0.342734971967444,3.56991435690402,0.000357097956857227,0.00545337697683825
"LOC112529933",2.15462712575445,-3.8680522852827,1.03611964181076,-3.7332100745844,0.000189054784976122,0.00346712971732996
"PGAP3",9.77692338877351,2.21653449633098,0.457149274222084,4.84860114916027,1.24335128271043e-06,7.19392544982318e-05
"PI16",3.49498284564572,-3.17948619248304,0.796101765824035,-3.993818791737,6.50175607279275e-05,0.00154517148321702
"JTB",26.4417438240062,3.63178223474965,0.51189220468629,7.09481840415086,1.29521445015667e-12,1.77358032041453e-09
"LOC121108880",1.08017228786473,2.83194583171477,1.04815320330342,2.70184341639127,0.00689562283831492,0.0461595488805368
"LOC121109184",8.51699126572231,1.38914890870802,0.471184235729715,2.94820752344711,0.00319622424072459,0.026905920452657
"ITGB2",101.123383302279,-1.36683574265888,0.305657084142579,-4.47179474505914,7.75658582165257e-06,0.000307370301176998
"C1orf131",258.480950734415,1.00590047272711,0.250926323382813,4.00874830175752,6.10414342267936e-05,0.0014779462385285
"NSD1",13.4150466112914,1.4191182279952,0.504581721031214,2.81246459957952,0.00491634348025038,0.0364725435146517
"HSCB",25.6740498190198,2.33801893931837,0.423911554529274,5.51534610070864,3.48094240175458e-08,4.42259115043541e-06
"LOC769366",9.66201214757544,1.72845074006386,0.62742647385665,2.75482596301597,0.00587233626474199,0.0412368502146327
"MHM2",22.9541423508131,1.52631969051678,0.548866411431821,2.78085825389659,0.00542154033588828,0.0389365169577431
"FGFRL1",393.765947420592,1.15051248347215,0.301363652262428,3.81768828070307,0.000134707976956235,0.00269941643578641
"COX5A",3318.71950137348,1.61008462751754,0.2829303889267,5.69074475748407,1.26486462130735e-08,1.94480371391667e-06
"BICD2",85.743285358738,2.20993125536644,0.334749810785783,6.60174011802697,4.06359417417077e-11,2.38474926678479e-08
"EXFABP",46.3236784706352,-2.33338636827754,0.512971046939529,-4.54876816576474,5.39608492748703e-06,0.000225428307275763
"WDFY3",7.83178901789775,1.41299777129556,0.464076031975955,3.04475489776807,0.00232870004420126,0.0213851708977171
"PTPRK",9.31221397495387,2.17746700831043,0.481230127460322,4.52479361548279,6.04544707300348e-06,0.000249177557617709
"PI3",295.105102677964,-2.3058640415092,0.632966163983172,-3.64294992800043,0.000269531284632244,0.00444919113101802
"IL1R2",1.42185346922682,-2.64915890828364,0.773583373824755,-3.42452927237262,0.000615865493798423,0.00822310546649162
"SLC6A8",1.24416325801729,3.10766188591875,0.936925844359853,3.31687070500445,0.000910317332517527,0.0107872603903327
"NUDT8",95.6406638715641,2.39156917413253,0.420388517170703,5.68894980821136,1.27823028908837e-08,1.94480371391667e-06
"RAB21",97.5847421685117,1.00309895789537,0.228563527979448,4.38870963693546,1.1402518758293e-05,0.000414526965124493
"PIGY",61.8908089593868,2.39941045366566,0.430595186842207,5.57231136572117,2.51381616895688e-08,3.26108110170785e-06
"DDX25",7.23587656257665,-1.01218568449953,0.323786912455957,-3.1260858470838,0.00177149830250583,0.0177063625953624
"SAFB",20.9321397375455,-1.18133686158089,0.307181759630202,-3.84572594089907,0.000120196048873345,0.00247708378982458
"CLN6",25.4376798618463,1.7976260034586,0.429347247915119,4.18688139306295,2.8281351749396e-05,0.000841882557873325
"J6367_mgt21",4266.10502286865,1.38335990943488,0.318783956160745,4.33949037490873,1.42813521469422e-05,0.000500009613235556
"FZD5",4.30128899383451,2.68293000296385,0.772004356767961,3.47527831863033,0.000510323585542455,0.00719580426274308
"SLCO3A1",20.4907820062247,1.12943970689352,0.318454790424791,3.54662495541972,0.000390199647580802,0.00584303822209696
"SIGMAR1",203.053298440632,1.0877181778712,0.300691987471124,3.61738331313419,0.00029759642126799,0.00475691088937316
"BTBD6",46.4299680613206,1.99057670589214,0.31396796382598,6.3400631122844,2.29671059318704e-10,9.13053591949584e-08
"SYTL2",5.60192177815724,1.03657896887557,0.377439953068661,2.74634139933512,0.00602640160523795,0.042102819378091
"MIB1",1.64807449010105,2.10337862803464,0.744615372622697,2.82478539306285,0.00473122930869741,0.0354453920974996
"LOC101747660",3.29153126150436,2.14344541116148,0.571399453966458,3.75122061507483,0.000175975770399545,0.00328594756727878
"TMEM184B",59.5758466515407,2.21701375496322,0.315211658901662,7.03341292225131,2.01541775059316e-12,2.48380083583101e-09
"NEIL1",63.4331860785583,-1.01172250088038,0.251954201818987,-4.01550160138722,5.93194960195246e-05,0.00144476970147158
"RCOR1",7.71414899946442,2.69204904254226,0.636892487519584,4.22685004972598,2.36985479685679e-05,0.00072425215138733
"ZBTB42",40.4915669503906,1.88485475370012,0.388636950257607,4.84991134386669,1.23516668957864e-06,7.18028032187127e-05
"HHATL",25.0635683937153,1.78631381056445,0.586256603234981,3.04698284114416,0.00231150904472884,0.0212589831845061
"ZFYVE26",27.0188430230158,-1.05777466670137,0.281955695958023,-3.75156339050818,0.000175735306846728,0.00328594756727878
"LOC101749275",10.4531092555473,1.96286744703214,0.451729799615224,4.34522462034624,1.39133217552145e-05,0.000489040292889998
"SCN2A",3.3669285567049,-1.56559338515027,0.549909269921428,-2.84700307993347,0.0044132935392073,0.0335944592817732
"UBE2Q2",26.6414129121777,1.11247927013463,0.299942591164442,3.70897399337567,0.000208100798736056,0.00371148226284103
"TRIM8",10.592335831499,2.25971675202804,0.446766324497873,5.05793885554774,4.23812268763296e-07,3.12758227559213e-05
"PLCB4",12.8821501255017,1.96225433828269,0.462353990541611,4.24405191352207,2.19519532957447e-05,0.00068736475227232
"MPEG1",338.302366665903,-1.4958806100403,0.369655091217233,-4.04669283767887,5.19463331282288e-05,0.00131997239066452
"ADAMTS2",2.97666877524537,3.926104001838,1.03261942076556,3.80208228015628,0.00014348505571074,0.00282929572252667
"PACSIN1",6.39240526647122,-1.18602862197013,0.438639249735333,-2.70388165830066,0.00685346925487983,0.0459033451614886
"DLAT",128.104818024969,2.9760908840462,0.616719151220307,4.82568261121352,1.39524554820233e-06,7.99767727257929e-05
"CCDC173",10.6469060468764,-1.67595087022561,0.426606084152932,-3.92856767046201,8.54533058399064e-05,0.00189752529940722
"TMEM8A",5.51290722355355,1.65382576444313,0.560557277239985,2.95032431402206,0.00317440522881341,0.0268327772984962
"DHH",26.2189948576147,1.6627761854515,0.51260605153983,3.24377010465766,0.00117958910838251,0.0129450188528104
"MRPL32",178.542429895582,-1.09479293513217,0.328902982299105,-3.32861966613778,0.000872775016901523,0.0105142515232594
"CHCHD4",425.202948947328,1.05354616220382,0.236456441395827,4.45556126948637,8.36739940749442e-06,0.000326328576892283
"SIRT7",65.7788453039961,-1.32995978386072,0.274068592041868,-4.85265303095199,1.21820715330151e-06,7.1491356939466e-05
"TIGD5",3.45162267864707,1.79666358196825,0.634242277799995,2.8327717102057,0.00461463293098899,0.0348046121429059
"MPHOSPH8",127.538167553527,1.4114868625508,0.290796364942536,4.85386694166458,1.2107699008641e-06,7.1491356939466e-05
"J6367_mgt11",6.16234063186382,1.98306287976543,0.489531529038574,4.05094005622092,5.10122758404143e-05,0.00131122499894267
"MECOM",18.3214761815049,1.46660772380968,0.258159332394405,5.68101764986383,1.33895657620725e-08,2.01235376160708e-06
"ADSS1",251.49127178754,1.27743415204959,0.448819243339995,2.84621074297808,0.00442429040307315,0.0336572904579327
"MYO1F",53.9156206051688,-1.45114876018997,0.349346303563235,-4.15389756636511,3.26859540609189e-05,0.000938978316659126
"DGCR2",2.1420701301311,3.8889944908587,0.941685011434729,4.129825200184,3.63039151724715e-05,0.00100972523029856
"VPS4A",31.0665219483786,1.17518520471905,0.36402531074931,3.22830630183392,0.00124525559274459,0.0134500700481896
"LOC124417920",14.1539535743567,1.96960030139635,0.581831702349598,3.38517185200214,0.000711337046528175,0.00905632000145994
"COQ2",2.26352600850118,1.70912025376978,0.603496203808014,2.83203149081198,0.00462532931792217,0.0348639501615125
"LRP4",30.7237369131023,3.33269765092584,0.506854244772923,6.57525844026213,4.85687334403911e-11,2.72073214054263e-08
"YME1L1",135.183807681315,-1.08743459663741,0.241160530373435,-4.50917318415881,6.50807665688345e-06,0.000265581247415337
"UNC5D",5.27532313682014,1.48617935129097,0.444421176008733,3.34407861623083,0.000825563392683417,0.0101035186210828
"LOC121106708",1.15261634306915,2.46407095524386,0.893122147180178,2.75894060294393,0.00579890739401563,0.0408609117917946
"EXT1",120.949954913352,-1.28871896977603,0.250317978247325,-5.14832765428746,2.62819110041216e-07,2.2971508596794e-05
"MRPL2",33.3424943850735,2.14305105949225,0.366580639736029,5.84605630301546,5.03363733516781e-09,9.84675341565208e-07
"ZNF608",8.83899880188895,1.05230222366599,0.330346303677052,3.18545178787509,0.00144528183394517,0.0150818402383914
"CNTLN",15.7164739701947,-1.61376415877728,0.342965052017875,-4.70533119710742,2.53454146669793e-06,0.000124444976237391
"BCO2",3.32079356435321,1.63370537276584,0.507771113301164,3.21740510629811,0.00129355809786514,0.0138383767344531
"ST7",11.2050958023559,1.12784580261649,0.417490289110871,2.70148990774961,0.00690295752895401,0.0461595488805368
"SOX7",96.0458816804872,1.16748271300178,0.218065089069641,5.35382677705435,8.61133024632718e-08,8.79234478648668e-06
"KLHL42",59.8592511679118,1.3379038804092,0.309844311153624,4.31798755777656,1.57458304353133e-05,0.000534577449820387
"LOC101748543",5.29283496751779,1.36719231790066,0.497738648079948,2.74680763323217,0.00601784194623647,0.0420668656525344
"HNRNPM",308.162413297551,-1.24429056765533,0.214965901970955,-5.78831598987014,7.10955736904437e-09,1.30773410471795e-06
"MAOB",90.5653397462779,1.11859098843605,0.315657031398289,3.54369102275638,0.000394567359224464,0.00590127200859502
"MMP24",1.27171027955194,3.3237560212419,0.806102351522356,4.12324317745117,3.73574939808823e-05,0.00102537584815232
"NTRK3",7.19992015985949,1.72941529911707,0.570251018467883,3.03272636630017,0.00242355251067574,0.0220264462695928
"SAA",881.317685768629,-2.90974825366555,0.571257754246681,-5.09358206875045,3.51360850497464e-07,2.67294513674738e-05
"MTPAP",84.5309199552727,1.20693066673351,0.248851196830675,4.85000949203688,1.2345556636076e-06,7.18028032187127e-05
"SRM",17.5949325505601,1.55798257826861,0.34098707735656,4.56903701555668,4.89970251379465e-06,0.000208220461310363
"FCHO2",71.3443997871739,1.4739640066139,0.33338370286733,4.42122393487383,9.81433963201089e-06,0.000373308400076859
"LRCH1",30.1661314895431,-1.20792339864652,0.355066308007554,-3.40196569318208,0.000669030357009382,0.00868822984171088
"MSL1",7.88891601341979,1.64299983327946,0.533160108564387,3.08162558842498,0.00205873610000661,0.0196073135212376
"RFWD2",48.0680580202318,1.60542503866337,0.324758006858665,4.94345021449171,7.67519571417358e-07,5.00471491965477e-05
"IFNGR2",18.0419140168324,1.60457187409334,0.432117480888059,3.71327693292048,0.000204592798708106,0.00367551261119343
"SLC25A16",12.8022693315632,1.34760587995759,0.357691755806885,3.76750612246472,0.000164886498190556,0.00311665828788407
"LOC112532597",20.0957071318377,2.20226845062367,0.383485056613518,5.7427751424566,9.31373692173921e-09,1.57236292908923e-06
"CCSER1",31.9185488034551,-1.12025613953888,0.271737913558938,-4.12256105475653,3.74683256829171e-05,0.00102613254603616
"LOC112532231",662.488655157579,1.23122219052137,0.306169118024756,4.02137942083962,5.78583230556834e-05,0.0014147737566235
"MRPL3",56.7207104440885,2.19968437836996,0.391064215460664,5.62486745502599,1.85650466799197e-08,2.62983488831414e-06
"LOC100857892",134.638366302993,-1.15222397667432,0.316740530230976,-3.63775351336972,0.000275026436802059,0.00450347213206337
"PIK3IP1",21.4545457730886,1.89714919827025,0.471177615163074,4.02639925416161,5.66374894523129e-05,0.00139600084002061
"PLPP7",3.26605243702409,-1.9991884276566,0.615912879197476,-3.24589482567974,0.00117082085730664,0.0128947240799348
"PTPRG",3.09539382261687,1.72080020316669,0.612936880790729,2.80746722394441,0.00499327608618864,0.0367904939259373
"BAHCC1",14.2169426498688,1.46441043750268,0.388932170427973,3.76520778903755,0.000166410635776612,0.00314065034503977
"LOC121107484",88.8959992180757,1.9325282231891,0.489006759691035,3.95194582670004,7.75182915989079e-05,0.00176261148646668
"LOC424918",15.9429930281775,-1.11892438517164,0.327934800506663,-3.41203307316849,0.000644802894210245,0.00843582894718372
"SUZ12",32.1205107959282,-1.06765744519154,0.222653601745394,-4.795150120286,1.62553052983587e-06,8.94332064718628e-05
"FLOT2",242.33279967846,1.12374694397273,0.261742334285752,4.29333278103152,1.76010888630357e-05,0.000578066712740827
"PRDM11",6.50028621458725,3.10803681365106,0.668439485511466,4.649690631715,3.32433295781593e-06,0.000152869699149715
"RIMS4",4.75465313010927,-1.37896482736305,0.502280424217822,-2.7454082637412,0.0060435661363629,0.0421272110093531
"POU3F3",6.87522819318087,2.59621063611013,0.677030865129774,3.83470055772493,0.00012571735710013,0.00255790787606433
"SNX21",13.9353096940883,1.99983298305016,0.497166682291701,4.02245977914668,5.75934914798947e-05,0.00141109779124895
"HEXIM1",45.405717998948,2.40002589835044,0.330540886511365,7.26090476636972,3.8450960316439e-13,5.92337043674743e-10
"RIOX1",16.2229711213365,1.4440294637318,0.418525217503761,3.45028066013446,0.00056000402737294,0.00767685164999344
"CDK13",244.487368874825,1.13460148718773,0.305396100837194,3.71518000418934,0.000203059090701195,0.00365862607280924
"MZB1",15.0697258023671,-2.05322218541746,0.497443174235184,-4.12755122949326,3.66646766385864e-05,0.0010108623599417
"NASP",20.9429512656372,-1.09037905253614,0.256567031605526,-4.24987982950438,2.13885232234319e-05,0.000674148747328835
"LOC112530089",1.25107716952789,-2.43212719121565,0.874313688293742,-2.78175582034184,0.00540657013515449,0.0388524208033562
"LOC107051961",8.21624471117132,-1.51250803180759,0.49203706454794,-3.07397174072082,0.00211229440036531,0.019978446807446
"REV1",245.214589364667,1.33544076988836,0.25626452458718,5.2111807985894,1.87642473241955e-07,1.75189836381353e-05
"PECAM1",5.03299272036156,-1.38308741090725,0.466430539754745,-2.96525911796962,0.00302428081979956,0.0258751880073112
"LARGE1",87.2235196385983,1.53367462028591,0.401839442303183,3.81663534942091,0.000135283877882529,0.0027021693857768
"DACH1",11.3226605116813,1.8328180777206,0.516118645017792,3.55115649359541,0.000383542290343242,0.00576435998315867
"CTNNA1",134.975348338201,-1.02518208811549,0.223081447087679,-4.59555064528768,4.31607940869701e-06,0.000187293530397119
"ITGAV",33.7540584841678,1.20380606589222,0.327060418282697,3.68068405285196,0.000232609085498673,0.00398702972139867
"RFX7",2.87969338797482,1.82953591248464,0.686014372379706,2.66690609722677,0.00765530578235457,0.0495730544259936
"RGMA",18.5708911183494,1.22115108141465,0.295023489711345,4.13916560545549,3.48571271337215e-05,0.000980774508666629
"ATPAF1",96.5330385226306,1.69951342602285,0.3138515785563,5.41502271181977,6.12809268707139e-08,6.74309056030963e-06
"LARP4B",11.983886175232,1.28285239399215,0.409581673014212,3.13210399418344,0.00173558387471672,0.0174343173601563
"LOC124417768",5.08392062353603,2.09381734964,0.631766138515756,3.31422851272011,0.000918963716630826,0.010837616118429
"TMEM198",2.28573449116561,2.26481317714199,0.692897959408088,3.26860996830863,0.0010807717011216,0.0121749821248836
"CYB561D2",2.12178964803116,2.56825568527278,0.7274048673744,3.53071006321832,0.000414445775651118,0.00611692184326273
"SLC16A10",333.450811310813,1.17268644047125,0.259076180683835,4.52641550209646,5.99925708442081e-06,0.00024893886972526
"OLFM1",20.6737450673404,-1.38069696085761,0.442151776880991,-3.12267649492956,0.00179214616097858,0.0177972677581789
"DAPK3",51.7395950559431,1.17967807474432,0.378766277742759,3.11452772874756,0.00184239638621016,0.0181790977291065
"SMG5",49.0522950644846,1.14307837653862,0.274401373318718,4.16571667522572,3.10375974530844e-05,0.000904272697427453
"PHF12",46.3344444485181,2.74942351674414,0.430416145641199,6.38782616448618,1.68260452798841e-10,6.91213940097638e-08
"MOSPD1",195.121144712361,1.45516360151082,0.284691464956229,5.11137066133877,3.1982975807444e-07,2.51700115257785e-05
"C2orf72",201.939358011637,1.51472470307679,0.334752755444258,4.5249058549692,6.04223965506369e-06,0.000249177557617709
"CS",90.1663276562224,1.5573274818515,0.282968509515833,5.50353636352019,3.72247706571024e-08,4.5875807357813e-06
"TMEM161B",34.891492410714,1.64989140929362,0.286557624365661,5.7576252348752,8.53054789792604e-09,1.52363003324696e-06
"DLG5",16.2945482651952,-1.1156254209757,0.316598834202349,-3.52378246681307,0.000425433367386413,0.00625661195664696
"NDUFB8",266.030103420014,1.87937372106607,0.417308234237598,4.50356251536611,6.68236984280044e-06,0.000271793814992319
"MARK3",94.7415762987182,1.14729241628562,0.257453257126007,4.45631346479369,8.3381086662287e-06,0.000326218575246357
"LOC426626",22.2420968999373,1.53909949540262,0.299083598475887,5.14605114839391,2.66026915701072e-07,2.3068446458138e-05
"FOXC2",20.6702727622608,1.37288175089961,0.39818515520424,3.44784764815108,0.000565072679011683,0.00773772855126664
"TLE4",27.8256810717287,1.03212084185746,0.345506074575544,2.98727263514953,0.00281478579673208,0.0247356621707257
"SYPL2",120.112275038128,-1.46327596035029,0.319182917980674,-4.58444320769977,4.55197785718445e-06,0.000195465418508506
"LYG2",167.152885674784,2.02423263452916,0.707119388227121,2.86264620689342,0.00420119380608743,0.0325632153875607
"GHDC",11.0499873984508,1.64656476676503,0.387125523181286,4.25330976173836,2.10633887286665e-05,0.000667314145738009
"GALNT1",3.29363535348471,2.36583172705107,0.672476400172547,3.51808885255161,0.000434666797465933,0.00634695925588881
"ABI2",228.281706579407,1.31513399044008,0.255936996672439,5.1385067713491,2.76930217026092e-07,2.35371585836521e-05
"ORMDL3",390.776704817798,1.11227987945726,0.188493033302859,5.90090710498629,3.61508420423709e-09,7.81619258473998e-07
"MSI2",65.2477395363023,1.53454220833081,0.37691634052779,4.071307192949,4.67500488330074e-05,0.00121721857879626
"NAA50",863.168371475541,1.20581596773793,0.205260017520192,5.87457792465263,4.23922036535286e-09,8.70735863043477e-07
"NUP43",33.7684773849288,-1.08207972063672,0.230246664297054,-4.69965427703511,2.60602287772087e-06,0.000126943185553486
"ATP13A3",20.2394209082344,2.25249662207816,0.471170910524602,4.78063601076355,1.74741490805432e-06,9.20305184908611e-05
"HHEX",43.0623328414023,2.08332346033828,0.530366544797853,3.92808234375403,8.56258956391078e-05,0.00189793801772727
"EFCAB14",2.98819557264334,2.68494172090313,0.731563644223098,3.67014099471068,0.000242416717875232,0.00411507387203079
"NUFIP2",73.5925895226166,1.37862539240841,0.252740907779041,5.45469826995192,4.905607170501e-08,5.65015913731349e-06
"SRGAP1",2.65966329368691,1.73914882039519,0.639878120582986,2.71793762663844,0.00656902202730261,0.0445305981652791
"NR4A3",2.70612002725805,3.38378251678488,0.889369837465141,3.80469673497052,0.000141978030753924,0.00281308239712437
"LOC121108140",12.6471338198945,-3.38751761430746,0.687187803632656,-4.92953686954301,8.24247796872981e-07,5.26514428242864e-05
"USP28",13.7490523573391,1.57611457828753,0.402467042133886,3.91613328120223,8.99805161689606e-05,0.00198375649600406
"CORIN",12.1980602081663,1.61234269444405,0.42628356251114,3.78232434050729,0.000155370732035645,0.00298775015677143
"ATP8A1",94.5900505198096,1.40069422192554,0.380676544235362,3.67948654346175,0.000233704020132914,0.00399207824592611
"PCASP1",3.37887763678337,2.04074990741258,0.757222391775448,2.69504696318828,0.00703787107590165,0.0467597081643235
"DELE",36.3992421100394,1.3263976072684,0.39830195894739,3.33013076504501,0.000868052072769146,0.0104778391232194
"UBR7",57.9604801598891,1.57894746772521,0.285085435452326,5.5385062559229,3.05062352187423e-08,3.91623794620604e-06
"LOC101751709",19.0229610571198,3.12449382083684,0.544995601126882,5.73306245844252,9.86332911899579e-09,1.64264416300681e-06
"MAFA",24.4472319140182,1.56336951911672,0.54621814807887,2.8621705899288,0.00420750377424135,0.032591625715745
"DKK3",424.021097268478,1.29727798073161,0.346627656653054,3.74256916847832,0.000182148372412561,0.00336047386468923
"LOC107050595",10.9922511811096,1.6570528459808,0.415392027958869,3.98913010950917,6.63160416072753e-05,0.00156267475481465
"PDGFRL",20.2606100523941,1.07093999773332,0.310857516753922,3.44511533424197,0.000570815777158402,0.00779040269955719
"ING2",7.62164548716452,1.93895746360514,0.44886306007929,4.31970824968896,1.56235613467513e-05,0.000533365013953912
"HGSNAT",17.973279959891,1.373141928115,0.39270242041893,3.49664747838872,0.000471143986378105,0.00675946273355502
"JUN",6.02609569638931,1.49535566221182,0.474377375848491,3.15224911292865,0.00162017985034318,0.0165839671724496
"TRAK1",10.9883350295093,1.39463135886167,0.382845222957869,3.64280726317211,0.000269680767191696,0.00444919113101802
"LOC121106461",22.6528656890973,3.53225497995452,0.597500578183901,5.91171809522057,3.38557607326567e-09,7.45068562980823e-07
"DCAF5",67.4126367786043,1.10155645651181,0.221620481127646,4.97046324828322,6.67931219078745e-07,4.51421209443164e-05
"MTERF4",3.62821367300619,3.11687385214476,0.70459117659512,4.4236629064911,9.70413957846467e-06,0.000370259492770894
"FBXO42",50.389852010967,-1.03250509937688,0.216549410869586,-4.76798849385324,1.86074408111465e-06,9.67586922179617e-05
"RBPMS2",58.0918808116735,1.05291818151034,0.264069449085865,3.98727753307038,6.68358258546778e-05,0.00157191740044475
"F3",23.1535145604975,1.08333564980184,0.339188329919597,3.19390602282406,0.00140361802000693,0.0147595464834176
"FAAH2",5.73798832822105,3.54909786165531,0.704897667948033,5.03491219085288,4.78067925696888e-07,3.46571124487556e-05
"ABHD8",10.5117848433861,2.04025143423008,0.569311145050508,3.58371946863796,0.000338735890956285,0.00525687249275775
"EFHD2",15.1633642812078,-1.03692711222463,0.361185967170003,-2.87089534609901,0.00409311010830303,0.0319869936428196
"PDSS1",26.6451092078083,1.56940925360629,0.414147285420066,3.78949544970323,0.000150953576388238,0.00294359473957063
"GABRA4",3.37999472645365,-1.9288532568473,0.685964978541834,-2.81188299284242,0.00492524162254983,0.0364794434084583
"THBD",37.0593747806843,-1.05858578089772,0.290200324713874,-3.64777600418414,0.000264520091545354,0.00438754456016815
"LOC121110427",1.31197408801756,3.34059558505968,0.919233528049177,3.63410981336722,0.0002789420455383,0.00453520022323749
"FAM181B",21.870884699967,-1.26315169774251,0.305841084793203,-4.13009160818471,3.62618712546402e-05,0.00100972523029856
"MAPKAPK2",63.7990533674649,1.15931132146687,0.385961444735147,3.00369722748448,0.00266720610704062,0.0237333199012047
"LOC101747789",8.05662107494601,-1.03348073842834,0.314751021025695,-3.28348653186409,0.00102531543786055,0.0117633171521991
"PCBD1",34.7147494574151,-1.08793394422431,0.252800318076234,-4.30353075701524,1.68097499277907e-05,0.000562943907907862
"RNF215",1.38887673454978,2.41178060787542,0.781589161859352,3.08573957466086,0.00203046575881516,0.0194270371403437
"LOC421419",7.50954812991044,2.29916534535422,0.466754966222374,4.92585084624217,8.39940521223581e-07,5.33578710492753e-05
"C10orf88",14.5930840172061,1.68859358040863,0.421133298069867,4.00964157464577,6.08109840880125e-05,0.00147526489744226
"XYLT1",18.7953738218793,-1.03756843105031,0.33907258262919,-3.06001866327538,0.00221323199216015,0.0207106082546558
"MRPL24",7.70747607380606,1.50594360332609,0.476108316362717,3.16302730191926,0.00156137687956927,0.016088970454692
"GPC4",6.35375354705698,1.76275025731072,0.532560462425997,3.30995329484428,0.000933115398935157,0.0109730097103787
"MAP4K4",116.81615158723,1.22886068099132,0.31236163147422,3.93409611542748,8.35103631292065e-05,0.00187464793297694
"TMEM164",12.2124245609455,-1.38179803581817,0.350471477058391,-3.94268328885422,8.05750286318264e-05,0.00181536865239237
"LOC100858579",3.69480988541064,-1.56845463044474,0.471817846806686,-3.32427999716461,0.000886471452928797,0.0106169817161268
"TMEM101",13.6284535989678,2.3588605894515,0.495759649440632,4.75807297369404,1.95449846078861e-06,0.00010120688668386
"AMFR",48.9749524155896,1.4847293371582,0.412142513266553,3.60246586888248,0.000315212798380383,0.00498036221441004
"GAP43",30.7003828565124,1.40487990361268,0.484797702798785,2.89786831806786,0.00375708299622928,0.0300859589639569
"TLE3",5.48339927296031,2.1298209497563,0.574634529828082,3.70639221836094,0.000210232643331854,0.00374098688810352
"WWC1",9.30363486453439,1.38427676724281,0.376609965818345,3.67562436706867,0.000237268419303871,0.00404439280705519
"STC2",97.9463024294741,1.54258470590335,0.495148102319455,3.11540062190952,0.00183695234755716,0.0181399044321269
"INPP5J",4.65944505188963,2.72726051757232,0.580537891065773,4.69781655864962,2.62957438218408e-06,0.000127586120811168
"RET",9.49326681011039,-1.26747512555751,0.437586878504324,-2.89651081378343,0.00377337637365804,0.0301608296585865
"TCTA",43.4169553027623,1.14801511307284,0.285162543012024,4.02582716841753,5.67753798598081e-05,0.00139660635008438
"MYZAP",11.7058104268849,1.4405348951853,0.378265684293712,3.80826216862634,0.000139946856955239,0.0027773028423774
"USP34",41.9127783022265,1.02132196694481,0.321829026771353,3.17349238877205,0.00150616850807744,0.0155983367172658
"IL2RA",11.78182152961,-1.25958256230319,0.444567660632198,-2.83327527808028,0.00460736903610047,0.0347711059405402
"SMTNL1",5.47657469514395,1.61962385725685,0.473217153377512,3.4225806180039,0.000620297004128451,0.0082643678690584
"LOC121106622",2.36147700806777,-1.97712040779009,0.71801765257985,-2.75358189410283,0.00589470204447325,0.0413703348497086
"TCERG1",18.173967869677,1.5137089347791,0.397334057560402,3.80966319392086,0.000139156229973668,0.00276606673902497
"PPFIBP1",77.5007948620864,1.29588666970851,0.251175433024982,5.15928908373623,2.47889305529991e-07,2.20736743604207e-05
"RAP2A",14.543410484954,1.05590820296434,0.361411756853086,2.92162106777719,0.00348214911072159,0.0284953556710046
"LOC107051628",292.424510596781,1.10305314936528,0.288885598615679,3.81830438987283,0.00013437206795138,0.00269707062774074
"LOC121108136",1.5209876730743,-3.31884522629186,0.9753243170137,-3.40281193485843,0.000666961721676697,0.00867050238179706
"GLDC",211.357647358449,2.80232305156633,0.453844176751112,6.17463701226054,6.63156511309652e-10,2.20884887712977e-07
"LOC107050775",51.9788681915138,1.44874351565636,0.337225264869738,4.29607051006683,1.73852305361252e-05,0.000577508304925088
"RN7SL1_1",191.562507337664,1.1990394998597,0.417830074554999,2.86968213366813,0.00410884620755289,0.0320414863630763
"MRPL40",93.1685652204508,2.31731791030215,0.390937333928289,5.92759429501616,3.07404834167953e-09,7.28549456978049e-07
"LOC101748987",5.8788522859201,1.91301377208372,0.538784883523584,3.55060772969883,0.000384342801504124,0.00576935528104364
"LOC121106568",4.66098471763391,2.70069145817866,0.764686092429792,3.53176484431305,0.000412796264894436,0.00610038196299548
"HYOU1",407.40483768831,1.09361359357747,0.271141890918113,4.03336271600966,5.4984308829372e-05,0.0013689426707337
"ITGA4",44.6627232330243,-1.21060919927644,0.33166536109716,-3.65009235595692,0.000262146035769323,0.00435990248963716
"LOXL1",4.19481530774385,3.07259440880302,0.703366065680385,4.36841434172804,1.2515188524147e-05,0.00044706429962779
"PENK",5.59673566415011,-1.48099744221711,0.511106664933089,-2.8976288978955,0.00375995197236573,0.030089381887945
"DRD5",3.73742875899331,2.17525410533195,0.681505737512671,3.19183535163048,0.00141371894253509,0.0148026102360259
"IGFBP4",14.4184509752661,4.68505884196206,0.640630793627393,7.31319644413941,2.6086121206037e-13,4.59264796776001e-10
"J6367_mgt04",892.878269661737,1.54079811750984,0.32970118026172,4.67331696018419,2.96373841832097e-06,0.000138878753868394
"MPZ",9.44099465720634,-1.94856886231165,0.603301384040023,-3.22984318262791,0.0012385813355752,0.0134014717994985
"CCDC43",299.318756532127,1.09661554000153,0.224979591029462,4.87428897431821,1.09201044287883e-06,6.6337193063195e-05
"INO80B",211.982723719076,1.01324662090051,0.276738907331478,3.66138115768031,0.000250859221140801,0.00420624359365882
"BTBD1",15.8693977806226,1.36914634999014,0.385268220924218,3.55374846828971,0.000379782256794623,0.00572880848560213
"BAMBI",192.326996410553,2.50450400148893,0.427113353659434,5.86379231656133,4.52413290949588e-09,9.14023179944708e-07
"TGS1",120.596985020432,1.26684343459724,0.255017466325096,4.96767320628253,6.77610271592212e-07,4.53851575386001e-05
"WDR6",10.7019875900878,1.79472853563185,0.474919581336955,3.77901566109251,0.000157449522680687,0.00301305577254159
"DENND5B",15.4625790021686,2.04673756660603,0.50585537632552,4.04609234653848,5.2079694902171e-05,0.00132063818924765
"LOC107055358",55.3917450090531,1.32590054768464,0.41132897883414,3.22345522905471,0.00126654095599571,0.0135965598795219
"GTF3C5",21.5466593206335,1.19770929280763,0.212200864243993,5.644224386525,1.65927555071506e-08,2.43439427226339e-06
"ZNF593",544.824808899697,-1.21190121919688,0.197641814568587,-6.13180577117358,8.68871431925251e-10,2.6769928817617e-07
"DIP2A",116.030136753041,1.02902181188188,0.280415493020356,3.6696325185113,0.000242899395055481,0.00411759579733666
"KIRREL",5.00942495664808,2.48363587511409,0.47482554443292,5.23062818383176,1.68934988135453e-07,1.6015036875241e-05
"GTF3C6",141.326509544541,1.01173952391103,0.234985413023008,4.30554182447046,1.66577513029914e-05,0.000559373643209989
"PDSS2",13.5185148870769,2.14191903917104,0.486426070265466,4.40338043148488,1.065770342002e-05,0.000392302785051957
"PTPRN2",31.4088799616335,-1.62508439408158,0.369540639012271,-4.39757965030639,1.09464718977324e-05,0.000400309553909952
"GIMAP6",69.9849952747732,-1.62224515778967,0.436177844085806,-3.71922870403876,0.000199832053696079,0.00361104139259601
"AVP",42.7615789322412,1.16808421025711,0.381912565526482,3.05851211951315,0.00222439081507123,0.0207297144151851
"PIAS4",4.24463596100698,1.78215319363572,0.530658853281424,3.35837833028783,0.000784012272054134,0.00972049018188647
"RWDD2B",13.9520044071483,1.26695782237549,0.319891668255953,3.96058399796073,7.476668666812e-05,0.0017222890588746
"LURAP1",1.878588571192,2.90637123073042,0.872534394682718,3.33095319616286,0.000865491531367001,0.0104674363420676
"FOXO1",29.6726682357054,1.71666660582461,0.437372230917781,3.92495564298253,8.674572070127e-05,0.00191586785290762
"PPP3CB",10.5880321570774,2.54843626293768,0.485817064915281,5.24567053522931,1.55714949688358e-07,1.5110480629601e-05
"RNF44",11.2988543547678,2.29305957688272,0.458036076748468,5.00628595275905,5.54903038743573e-07,3.91033316389996e-05
"DYRK3",20.3938427766314,2.00103554953535,0.344585873203582,5.80707366477885,6.35741705351304e-09,1.18710314799234e-06
"PDE8A",112.527555876166,1.34655427523268,0.411531982238495,3.27205255812247,0.00106769725732935,0.0120829210278483
"MPND",37.1218998200447,1.43953230168224,0.339038623378011,4.24592421754036,2.1769420543576e-05,0.000684403925456711
"ZFYVE28",1.2747720278831,2.90469533788782,1.06063750739364,2.73863154719625,0.00616954731475792,0.0425518268073673
"FAM20A",229.339808049209,1.03310623253178,0.277597842748633,3.72159315901914,0.000197969803180247,0.00358791155057848
"GABPA",92.8354132858897,1.30122690487701,0.259880785085683,5.00701467577911,5.52807135739033e-07,3.91033316389996e-05
"RYR2",109.125485792348,1.62484402308066,0.486558958537309,3.33945967815546,0.000839415360080023,0.010202125145588
"PPARD",70.5127635845363,1.10245550618785,0.29936638152296,3.68262962788058,0.000230840420649859,0.00396222471321568
"LOC121110902",335.39172264827,2.25546081292182,0.32759946242444,6.88481231388478,5.78637732863623e-12,4.45695713738205e-09
"PCDHA1",1.15261634306915,2.46407095524386,0.893122147180178,2.75894060294393,0.00579890739401563,0.0408609117917946
"MYH1D",8.70567659461478,-1.26929232046826,0.440660245040125,-2.88043302012117,0.00397129323543617,0.0313129992536886
"BCL2L13",20.4662267108751,1.04287065161178,0.281883019066107,3.69965759224116,0.000215890547417221,0.00380090729481405
"J6367_mgt20",1098.36055281978,1.42132693582664,0.339919865038492,4.18135884957971,2.89772114893124e-05,0.000852303471108082
"MIR2954",9.10777005003385,1.35428262125004,0.439968925513264,3.0781324378083,0.00208302319058755,0.0197800879937324
"HMGN5",127.564417997287,1.13233990094591,0.312662549537009,3.621603874921,0.000292782200426884,0.00469212982842772
"LOC124417680",9.01812997791339,6.5261640643436,1.09706598936209,5.94874340069402,2.70208849527626e-09,6.66010772315694e-07
"FOXN3",24.6066920821019,1.27043541398035,0.256720789232203,4.9487048469271,7.4708935941924e-07,4.8974091837674e-05
"STRN",3.84753683641644,2.37487617249449,0.83381750306424,2.84819659429903,0.00439677548238647,0.0335101181477618
"LOC100858177",9.10304388714553,2.03621514225767,0.571252891592941,3.56447235930777,0.000364588867460714,0.00553464127542491
"FHIP1A",9.83893019179764,-1.10574190325847,0.337398475002676,-3.27725815372965,0.00104820484691734,0.0119390725817092
"BIRC6",20.4344288504897,1.92345293910791,0.512937405276188,3.74987848287695,0.000176920282754851,0.003288635844149
"EMB",45.0564617625049,1.49848293064377,0.326229936815477,4.59333360166557,4.36220872688953e-06,0.000188029786284844
"BRD1",12.0990880106192,1.04500686340646,0.374931819087485,2.78719172448424,0.00531670131900202,0.038429927891719
"WASF2",278.350711408217,1.00361254470312,0.165025140742737,6.08157363287868,1.19008689545808e-09,3.32499429183949e-07
"CHN2",22.6851881999981,-1.0175840793025,0.301858240591095,-3.37106609151991,0.000748778916918141,0.00940727623645124
"CMTM4",6.18434379448512,2.08334910117094,0.574458315171693,3.626632335452,0.000287141689958145,0.00464400811948055
"CDS1",16.7624635635672,2.23430828511579,0.506747125751697,4.40911881207313,1.03792074330877e-05,0.000386445173430129
"TOB1",1155.47334174017,2.00581532722049,0.342828004734645,5.85079194091225,4.89237911096935e-09,9.72478712315907e-07
"HES4",15.2851416359519,1.32885330908089,0.478872851816026,2.7749606269002,0.00552083911708971,0.0394391235717563
"TBPL1",7.05341177585504,1.30209638771795,0.352693614688826,3.69186266348132,0.000222617672519359,0.0038750567741929
"PDE12",14.0531316662572,-1.19779575511701,0.310339776066884,-3.85962692342363,0.000113560263302884,0.00237523444063579
"SEL1L3",42.1611359666462,1.61781756821342,0.333106695478586,4.85675487816012,1.19325157954662e-06,7.10417027359062e-05
"FHL2",54.3213614880843,1.35397667030033,0.443366270476606,3.05385583085705,0.00225920621866014,0.0209027458249006
"SELENOH",35.1773314113486,2.35430679118649,0.439779341433056,5.35338195631198,8.6325358582026e-08,8.79234478648668e-06
"AVD",54.7209613247671,-1.80180240367574,0.538308781492932,-3.34715402315873,0.000816458327330843,0.0100219446474356
"VEGFA",39.0287011100105,1.83932417596151,0.372419979850508,4.93884398119518,7.85870552439862e-07,5.09740457277308e-05
"NCAPH",18.9830747853024,-1.13778134520278,0.316822286168364,-3.59122888406325,0.000329122433295445,0.00514745237209938
"DAZAP2",508.123158089642,1.06676283546245,0.246271890655337,4.33164675279733,1.47998252606438e-05,0.000515234594667159
"PUS10",56.1908040801901,1.30583370394516,0.361465389401309,3.6126106184274,0.000303129724255382,0.00482657715984927
"AK1",29.9656768634742,-1.73306814719575,0.448176040633579,-3.866936181474,0.000110211254180636,0.00231782166642006
"LOC107049429",2.72418227358454,-2.33536499321332,0.774673824800296,-3.01464296126871,0.00257281927424179,0.0230599452623679
"GRSF1",8.31320339860864,3.28834432154092,0.684170405689656,4.80632353313531,1.53731050712954e-06,8.64137286877824e-05
"COL12A1",13.3387585237909,-1.13122684072258,0.334803046726059,-3.37878299431416,0.000728074543322976,0.00924077309156783
"AEN",6.21601013315654,-1.44573541587035,0.38799485438695,-3.726171621927,0.000194410059764252,0.00354424493570213
"MAL2",317.757957620193,1.19111203891403,0.249052768917165,4.78256894750766,1.73068995247205e-06,9.18462026728433e-05
"DTYMK",8.27079058111013,2.38562085092206,0.538686145580632,4.42859143583631,9.48505063335674e-06,0.000365100895377158
"MMD2",4.56217976343901,2.29097087298552,0.68560413539463,3.34153596034955,0.000833162232204747,0.0101589656479256
"ACOD1",5.62236273077928,-2.72009767941363,0.774919487576287,-3.51016811813737,0.00044782345646763,0.00650822674234325
"GOPC",2.29913168031044,3.0778620041328,0.843496405281491,3.64893316066434,0.000263331600207857,0.00437371784496177
"TRIM54",29.3364914966554,-1.04895836665759,0.364053015567557,-2.88133409641524,0.00395995643865876,0.0312435999680093
"SNED1",4.38823926009376,1.29019828491244,0.473229340388532,2.72637001723765,0.0064035168434688,0.0438551062692731
"LOC419602",14.2609926556945,-1.45760812683245,0.318264491689943,-4.57986412211033,4.65278103650762e-06,0.000199100255187222
"DNAJC5",4.06225863600142,3.54029559970075,0.674134647287487,5.25161496141138,1.50771383616434e-07,1.47468772356264e-05
"PPM1M",15.5548137443033,-1.01464616498324,0.299516290156595,-3.38761596056347,0.000705029068743262,0.00901325543899581
"GAB1",49.6174282408034,-1.2168732129169,0.290809671843556,-4.18443171165068,2.85880366778915e-05,0.000847433156373137
"SMC4",15.7526258050728,-1.24908816197506,0.324295427331669,-3.85169834879468,0.000117301463014902,0.00243864400862665
"AKAP12",24.4522656244283,1.08883353674626,0.324274642889357,3.35775109346979,0.00078579337655999,0.00973278148012595
"NSUN2",24.1032608080058,-1.10022482687931,0.320980522229815,-3.42769965989267,0.000608718498127245,0.00818350892526327
"DOT1L",2.93733070896706,2.91588505932963,0.679329863263916,4.29229630112231,1.7683475389751e-05,0.000578066712740827
"CHCHD10",64.1967302288713,1.96499886471766,0.3949078886821,4.97584100250649,6.49649572672636e-07,4.47278286794277e-05
"LGR5",4.66058645884179,-1.67922476467316,0.452200396514427,-3.7134526586369,0.000204450724538913,0.00367551261119343
"RAPGEF1",10.565987148031,1.55502918175932,0.395816064620661,3.92866616783131,8.54183187783398e-05,0.00189752529940722
"EVI5L",37.2145177081923,1.66019292937674,0.373433891029602,4.44574788003144,8.75866215642159e-06,0.000338375399422381
"PLXNA1",108.75869099712,1.01641457159375,0.2706734791505,3.75513173578634,0.000173250328649334,0.00325478208883292
"MB21D2",124.980247648819,1.04459367250286,0.291442350197595,3.58422059043457,0.000338086267665327,0.00525419314338902
"NPM2",6.43746589815762,1.03395167968292,0.357291839018974,2.89385753260379,0.00380540779853868,0.0302957659620095
"FYN",209.689803329496,1.06083112335851,0.290563928340206,3.6509388120484,0.000261283487933363,0.00435142933147401
"MSH6",41.5942903867229,-1.18655538356878,0.347276367605891,-3.41674670162223,0.000633742146205389,0.0083602331405361
"LOC112530406",8.03083637479271,1.16159134266557,0.399791425339156,2.90549338740859,0.00366674596822147,0.0295933053781017
"TMEM259",18.0277396674629,1.79214273108486,0.353010159034955,5.07674548512754,3.83954634496398e-07,2.90297970278136e-05
"MXI1",69.5672816625638,1.23852566593124,0.19023156848367,6.51062111196103,7.48406988919101e-11,3.54744912747654e-08
"ALKBH4",3.62363751768808,2.2844606206159,0.686429730692521,3.32803274460616,0.000874615857402347,0.0105176781779248
"CDH2",35.6315347716557,1.17123020429436,0.376315859832124,3.11235940153268,0.00185598396721734,0.0182401486538967
"POLE4",54.2218369061673,1.57133723300212,0.323804946321277,4.85272770182779,1.2177484023615e-06,7.1491356939466e-05
"GTPBP2",4.70387364348075,1.58407940104174,0.435552592513993,3.63694173394422,0.000275894308642311,0.00450347213206337
"CCNYL1",10.186118257419,2.98461279577883,0.504328229600785,5.9179966946157,3.2588651579862e-09,7.30222803764034e-07
"ACOT6",33.5063178186071,1.4954165062387,0.315317091945192,4.74257991221938,2.11013548066158e-06,0.000106144121076218
"MED29",41.0037349800256,1.10607781967203,0.266719373573185,4.14697217099054,3.36900993255018e-05,0.000956674617713099
"MCU",10.9500551736149,2.40580882510762,0.469974798507625,5.11901666375966,3.07132826534346e-07,2.45786035987615e-05
"CYP27A1",160.650445270619,1.94070780166698,0.3582912980624,5.41656415369873,6.07551976454282e-08,6.74309056030963e-06
"LOC112530097",25.1771125921992,1.66173872407226,0.442736293289175,3.75333748161209,0.000174495678341853,0.00327318834076864
"HDGFRP3",53.3661582884379,1.60431218347335,0.406518864341755,3.94646429525748,7.93137429072985e-05,0.00179022448276474
"BCR",3.56855087922345,3.559115869979,0.740612832259773,4.80563624467505,1.5426014533684e-06,8.64137286877824e-05
"JCHAIN",148.385798569679,-1.10413656827772,0.401619523212289,-2.74921039556657,0.00597390270586801,0.0418546770591912
"MAU2",30.5363236630425,3.76346098240619,0.544028139299592,6.91776897285397,4.58811706626884e-12,4.03885390890694e-09
"SMG7",17.917699987737,1.30853154691929,0.39698949796823,3.29613643085341,0.000980243994660575,0.0113752608193945
"LOC112532220",4.93511517660973,1.80118562106677,0.580407634291628,3.10331138780604,0.0019136817241036,0.0186879663770624
"ABCB8",11.6284979997608,1.14600092489521,0.319091248081287,3.59145207455916,0.000328840653364257,0.00514745237209938
"C8orf37",40.2038228962927,1.25970612644588,0.341485833049396,3.68889717970721,0.000225228211609714,0.00390883012607769
"PDHB",746.437818563037,-1.01246651631224,0.181436952889341,-5.58026631393958,2.4015060143455e-08,3.18238280868753e-06
"SLC12A8",6.54706966463096,1.26791935602178,0.407328803773702,3.11276625732117,0.00185342745524572,0.0182295610203099
"MARF1",327.506910782399,1.25996633033159,0.291504799033216,4.32228331921225,1.54422712783909e-05,0.000530112956086042
"SIDT2",10.6925250744925,2.72471764618469,0.59062246460016,4.61329835807935,3.96328747481382e-06,0.000175066504801454
"PIM3",663.903328982532,-1.04273119833187,0.271179433970701,-3.84517064241874,0.000120468574756359,0.0024785554512477
"HES1",17.8493275165517,2.27435333136426,0.3640817709998,6.24682011713656,4.18893009436558e-10,1.56437498433216e-07
"PLK1",8.94340732280429,1.66936250834219,0.599589403671446,2.78417613473527,0.00536638837348213,0.0387209428072563
"HINT1",3.61130588719969,1.86829410444256,0.616149292957087,3.03221009225873,0.00242770170704757,0.0220316611470208
"TNFAIP3",23.2835845151386,-1.17159382038217,0.408031168178428,-2.87133413266568,0.00408743226252562,0.0319628903574656
"PCDHA4",1.15261634306915,2.46407095524386,0.893122147180178,2.75894060294393,0.00579890739401563,0.0408609117917946
"RGS2",73.7262250012761,1.25005136153471,0.310346885589693,4.02791656555366,5.62733051016509e-05,0.00139259480335893
"RPP25",2.67153736158015,-3.29211677071019,0.942907030317195,-3.49145426310239,0.000480398707369973,0.00686825251696931
"PPP2R2A",6.26914804430427,2.71061384206823,0.527025487708605,5.14323103016023,2.70053186094535e-07,2.31120518432573e-05
"ARHGEF12",19.9435100328564,1.6758033272325,0.398672350171385,4.20346012587051,2.62865475794631e-05,0.000789516257286153
"NR2F6",38.3536195872275,1.90294063967451,0.462018613505846,4.11875319315558,3.80927867999165e-05,0.00104092129605803
"IGSF3",12.0459640512829,1.76944375491364,0.593368996832403,2.98202933479759,0.00286344560379399,0.0250356178631826
"UBASH3B",8.17552317392317,1.47970541406066,0.409051492669574,3.61740622043382,0.000297570092897116,0.00475691088937316
"TTC39B",162.887927716024,1.41716700222824,0.27389774199857,5.17407333075291,2.29044862455783e-07,2.07555065066549e-05
"HIST1H111R",124.112162797094,-1.08576487529255,0.31660886805808,-3.42935711798627,0.000605012891933644,0.00815939681484195
"HSPB7L",175.475921884637,1.41730767705405,0.441772190212048,3.20823199933376,0.00133553716661411,0.014201173461046
"CACUL1",52.2165831496338,1.05783147739569,0.331293669401939,3.1930325722955,0.00140787064889929,0.014779044188275
"JMJD1C",10.0338591873423,1.23595351902709,0.460289136760208,2.68516769204348,0.00724934237968843,0.0476739036751762
"FAIM",181.738512542967,1.13198087658073,0.257872064825349,4.38969950989996,1.13507398497896e-05,0.000413865437600022
"GTF2H1",36.9445328431764,1.20180174482459,0.239830668471962,5.01104280149682,5.41358710060582e-07,3.87889810627129e-05
"CEBPA",550.475703771169,1.11801098819333,0.309706408657672,3.60990588809256,0.000306308120445241,0.00486461504686488
"AGO2",101.394455966762,1.18324667116919,0.331573386844547,3.56858155122064,0.000358919138551785,0.005474405276624
"MCL1",416.897593337835,1.07083523053354,0.288952065809241,3.70592688975783,0.000210619053165163,0.00374098688810352
"PSMD7",252.529740680638,1.1015253402453,0.203254375548137,5.41944220032016,5.97852744727537e-08,6.69812475092925e-06
"TMEM127",28.6485113875056,2.84099311135115,0.461443177748917,6.15675612587994,7.42500509019689e-10,2.40804638767333e-07
"LACTB",145.69721416714,1.96084299999841,0.344529700606771,5.69136128625501,1.26030519251757e-08,1.94480371391667e-06
"MIR1766",12.836483704182,1.88422543576138,0.445459564999759,4.2298461719245,2.33851165744956e-05,0.00072049544166021
"ARL8BL",16.7968024814451,2.29457698822396,0.444642487508548,5.16049872130101,2.46292845005704e-07,2.20736743604207e-05
"ZCCHC24",49.2134212695508,1.00842611484353,0.358498058489223,2.81291931982346,0.00490939673626715,0.036469804326556
"SLC26A8",11.423109344666,1.30792765977561,0.404874647954444,3.23045087259397,0.00123595142798125,0.0133876013086246
"TAF4",20.2789958779298,-1.14899150473783,0.251733965694717,-4.56430860081568,5.01143164036401e-06,0.00021150987512276
"KLHL40",4.22165691185687,1.51953003685639,0.533474330875539,2.84836579552484,0.00439443830381048,0.0335101181477618
"OGFR",122.095213491811,-1.17740159920216,0.261497986560745,-4.50252644269844,6.71503969042025e-06,0.000272224174818221
"KLHL25",14.6377562615636,1.19349226443934,0.361298147509129,3.30334454429823,0.000955389242966952,0.0111809236902616
"LRP1",910.964590618888,1.26920084006846,0.265233342876166,4.78522355562602,1.70797119278816e-06,9.1682537970628e-05
"SLC16A2",580.485108563075,2.00633585099228,0.287008046294428,6.99052126550512,2.73866779329402e-12,2.81261182371296e-09
"LRP12",2.67324448600604,2.23434636188792,0.763090784337158,2.92802168201879,0.00341126255833649,0.028073664464749
"RPS6KB1",484.595652895466,1.20423779515419,0.235242964551609,5.11912353021718,3.06958860533478e-07,2.45786035987615e-05
"INSYN1",3.31727418759117,2.17764238932205,0.681218049208785,3.19668921258226,0.00139014618606816,0.0146805155073728
"HBA1",852.535365647553,1.02311079633976,0.250232394647913,4.08864247084922,4.33905019035529e-05,0.0011524666928004
"CHST10",30.2513679866188,1.32590326144146,0.420590025187086,3.15248384897306,0.00161887777016801,0.0165839671724496
"AXL",91.275811616306,-1.15430964310772,0.258696327400978,-4.46202562944987,8.11885126124255e-06,0.000319670041353205
"SOX8",20.2649794442546,1.06687508372311,0.3097051013055,3.4448095275987,0.00057146192860317,0.00779059381427596
"B3GALT1",6.46453376802821,1.9304558582734,0.608566570694854,3.1721358865789,0.00151322183433587,0.0156582249255711
"MRS2",16.2168724518903,-1.117996429607,0.34348519626925,-3.2548605929748,0.00113448038618309,0.0125844610974981
"SLC39A5",13.8053641703617,1.53615591203922,0.550836320530757,2.78877019322013,0.00529085932253449,0.0382880506699443
"LOC121107016",429.913858376829,2.91389992904828,0.464573014448513,6.27221090856368,3.55956953993458e-10,1.37087921906731e-07
"INSR",62.9349877489295,1.22143978362416,0.245773835052836,4.96977142974385,6.70318738462343e-07,4.51421209443164e-05
"LOC121106805",335.39172264827,2.25546081292182,0.32759946242444,6.88481231388478,5.78637732863623e-12,4.45695713738205e-09
"LOC107056275",41.9418152425815,1.30909745946068,0.287184680176735,4.55838193964615,5.15492286325916e-06,0.000216823444937904
"POP1",22.3303140221053,-1.31681403061347,0.386433810516149,-3.4076056358905,0.000655355359556657,0.00855571975760195
"PCGF6",2.65786154800482,2.33075971465797,0.795372554918423,2.93039997450883,0.00338525959610078,0.0279768783200461
"EFCAB10",8.00492263531186,-1.04431761294363,0.340006422355292,-3.0714643732593,0.0021301158254763,0.0201007254465313
"EVA1A",88.2330012940637,1.17129545931804,0.38245118125682,3.06260123310091,0.00219422243401396,0.0205861976037751
"NUP153",12.1073215997165,1.06788411358972,0.340368155202066,3.1374383803789,0.00170431093995907,0.0171881571391617
"IRAK4",33.8271690267438,-1.00886017127277,0.217034076353419,-4.64839525766422,3.34527418883248e-06,0.000153260814509931
"LOC771545",34.4308895791927,-1.22723121898394,0.347419930253346,-3.53241455689955,0.000411783271086023,0.00609953970296171
"RSFR",97.6736496199685,-1.46186495099958,0.472350884090407,-3.09487078406691,0.00196898656965891,0.0190618935463287
"LOC100859822",26.3836785990008,2.13711355415168,0.455020653229652,4.69673967320569,2.64347012332701e-06,0.000127757356077969
"NKX2-3",5.34056439766344,1.31932255441817,0.490219546803269,2.6912891642561,0.00711764717036397,0.0470842102670776
"NT5DC2",2.35995052970915,2.05807668539677,0.67207383699106,3.06227764290153,0.00219659606044825,0.0205861976037751
"WIF1",3.39386349127991,3.53768380775852,0.758035863061426,4.6669082297388,3.05765812055663e-06,0.000142198410104679
"C11orf96",28.9506854192962,1.6102070838642,0.402332813382445,4.0021768801979,6.2762348822365e-05,0.00150776449685541
"FABP6",29.9014556122886,1.59665807658927,0.273608747692735,5.83555200648164,5.36127702744388e-09,1.03238090759716e-06
"TK2",7.16093187532163,3.55690558743913,0.7491347060938,4.74801869210658,2.05419055463995e-06,0.000105044997491215
"LOC101749984",2.53262719236083,3.09213580935628,0.874751793343221,3.53487221505248,0.00040797239939322,0.00606496001220994
"ATP11B",19.1333874587281,2.28896724375956,0.504301883153703,4.53888299889993,5.65530024807692e-06,0.000235459190058446
"PCDH17",8.53583246459883,1.91216014684075,0.550265772127324,3.47497562759237,0.000510899767112966,0.00719580426274308
"MAP1A",10.3765325535832,-1.20342474365847,0.419926135288528,-2.86580101243665,0.00415955613425916,0.0323362845949497
"SOX11",4.20978658526047,3.97796285416987,0.726641666430071,5.4744491514136,4.38874633719198e-08,5.15113427233847e-06
"LOC121106852",13.7199878522521,-2.94606803439311,0.655946457749163,-4.4913239481502,7.07817956539642e-06,0.000285070212300476
"KLHL22",12.6194131421817,1.24163491489585,0.331175081368645,3.74917976849149,0.000177413880998355,0.00329284438166224
"LOC101751338",1.32723293209126,3.69823884852236,1.24554059797315,2.96918370588678,0.00298592029857275,0.0256972637986107
"ATP6V0A2",9.04254897033263,1.64365620816936,0.345539982746593,4.75677574301077,1.96709483747556e-06,0.000101432957226146
"NOL7",91.3180400913554,-1.36795918485878,0.250545509284903,-5.45992298470309,4.76341169631872e-08,5.53814016466339e-06
"LOC121108689",9.56443961047915,1.41632159725854,0.478769048064479,2.95825639310708,0.00309384672952795,0.0263500809223929
"GLIS2",41.9009741676694,1.00987668825745,0.316702305255029,3.18872541026889,0.0014290154883871,0.0149500737511737
"LOC121106856",1.99606991415541,3.72406359753466,0.907583100241649,4.10327560808823,4.07341516728016e-05,0.00110089404652545
"WDR34",7.3515965284935,-1.8996969920737,0.338677926135281,-5.60915502746667,2.03316837333511e-08,2.81536708235751e-06
"NAT8L",4.70230172936781,2.47210220630417,0.661865927840725,3.73504980739706,0.000187678038769014,0.00344701065542374
"WTAP",32.9850793982915,3.29154176397042,0.316414776631617,10.4026170933305,2.41215561891431e-25,2.97274058475e-21
"ATP1A1",2002.26596348106,1.28699987447591,0.31130757121776,4.13417466668567,3.56232480740347e-05,0.00100004762930388
"RPL3L",43.5344915600092,-1.07755215927651,0.36118614380528,-2.98337070166632,0.00285092464474229,0.0249714252464847
"TLN2",448.251603724628,1.27562714266513,0.214195244399059,5.95544101011207,2.59371444414829e-09,6.52345649177215e-07
"EREG",15.7707581900412,1.07812050519998,0.399472762104395,2.69885861434085,0.00695777290486385,0.0463500504213741
"DENND1B",14.7217158677505,2.68427453454581,0.44724119681504,6.00184990484209,1.95081998770875e-09,5.00873031844223e-07
"FAM207A",18.4899691076064,2.71120895030588,0.399418983926844,6.78788204719497,1.13791620806536e-11,7.79093297122081e-09
"YEATS4",40.9408250719591,1.3953828658084,0.26421010770256,5.28133793949807,1.28243891245205e-07,1.29547353746386e-05
"EIF3F",38.8424568923846,1.3625856406839,0.402353201757758,3.3865410657382,0.00070779682457614,0.00902990483030678
"LOC121107017",64.5030576071872,1.44572263034435,0.295500638382635,4.89245180063648,9.95875097229315e-07,6.13658234912704e-05
"NFKBIA",155.116721003412,1.66597272170031,0.392959570666287,4.23955247832635,2.23965832983843e-05,0.000695253129897452
"CTDSPL",1062.78585152155,1.2915398954354,0.276465582478017,4.67161186524219,2.98845268508072e-06,0.000139506404889904
"LOC121108138",4.75249064336893,-5.57986486932837,1.01487128508815,-5.49810104129972,3.83902947230798e-08,4.68437616007163e-06
"HIST1H103",78.1673893845233,-1.18247876214784,0.302957762130129,-3.90311426198065,9.49628433979163e-05,0.00207136651687773
"LOC112531447",210.073362337446,2.07252621087224,0.358961106557428,5.77367902263437,7.75591186901103e-09,1.40564496873076e-06
"LOX",65.1461490679082,1.06228640705994,0.319082471626708,3.32919073130002,0.000870987357448739,0.0105029825765149
"CCN3",2.74646052440663,2.57892639542904,0.619649401549546,4.16191218611681,3.15593719339724e-05,0.000912999295103933
"S100A16",22.4849179145663,-1.13085211002775,0.40749494021201,-2.77513166038182,0.00551793645742596,0.0394391235717563
"CCDC91",3.79593963547694,2.04520143701395,0.649003299523808,3.15129590021279,0.00162547722899551,0.0166105981510288
"PCDHA5",1.15261634306915,2.46407095524386,0.893122147180178,2.75894060294393,0.00579890739401563,0.0408609117917946
"SLC35G1",1.71584792812633,-2.07592886404812,0.690925182861645,-3.00456390292523,0.00265961882650622,0.0237000306709058
"J6367_mgp13",2477.33740985897,1.7706756395224,0.345165219341929,5.12993644869045,2.89840013354174e-07,2.39730760038714e-05
"LOC107053423",2.86113898308679,4.58166910993514,1.68567406858832,2.71800414760612,0.00656770148435187,0.0445305981652791
"LOC769729",47.4192060694473,2.37193993680614,0.402761727414777,5.8891890051992,3.88095392921606e-09,8.24635796959634e-07
"DHX57",92.1736134403746,1.49067421851949,0.316698948538473,4.70691243339697,2.5149687392351e-06,0.000124163837709747
"C16orf72",1172.98300551733,1.20223342161081,0.280006656238504,4.29358872307226,1.75808012120581e-05,0.000578066712740827
"MEA1",543.423633223344,1.26670392433286,0.255304008645646,4.96155125433617,6.99324111154374e-07,4.63903006845006e-05
"USP36",18.9081439184187,1.35182894982343,0.35855079452761,3.77025785594607,0.000163078964276157,0.00309422501474495
"SLC35C1",6.24348110388571,1.88505605629055,0.514439799152275,3.66428892048566,0.000248026686258456,0.00417579355389237
"CASQ2",39.262606782013,-1.03885537143484,0.345369816851875,-3.00795066837121,0.00263015828906044,0.0234884570683919
"LOC107055111",3.62573542560653,2.55602379295502,0.636504878112897,4.01571752369454,5.92652069705091e-05,0.00144476970147158
"LOC101748577",8.37292991725491,2.46301012139543,0.51296538504843,4.80151330515779,1.57471043892656e-06,8.7467536450605e-05
"VASH1",20.8230915896914,1.65239672542376,0.571215245934576,2.8927741988403,0.00381855710533484,0.0303612243652559
"MAGI1",400.420538968063,1.55425699152733,0.388857817442547,3.9969801860984,6.41556686334893e-05,0.00152931230220333
"TPT1",675.752614567175,-1.21150953454756,0.280427865415961,-4.32021808086195,1.55875078851795e-05,0.000533365013953912
"PGAM5",3.61305192203072,2.84574050782549,0.606649745393014,4.69091189675172,2.71990080808261e-06,0.000130428239528444
"LOC121109878",6.75296813860235,5.09586499270094,0.94409524668385,5.39761746561086,6.75316596738832e-08,7.31841834504724e-06
"NHSL2",4.95420467958549,1.21828775779126,0.416451114550456,2.92540400355599,0.00344009294422148,0.0282826587355474
"ZNF710",34.2471082749182,-1.11836242299482,0.276860145938685,-4.03944893983587,5.35769294860509e-05,0.00134203674590669
"NSMCE4A",11.2411427673968,-1.1404530625369,0.425591730121344,-2.67968802451057,0.00736908043686385,0.0482041121570648
"PLEKHM1",39.8090666929825,-1.08384883069003,0.261138570226274,-4.15047394090765,3.31787543187887e-05,0.000948712223259285
"RASSF2",63.5964537628544,-1.00387206557006,0.328876140537119,-3.05243203088719,0.00226995132074198,0.020970674720258
"LMO2",10.8926959092198,1.45305153143454,0.408605274297165,3.5561252456516,0.000376364705983109,0.00568421401536255
"FUK",29.0564517329994,-1.12124692637921,0.312960320449082,-3.58271273741755,0.000340044486257444,0.00526470885507127
"SLC35E1",5.21193306328855,1.32811235515266,0.417934909417608,3.17779712875239,0.0014839854719039,0.0154074447815869
"GHR",1787.84663628065,1.11569470292291,0.272857619262972,4.08892632698536,4.33374456575795e-05,0.0011524666928004
"TMEM179",14.8919208371693,1.44970924045283,0.474449892681344,3.05555815864943,0.0022464203042987,0.0208000629828528
"PARVG",11.57013136786,-1.00014601464802,0.367819296443105,-2.71912328776565,0.00654552060578213,0.0444691267616643
"MARK1",5.27193379046892,1.4727167348377,0.487783568882526,3.0192011965708,0.00253442159280055,0.0227654604297916
"LEMD2",67.390508914808,-1.06166116516081,0.333940177910605,-3.17919566253874,0.00147684363943323,0.015385140331678
"TMED2",602.093283140369,-1.25243016638003,0.201856246616882,-6.20456481962191,5.48484636540679e-10,1.98809548844921e-07
"WWOX",100.396909520508,1.53057755034317,0.272444064439257,5.61795153619294,1.93234679071492e-08,2.70616384645121e-06
"J6367_mgt03",26784.2766178123,1.38530524222993,0.291291406793347,4.75573672934578,1.97724008477939e-06,0.000101531278353422
"PTPN9",108.354979167785,1.96546771671659,0.383465394304591,5.1255413028363,2.96684115575154e-07,2.41398940692986e-05
"WTIP",16.4437449233137,1.2044532968197,0.40906149611006,2.94443086986519,0.0032354921806687,0.0270884549147833
"LAMB2",68.5125993152156,1.11200578841399,0.305176963320614,3.64380645352229,0.000268635458723106,0.00444384348094438
"MRPL12",18.8608801117224,3.72944788924063,0.475867271494069,7.83715988185397,4.60851110493798e-15,1.89317636190852e-11
"LOC124417105",2.31726622719089,3.99171543005172,0.902225515638036,4.42429898164525,9.67559470758724e-06,0.000370259492770894
"BMP8A",4.1061507627419,2.13076892658796,0.576689654777538,3.69482772741939,0.000220035921684396,0.00384096699552195
"MCAT",235.997898436538,1.15788430896381,0.251585289427022,4.60235298971914,4.17744414711618e-06,0.000182563197408013
"SGCE",10.9713016977436,2.02969593471171,0.370467979895857,5.4787351265345,4.2837706317737e-08,5.09929024934648e-06
"SRC",2.557719217769,3.3188890880006,0.989700263675451,3.35342851751422,0.000798170278059723,0.00984649700381183
"MGAT3",13.6231110828744,1.51337814170684,0.370438337899838,4.08537126661019,4.40063940248453e-05,0.00116631139776816
"POLL",64.868541888335,1.07378164973269,0.282349246412204,3.80302644110858,0.000142939092690252,0.00282585583883547
"SPCS1",1602.60628882041,1.01283441246236,0.24028761238877,4.21509208233198,2.4967629596141e-05,0.000756022277992241
"WDR82",69.1613456945924,1.0057414993355,0.270194798908404,3.72228297287264,0.000197429584251257,0.00358411132371932
"NDUFAF6",14.4524939545402,1.8549849808558,0.280247373773189,6.6190985338442,3.61395911149401e-11,2.22692160450261e-08
"LOC121110054",15.5406970964105,-1.56685903895636,0.559493800812935,-2.80049401205115,0.00510244541063433,0.0372968785531776
"SPECC1L",36.3392640248075,1.42539372132622,0.302450619504086,4.71281468579358,2.4431836619183e-06,0.000121410465522101
"GPR35",6.3621197057383,-1.20240890710263,0.447716496037456,-2.68564798872641,0.00723893094100784,0.0476308515306891
"MMP15",18.4190556779667,2.73277787793457,0.469437066853849,5.82139347506056,5.83589963965404e-09,1.10648657167841e-06
"SMC5",98.6834717497006,1.10325065703358,0.24006229635045,4.59568484433318,4.31330222647298e-06,0.000187293530397119
"RRAGA",7.0139564056864,3.14726926209407,0.553004891562092,5.69121414677522,1.26139188339205e-08,1.94480371391667e-06
"LOC426456",39.6476387799799,-1.83248315668085,0.627330731749703,-2.9210798450282,0.00348820417761462,0.0285015913577056
"J6367_mgp07",921.116735861494,1.26554323999891,0.291265108440398,4.34498744726193,1.39283627721835e-05,0.000489040292889998
"BAG2",8.31434916142825,-1.17487008156892,0.42098487225147,-2.79076555716977,0.00525835447876022,0.0380975664880899
"MED19",1.4857274866613,3.22887584235591,0.949586461398424,3.40029683826879,0.00067312736078408,0.00869562011981446
"ILVBL",9.18614895863517,1.17986484920877,0.3510755372421,3.36071507139827,0.000777409784237357,0.00965806268240039
"RLBP1",0.967746491061837,2.85811269921093,1.00989501089527,2.83010874237038,0.00465321857731873,0.0350127614360492
"RWDD1",79.4059758827512,1.21575786379634,0.275848683678774,4.40733610754544,1.04649730839015e-05,0.000388464844234944
"RABL6",2.47001425737124,2.3687946122845,0.760794359626067,3.11358067040451,0.00184831974050925,0.0182101700983032
"CAPN5",19.3396713998622,-1.07232363361053,0.298595647532823,-3.59122325616837,0.0003291295414812,0.00514745237209938
"LPIN1",188.759298839965,1.28283574668839,0.36824629499282,3.48363517605359,0.00049465325630678,0.00702316443631884
"RNF166",10.8202469756755,1.42118795984587,0.344009458522693,4.13124675684495,3.60801025188621e-05,0.00100972523029856
"LOC121108869",5.02528317837297,-1.04710665089259,0.379383685747993,-2.7600202386882,0.00577977808118866,0.0408609117917946
"MEIS1",35.7031341620263,1.39385717360683,0.323002003692371,4.31532051712703,1.59371495667098e-05,0.000539586349615745
"IRF2BP2",11.167266950402,3.32999116995009,0.511261297263509,6.51328623499106,7.35242121393326e-11,3.54744912747654e-08
"LOC107050189",25.1950994167361,1.69626331127666,0.520084319195887,3.26151596706336,0.00110818191254636,0.0123594876834582
"CLTB",205.133370518624,-1.05067268537997,0.213947893193468,-4.91088119493594,9.06680120761954e-07,5.70098255523996e-05
"LOC107054976",22.3359711635077,1.40496188192331,0.482875222245249,2.90957542901164,0.00361920041863906,0.0292862941295521
"LAMA1",12.1057391693323,1.08044932687368,0.368075808602585,2.93539890865322,0.00333119135391145,0.0276455233977136
"TMEM150B",12.4464554420176,1.87021383093023,0.379225280673414,4.93166971254967,8.15296888229692e-07,5.26058578562446e-05
"CYP7A1",15.170890122729,-1.82746756344572,0.565584859098982,-3.23111118348714,0.00123309963883593,0.0133876013086246
