metabolite_id,compound_name,n_high,n_low,median_high,median_low,hl_estimate,delta_mcid,effect_size_ratio,ci_95_lower,ci_95_upper,prob_positive,prob_negative,prob_direction,prob_exceeds_mcid,direction_label,mw_pvalue,mw_pvalue_fdr
pnto__R,Pantothenate ,12,12,22.1100,16.6037,5.3068,1.2669,4.1887,0.7942,9.9439,0.9829,0.0171,0.9829,0.9683,Higher in fast-growing,0.0404,0.9129
leu__L,Leucine,12,12,115.6423,166.2667,-46.3709,10.4485,4.4381,-72.5993,9.9237,0.0435,0.9565,0.9565,0.9068,Higher in slow-growing,0.0885,0.9129
malon,Malonate,12,12,525.5973,491.7070,73.5140,21.2811,3.4544,-47.3219,165.8375,0.9323,0.0677,0.9323,0.8838,Higher in fast-growing,0.1410,0.9129
phephe,Phenylalanine,12,12,28.4679,51.8285,-14.0113,5.6143,2.4956,-31.0548,5.7794,0.0751,0.9249,0.9249,0.8250,Higher in slow-growing,0.1572,0.9129
his__D,Histidine,12,12,90.9768,108.7102,-15.9429,6.4885,2.4571,-42.7369,12.2426,0.1070,0.8930,0.8930,0.8036,Higher in slow-growing,0.2145,0.9129
val__L,Valine,12,12,117.4255,150.2971,-19.1970,7.1486,2.6854,-59.9535,14.0372,0.1088,0.8912,0.8912,0.8893,Higher in slow-growing,0.2366,0.9129
glu__L,Glutamate,12,12,399.2525,482.5841,-50.5272,23.9778,2.1073,-152.3414,49.4374,0.1101,0.8899,0.8899,0.8963,Higher in slow-growing,0.2366,0.9129
ans,Anserine,12,12,38621.4819,39727.2535,-2431.6493,728.3984,3.3384,-6594.8401,1459.2799,0.1137,0.8863,0.8863,0.9037,Higher in slow-growing,0.2366,0.9129
btbet,Betaine,12,12,1593.6065,1256.2851,307.4945,113.8170,2.7017,-202.9845,800.4055,0.8844,0.1156,0.8844,0.8573,Higher in fast-growing,0.2602,0.9129
CE1661,Alpha-aminobutyrate,12,12,55.8451,65.6733,-10.0244,3.3457,2.9963,-23.4744,6.3142,0.1174,0.8826,0.8826,0.8619,Higher in slow-growing,0.2602,0.9129
ser__D,Serine,12,12,567.3343,643.6205,-46.7232,26.7216,1.7485,-155.7234,56.7460,0.1357,0.8643,0.8643,0.7792,Higher in slow-growing,0.2855,0.9129
gln__D,Glutamine,12,12,581.0656,614.3405,-39.1069,18.1022,2.1603,-102.1438,65.5151,0.1531,0.8469,0.8469,0.7656,Higher in slow-growing,0.3123,0.9129
for,Formate,12,12,94.5206,104.6512,-7.8718,4.4762,1.7586,-24.1638,13.2477,0.1547,0.8453,0.8453,0.6933,Higher in slow-growing,0.3408,0.9129
ile__L,Isoleucine,12,12,76.9188,90.6084,-13.0145,5.1088,2.5474,-42.1969,14.9481,0.1551,0.8449,0.8449,0.8425,Higher in slow-growing,0.3123,0.9129
man,Mannose,12,12,168.5261,149.2578,43.4734,30.4801,1.4263,-61.9550,184.2092,0.8387,0.1613,0.8387,0.7067,Higher in fast-growing,0.3408,0.9129
inost,Scyllo-inositol,12,12,41.5852,36.7786,3.7202,1.3489,2.7580,-5.9623,12.0202,0.8153,0.1847,0.8153,0.8492,Higher in fast-growing,0.3708,0.9129
ncam,Nicotinamide ribotide,12,12,191.0374,222.7662,-27.1125,10.9829,2.4686,-73.3727,35.1497,0.1909,0.8091,0.8091,0.8371,Higher in slow-growing,0.4357,0.9129
taur,Taurine,12,12,391.9535,376.6365,-40.9542,23.6847,1.7291,-156.8571,64.4053,0.1967,0.8033,0.8033,0.7946,Higher in slow-growing,0.4357,0.9129
dmgly,Dimethylglycine,12,12,321.0598,284.3066,48.1387,25.1042,1.9176,-58.1754,120.0389,0.7675,0.2325,0.7675,0.7358,Higher in fast-growing,0.4705,0.9129
asn__L,Asparagine,12,12,144.6178,144.3626,-12.9956,8.5237,1.5246,-68.5656,25.8439,0.2536,0.7464,0.7464,0.7073,Higher in slow-growing,0.5067,0.9129
ala_B,Beta-alanine,12,12,338.2421,291.1925,37.1349,22.1294,1.6781,-63.3138,174.3128,0.7254,0.2746,0.7254,0.7669,Higher in fast-growing,0.5834,0.9129
carn,Carnosine,12,12,9523.2578,10194.7051,-724.4857,432.6779,1.6744,-2391.1077,1441.6488,0.2767,0.7233,0.7233,0.7037,Higher in slow-growing,0.5834,0.9129
bhb,3-Hydroxybutyrate,12,12,326.1154,507.2517,-71.3922,47.9438,1.4891,-318.4275,162.6980,0.2861,0.7139,0.7139,0.7323,Higher in slow-growing,0.5834,0.9129
crtn,Creatinine,12,12,1902.3953,1813.6324,140.4515,135.5626,1.0361,-430.6770,838.4212,0.7124,0.2876,0.7124,0.7136,Higher in fast-growing,0.5834,0.9129
lac__L,Lactate,12,12,88890.8265,93620.9556,-2742.1811,2730.5332,1.0043,-11819.2057,10136.5786,0.2894,0.7106,0.7106,0.6428,Higher in slow-growing,0.5834,0.9129
mma,Methylamine,12,12,99.6239,112.0843,-6.4241,5.2065,1.2339,-25.6856,13.9407,0.2903,0.7097,0.7097,0.6984,Higher in slow-growing,0.5834,0.9129
crtn,Creatine,12,12,32586.2954,31798.5589,809.6466,597.9477,1.3540,-1957.6123,3236.6661,0.7007,0.2993,0.7007,0.7542,Higher in fast-growing,0.6236,0.9129
amp,AMP,12,12,31.2772,38.0272,-7.0975,4.1268,1.7199,-27.7016,10.9338,0.2999,0.7001,0.7001,0.7956,Higher in slow-growing,0.6236,0.9129
fum,Fumarate,12,12,12.3196,15.7151,-1.7331,1.2838,1.3500,-7.4762,4.4015,0.3000,0.7000,0.7000,0.7520,Higher in slow-growing,0.6236,0.9129
ac,Acetate,12,12,190.8100,215.8472,-12.2549,12.4753,0.9823,-56.8648,41.9712,0.3067,0.6933,0.6933,0.6221,Higher in slow-growing,0.6236,0.9129
g6p,Glucose-6-phosphate,12,12,169.6810,134.2812,18.8612,20.1516,0.9360,-50.1330,193.5854,0.6882,0.3118,0.6882,0.6549,Higher in fast-growing,0.6650,0.9129
4ohbut,2-Hydroxybutyrate,12,12,17.8421,18.9223,-1.1532,0.6689,1.7240,-6.3971,4.8856,0.3179,0.6821,0.6821,0.8019,Higher in slow-growing,0.6236,0.9129
nad,NAD,12,12,267.9308,275.3402,-15.4805,29.8870,0.5180,-113.9215,93.8823,0.3227,0.6773,0.6773,0.4236,Higher in slow-growing,0.6650,0.9129
ibt,Isobutyrate,12,12,6.8861,6.4081,0.6037,0.8128,0.7428,-2.5129,3.8701,0.6579,0.3421,0.6579,0.6347,Higher in fast-growing,0.7075,0.9129
atp,ATP,12,12,213.3247,210.5023,-11.9620,6.0114,1.9899,-49.1346,18.4960,0.3456,0.6544,0.6544,0.7938,Higher in slow-growing,0.7075,0.9129
inost,Myoinositol,12,12,406.6406,432.0419,-16.5197,12.5318,1.3182,-71.2814,50.6282,0.3651,0.6349,0.6349,0.8177,Higher in slow-growing,0.7508,0.9129
3mhis,n-Methylhistidine,12,12,105.5268,95.7477,5.5231,5.1121,1.0804,-17.6209,29.6242,0.6337,0.3663,0.6337,0.7560,Higher in fast-growing,0.7508,0.9129
ade,Adenine,12,12,385.3361,389.2676,-12.4118,20.1576,0.6157,-106.9705,56.9941,0.3686,0.6314,0.6314,0.5852,Higher in slow-growing,0.7950,0.9129
ala__L,Alanine,12,12,784.6218,793.9114,17.0063,33.4634,0.5082,-120.4265,135.5549,0.6310,0.3690,0.6310,0.5344,Higher in fast-growing,0.7508,0.9129
succ,Succinate,12,12,126.3306,128.6178,-6.5356,17.0189,0.3840,-75.9562,57.2686,0.3729,0.6271,0.6271,0.5578,Higher in slow-growing,0.7508,0.9129
ins,Inosine,12,12,561.9977,571.2435,47.1145,94.2403,0.4999,-389.0165,312.9093,0.6189,0.3811,0.6189,0.5096,Higher in fast-growing,0.7950,0.9129
glc__D,Glucose,12,12,799.3947,841.8639,-46.8469,58.2537,0.8042,-351.5259,246.8891,0.3908,0.6092,0.6092,0.7164,Higher in slow-growing,0.7950,0.9129
glyc,Glycerol,12,12,201.5522,210.1243,-7.1100,6.8979,1.0307,-34.9034,28.8789,0.4041,0.5959,0.5959,0.7541,Higher in slow-growing,0.8399,0.9129
thr__L,Threonine,12,12,293.3534,309.9398,-5.3069,18.2506,0.2908,-91.9161,74.4844,0.4113,0.5887,0.5887,0.6755,Higher in slow-growing,0.8399,0.9129
ins,Inosinate,12,12,3731.8310,3516.8768,105.4699,95.0595,1.1095,-633.4318,554.3592,0.5807,0.4193,0.5807,0.8139,Higher in fast-growing,0.8399,0.9129
hxan,Hypoxanthine,12,12,784.2622,975.2499,-29.8782,60.3904,0.4948,-344.4394,273.8266,0.4201,0.5799,0.5799,0.6482,Higher in slow-growing,0.8399,0.9129
M02035,Methylguanidine,12,12,32.0651,33.4022,0.8862,1.3270,0.6678,-4.3203,7.1110,0.5625,0.4375,0.5625,0.6552,Higher in fast-growing,0.9310,0.9500
gly,Glycine ,12,12,636.6113,608.2777,6.4701,21.8617,0.2960,-103.6372,89.4558,0.5594,0.4406,0.5594,0.7751,Higher in fast-growing,0.8852,0.9417
pyr,Pyruvate,12,12,75.2804,79.5928,-0.7997,4.6066,0.1736,-19.2655,18.8069,0.4603,0.5397,0.5397,0.6604,Higher in slow-growing,0.9310,0.9500
ncam,Nicotinamide,12,12,178.3097,155.8513,-0.5354,14.4481,0.0371,-71.5653,51.9714,0.4892,0.5108,0.5108,0.6119,Higher in slow-growing,1.0000,1.0000
