"","baseMean","log2FoldChange","lfcSE","stat","pvalue","padj"
"A2ML4",174.924682538157,1.43612605516501,0.378850873675018,3.79074236053348,0.000150197691900586,0.00554976498088751
"AAAS",63.0235770497657,1.07394938331187,0.280506672332914,3.82860548157397,0.000128871396339059,0.00499368974889656
"ABHD8",6.67935438832043,1.67911040172571,0.57282142017166,2.93129820672998,0.00337548585471054,0.0421495552323268
"ACTG2",69.9006613922227,-1.41772380538926,0.494130741591819,-2.86912690520353,0.00411606615207648,0.0471222097918461
"ADAMTS9",9.81803775031905,1.71985940605945,0.597613439422189,2.87787939930253,0.00400358163270153,0.0463665212802174
"ADCY9",16.2634390203396,1.28809825572517,0.320524758927528,4.01871686928376,5.8515935017567e-05,0.00284156991165567
"ADCYAP1",13.3298330471703,1.16941910452817,0.410450182214881,2.84911337648268,0.00438412543202632,0.0489864639272893
"ADCYAP1R1",15.2143548363555,1.24309706082195,0.395888428611907,3.1400186794562,0.00168937062436937,0.027759340600667
"ADGRA2",3.83369827976759,2.25806516713405,0.669032672245253,3.37511942362404,0.00073783665054371,0.0160520827223373
"ADGRB3",8.31535939110738,1.76468830150078,0.549334147025913,3.2124132662329,0.00131624885515183,0.0234789881991132
"AGBL1",28.69970495145,1.71824452914709,0.534564899966365,3.21428610306288,0.00130769303736838,0.0233861058296083
"AGMO",5.8289817188712,2.19604626979833,0.539024489806052,4.07411223669725,4.61902031161349e-05,0.00241624931431856
"ALKBH4",15.8931062958626,1.6293518216501,0.505436090846845,3.22365547525536,0.00126565571758397,0.0228685813809771
"AMDHD1",13.2912987860245,1.43118837016866,0.430756250810112,3.32250168738598,0.000892141317630235,0.0184601633397613
"AMFR",38.7328243902471,1.12385801461505,0.390825461041907,2.87560081581926,0.00403259343281473,0.0464879521888355
"AMH",27.3292865941516,3.36507142409731,0.800424518939402,4.20410837558572,2.62113334436127e-05,0.00166791821140727
"ANKHD1",6.23650349067115,1.79513996534346,0.445550897182221,4.02903456529072,5.60063839113617e-05,0.00276410305332152
"ANKRD13C",56.2477994042569,-1.01630725523834,0.288738572078619,-3.51981811062504,0.000431842835082936,0.0112528896970212
"ANKS1B",5.15184296516018,2.2499786249703,0.698362829837448,3.22179034856997,0.00127392314000248,0.0229704281259813
"ANO2",2.25874864246002,4.0041279774218,1.23327437797614,3.24674545172403,0.00116732742642304,0.0218316525423045
"APOB",370.591477982359,1.2111066742637,0.397183293298456,3.04923871345626,0.00229422104226377,0.0336236991577105
"ARHGAP19",5.59611688299166,-1.37001013140828,0.453236878312072,-3.02272431252818,0.00250510346678556,0.0355938760128117
"ARHGAP35",17.1654604661012,1.22279835754509,0.382276616978395,3.19872653266206,0.00138036038014735,0.0244663622202006
"ARHGAP39",4.06190753347276,2.4985588459289,0.81368855178786,3.07065748982088,0.00213588010673762,0.0322158071822941
"ARHGEF16",25.004237948271,1.69156795269163,0.42586639015593,3.97206258064241,7.12529940720347e-05,0.0032321893907635
"ARL8BL",16.3234683223621,1.74318482059226,0.380751559940011,4.57827361460293,4.68829189816272e-06,0.000541168371418502
"ARNT2",10.1005086441274,1.2168222854531,0.428328989095298,2.84085905094406,0.00449921931371378,0.0497156615147472
"ARRDC3",37.9889890691073,1.34769639757467,0.432865120866817,3.11343264358166,0.0018492471503431,0.0292176865937127
"ASAP3",21.7980244048952,-1.06962370288376,0.356128305595157,-3.00347848255481,0.00266912422602128,0.0369471338600984
"ASB18",4.45151734159049,1.54197572475433,0.525787283062548,2.93269878223908,0.00336029732996954,0.042116755120529
"ASPDH",90.9979770830552,1.32049855889181,0.376137882301934,3.51067685820546,0.000446967372691984,0.0115607283229425
"ASPG",19.2340137581343,1.33422380082658,0.391368035202469,3.40912818834665,0.000651708484609563,0.0148975653102156
"ATG13",11.5937408195401,1.21681333870557,0.407059094797658,2.98927933132271,0.00279636356363591,0.0381786997979499
"ATP11B",17.4015262392452,1.86312210008895,0.565436601558882,3.29501502901016,0.000984164161819855,0.0196170094873236
"ATP11C",17.9102960603283,1.79912908659392,0.417487292319686,4.30942239366716,1.63681483078227e-05,0.00124925643396371
"ATP13A3",5.40731259169119,3.42000447947901,0.668286391766985,5.11757312674934,3.09492082816592e-07,0.000120074331130537
"ATP1A1",2755.16502704351,1.03607053982135,0.24269517354637,4.26901995899558,1.96333702211268e-05,0.00141350145298184
"ATP5B",35.8784552871213,1.14912945957156,0.318021312243703,3.61337248583821,0.000302240025632904,0.00883135238078404
"ATP6V0A2",14.5162599188773,1.44604235180483,0.399660060559884,3.61818078538812,0.000296681134145228,0.00873260585890189
"ATP6V1G3",4.62391410077027,1.79288903148056,0.618482540709241,2.8988514848367,0.00374532254107939,0.0445199318563879
"ATXN1",14.5271166277643,2.57500642416691,0.508144209665843,5.06747174362222,4.03134322887245e-07,0.000140764427194154
"AVP",33.5558558482267,1.19731386503497,0.350058335647735,3.42032668017891,0.000625459770152887,0.0144935501413326
"AvBD12",1.25844141554358,2.64778139277725,0.913603624448874,2.89817303907316,0.00375343439681979,0.0445784168540663
"B3GALT1",8.52992787262459,1.23492967138956,0.431788522157902,2.86003357666361,0.00423596156353241,0.0479913391273968
"B4GALT2",3.22562120955172,2.31793429589951,0.782833980589622,2.96095258173856,0.00306689153371433,0.0403106301661055
"BAMBI",5.57222270115745,2.0308836306848,0.494314254189981,4.10848688555978,3.98259815099563e-05,0.00216439487840295
"BICD2",430.709656085136,2.05097778443507,0.392714847061321,5.22256237517502,1.76464087354173e-07,7.70210596273665e-05
"BMP3",5.29527631093489,1.47856622142076,0.490138839560976,3.01662733511413,0.00255603837982603,0.0359518510080868
"BNIP1",33.8469452413741,-1.03583214561883,0.275706156381665,-3.7570149292746,0.000171952241933493,0.00606479031082095
"BRF1",25.3493197567972,1.49381491183611,0.39465581393372,3.78510808429895,0.00015364178815686,0.00566204447278854
"BTBD1",40.4450227905799,1.09446849077988,0.339973315230951,3.21927763664739,0.00128513990361214,0.0231308621568953
"BTBD6",81.4738486167453,1.03255534152744,0.348816445367051,2.96016817796795,0.00307471145013298,0.0403106301661055
"C10orf88",26.573041071268,1.18454388809423,0.338508113401986,3.49930722838409,0.000466468764662102,0.0119325443883435
"C1QBP",24.1570249454483,2.13466922272756,0.438641720174254,4.86654398008366,1.13566660272605e-06,0.000244028545234995
"C2orf88",8.30071864255252,1.614835294232,0.531270604251152,3.03957207741274,0.00236914505125791,0.0344685926363742
"C3",157.021100213689,1.4451966215446,0.471486308470327,3.06519318924307,0.00217529436275861,0.0325292680563699
"CA10",16.4660441724232,1.30199231843356,0.437520312005016,2.97584428130193,0.00292183182239122,0.0391253736753247
"CACUL1",87.4837718697757,1.0455690424726,0.304249067693639,3.4365562741031,0.00058915994845652,0.0139148090265072
"CALN1",2.41292969408219,3.34660206952123,0.947208756577886,3.53311986009502,0.000410686232246974,0.0109439488665321
"CAMKMT",1.42016933297114,2.9335593857068,0.865616749638442,3.38898177158901,0.000701526738439143,0.0155774625688068
"CARMIL3",9.52506542984296,1.88049501017978,0.432084113302354,4.35215031584345,1.34808780599786e-05,0.00111572469303205
"CCDC85C",1.57389539637909,3.73936501147851,1.15569628496379,3.23559490510578,0.00121389524090915,0.0222792047697478
"CCN3",4.01371260866301,2.593691029678,0.794318129400122,3.26530508832373,0.00109346231609729,0.0209497780095074
"CCNL1",28.7987649364995,1.03801859805161,0.313876380378571,3.30709369338223,0.000942693561034449,0.0191653580305213
"CCNYL1",9.67448493468761,1.82059963799269,0.424018130330001,4.29368347192082,1.75732964470332e-05,0.00131254669238349
"CD164L2",360.071476236576,-1.12648625344618,0.307281441783075,-3.66597555293113,0.000246397464993741,0.00778445846485605
"CD180",2.54198995403321,3.8924900382276,1.10230254507858,3.5312356445209,0.00041362308166517,0.0109830296228468
"CD24",207.13118442946,1.03157818958549,0.340459038365709,3.02996270722414,0.00244583936998278,0.035108980966649
"CD69L",9.99733227391234,1.13250993684524,0.370898913841642,3.05341939429021,0.00226249494520502,0.0334083594329977
"CDCP1",3.20410128521568,2.56323548114246,0.885546564656038,2.89452365741836,0.00379734293939844,0.0449851474423902
"CDH19",6.08571623395375,1.72914939654656,0.49334768658507,3.50493058661255,0.000456726346261659,0.0117262810261702
"CDH2",38.2565533466569,1.3946924795094,0.39926201756791,3.49317595499095,0.000477311890680733,0.0120553619839743
"CDHR2",3.50794758329821,1.83161836284649,0.603253412969977,3.0362337343919,0.00239553584683423,0.0347079348264872
"CDK8",14.7920397175526,-1.00376338205514,0.343671174345358,-2.92070868022947,0.00349236221511924,0.0429819102309007
"CDKL2",10.8450998496434,1.09100568458818,0.371906151832243,2.93355105639744,0.0033510853368183,0.0420526584899742
"CDON",11.7540487869213,-1.38197542451239,0.475623028559922,-2.90561083364003,0.00366537011681768,0.0441710305622023
"CDS1",1.93943098102471,2.99976780497645,0.923527445446786,3.24816313772377,0.00116152653852128,0.0217758941792306
"CEBPA",22.5605646430153,1.56625739807055,0.379187715609744,4.13055943954292,3.61881510070343e-05,0.00203806413352923
"CEL",9.7721327840281,-3.00283992257334,0.81824996082469,-3.66983203952355,0.000242709889943083,0.00771575114239481
"CEND1",13.7483409029495,1.23268945435399,0.434430588005028,2.83748310636847,0.00454707530079096,0.0499677425068036
"CEP57L1",1.10347579737424,3.49017097800658,1.22242246964043,2.85512665603504,0.00430196690278286,0.0484170602185078
"CFI",6.19842146911677,1.90285369339482,0.430147363333204,4.42372511283028,9.70134442644707e-06,0.000885612271922786
"CHRNB2",4.07509998068328,2.31345960472986,0.70424192574022,3.2850353268846,0.00101969585632745,0.0199588941911975
"CLSTN3",7.1108888202483,1.39826117910122,0.472414288130421,2.95981983236544,0.00307819002096484,0.0403106301661055
"CMIP",134.965733926369,1.2611058565201,0.31323676045537,4.02604679823261,5.67224046994917e-05,0.00277007631621608
"CMTM7",30.7085609750023,1.16880644444457,0.397885687950948,2.93754331919741,0.00330823949812275,0.0419293839113253
"CNTN5",4.613038634539,2.45241615821333,0.56177876996658,4.36544826775712,1.26862324674817e-05,0.00108041834678852
"COLEC12",110.884880364574,1.31864934238302,0.317867248846848,4.14842783321272,3.34766341056349e-05,0.00195747161510252
"CORIN",8.62136229798695,1.81833013849881,0.477652101253241,3.80680862436899,0.000140771592171722,0.00529892880188529
"CORO6",60.4614543219583,1.71233343828231,0.324935125301462,5.26977019395386,1.36594664272439e-07,6.82833828970343e-05
"CP",11.2175734307577,1.14802774075711,0.402399131400751,2.85295780028357,0.00433143730755738,0.0485531178769294
"CSMD3",7.28870323498291,1.74038622670178,0.510771099433479,3.40737020679543,0.000655920959361423,0.0149693595415049
"CTCF",9.35069946562557,2.62906002231053,0.557053154823201,4.7195855539943,2.3632563741972e-06,0.000375086383845594
"CTDSPL2",32.4654886273515,1.47519332968508,0.388708706258643,3.79511265359594,0.000147576431918018,0.00548191495903979
"CXCR1",17.4977339587163,2.30343365305632,0.497455208580309,4.6304342849884,3.64899581264085e-06,0.00046332295013777
"CYP27A1",4.85846885110339,1.6203938476287,0.429338828105187,3.77416096927461,0.000160547077156758,0.00577896540420329
"CYP4F11",36.8344863498088,1.11394331929352,0.373616047317149,2.98151893445823,0.00286822309537517,0.0387275265989187
"DACH1",12.5897872744549,1.58453991822976,0.35472764269002,4.46691976473458,7.93538744242618e-06,0.000775059835023542
"DAZL",1.90184430745661,3.17785220512875,1.05955787077152,2.99922476420735,0.0027066755142987,0.0372821863000098
"DENND11",0.919062248031696,3.12623649711655,1.0691317465673,2.92408910983523,0.00345465834784243,0.0427758981775845
"DENND1B",8.61719113649478,1.79359784236344,0.531080482297329,3.37726183158672,0.000732113240720411,0.0160022310377809
"DGKI",1.78120881982473,4.07752657070651,1.27979333491347,3.18608204892879,0.00144213691702252,0.0250838434869907
"DHH",21.0347246779044,1.59313311595548,0.39717093325791,4.0112026902053,6.04102177477718e-05,0.00288955312083263
"DHRS7",1023.3865645506,1.66832518136563,0.416500857357576,4.00557442294371,6.18669504153968e-05,0.00294913206980152
"DIO2",60.0016161990883,1.28136642611519,0.417581189856002,3.06854441062601,0.00215104353834993,0.0324095200648689
"DKK3",292.624228926687,1.25495999419815,0.314380010405212,3.9918568377824,6.55579477480073e-05,0.00305315221143669
"DLAT",42.8272574671857,2.27227580316326,0.642149288672214,3.53854756712678,0.000402334785499891,0.0107858156412226
"DLK1",18.5572200783224,1.08884191687237,0.376897285894615,2.88896194698738,0.00386515844672957,0.0453652672482958
"DNAJB13",8.58839921353309,2.04079258947187,0.692534926383011,2.94684428427397,0.00321034821501123,0.0413493205275842
"DNAJC5",2.98597176394719,2.6656160386157,0.769242722211839,3.46524700415901,0.000529744691360108,0.0129126424157533
"DNER",16.2578017394201,1.9153268635211,0.402314371034873,4.7607716786112,1.92854130475138e-06,0.000328487029310518
"DPYS",57.1966079516019,1.1318780970587,0.345107444553414,3.27978464365903,0.0010388635397321,0.0202086449295798
"DPYSL2",46.628647888267,1.83789633694812,0.361284530525288,5.08711605857001,3.63549377030072e-07,0.000130197285871257
"DSP",47.4878803181326,1.50268384017271,0.455564791061673,3.29850741245997,0.00097200313751848,0.0195402621348646
"EFCAB14",8.53922869835763,1.33154097289985,0.407002188582913,3.27158184956195,0.00106947626187581,0.0206032757925785
"EFNB1",49.5379578733466,1.16889139928607,0.371283851694665,3.1482419554496,0.00164255673667698,0.0271177186065808
"EIF3F",32.5664864981846,1.53042032955419,0.47209587191445,3.24175749164678,0.00118795063391345,0.0220054462916036
"EMB",18.318129743816,1.51041868452263,0.371903831372713,4.06131520330838,4.87970357313656e-05,0.00248740218270067
"ENO1",50.6805861250404,-1.04805888891284,0.265665208811051,-3.94503628684872,7.97878951778105e-05,0.00354903672595057
"EREG",1.30370142198494,3.13531849715948,1.01887406099216,3.0772385098374,0.00208928056199534,0.0316308727392467
"ETV3",27.6753298859832,1.64587253416631,0.346344325568829,4.75212790468895,2.01286968747034e-06,0.000338719890661425
"EVA1A",11.0274045073665,1.16091105138097,0.394714105799242,2.94114406940255,0.00327002405932513,0.0417249661466152
"EVI5L",34.6154763939005,1.23970745583896,0.37333643279023,3.32061740284405,0.000898185732600049,0.0185576333242972
"EVL",17.5737084838337,1.49319531038459,0.384947827985938,3.87895502150784,0.000104906147974447,0.00434098482782419
"EXFABP",20.9205188414132,-1.72059777738067,0.529489332705695,-3.24954190972724,0.00115591044357383,0.0217680187452692
"EXT1",48.1197719828809,1.05789624372098,0.350496805902767,3.01827641765859,0.00254216910386473,0.03586512714513
"EXTL1",51.892820837754,1.13866150108856,0.297307311607596,3.82991422219523,0.000128187935068747,0.00499368974889656
"F13A1",4.05566976064608,2.14161230433969,0.559426788379878,3.82822622874725,0.000129070093746091,0.00499368974889656
"FAM110C",5.49761674563594,1.61115486915877,0.456529788205993,3.52913415680948,0.000416921716996483,0.0109929249042206
"FAM181B",77.0244953413246,-1.00380907575995,0.226259811641447,-4.4365328004015,9.14194105726882e-06,0.000851236604979157
"FAM189A1",3.49510348174132,3.2667010072984,1.0139862628662,3.22164227162655,0.00127458164227361,0.0229704281259813
"FAM19A2",6.42951631266968,2.19314633722127,0.60195197655032,3.64339087278988,0.000269069758620311,0.00825955454648327
"FAM207A",9.51826412417219,1.80737131550283,0.409187898004337,4.41697157789274,1.00093385652679e-05,0.00090779501130582
"FAM208B",11.4794107761776,1.94382726273624,0.526011527792622,3.69540810425467,0.00021953387480201,0.00716408791906465
"FAM20A",14.3824540797638,1.19102922668866,0.369011078384397,3.2276245794658,0.00124822674807361,0.0226048429809389
"FAM227B",2.36183171382261,3.18457692127061,0.91291691747021,3.48835349671842,0.000486005075742787,0.0122306898971162
"FAM46A",51.3076974179461,1.54817082743836,0.378916292421097,4.08578585403724,4.39278804273352e-05,0.00235352146047427
"FAM46B",55.286166809523,1.4227594648801,0.407079493990209,3.49504086028544,0.000473989186246937,0.0119931285585344
"FASTK",3.42790462548133,1.79586504373754,0.562663308300138,3.19172232709296,0.00141427221068974,0.0248155024707331
"FBL",44.5236479878469,-1.17465195863189,0.335998878187022,-3.49599964431447,0.000472289329459018,0.0119931285585344
"FBXL12",49.5100537387816,1.07122874853672,0.351101561586757,3.05105093721443,0.00228041884196135,0.0334586570111771
"FCER1G",7.56015517543235,-1.07268325826589,0.358136957681619,-2.99517610583908,0.00274286431557746,0.0377434343799709
"FGB",673.78281679902,1.04870178664193,0.328005874591531,3.19720428162417,0.00138766614417849,0.0245335861211911
"FGFR1",4.04695240078607,2.06691574028741,0.682930861533541,3.02653732128329,0.00247372281084357,0.0353569516870204
"FGFR3",2.80097658170078,2.75609478711367,0.960819586149499,2.86848314381138,0.00412445175071113,0.0471795393957267
"FGFRL1",92.8580176682918,1.05330791836837,0.331913909472505,3.17343711217872,0.00150645533363515,0.0257334800378738
"FLOT2",280.420158953633,1.01806752185529,0.250235906561846,4.06843100913528,4.7330770550742e-05,0.00243040026574343
"FOLR3",8.50008200863927,1.33840028488976,0.441587244835664,3.03088529060173,0.0024383786502758,0.0350739800292503
"FOSL2",20.0030461088772,1.17642356908537,0.414355584688417,2.83916426508408,0.00452318655759152,0.0497866608315229
"FOXF2",3.37995625832554,2.57817789746217,0.719396007963946,3.58380901328463,0.000338619725187854,0.00955454889232071
"FOXN1",1.94003216570764,3.75273163146791,1.13875872853953,3.29545806097208,0.000982613690905497,0.0196170094873236
"FOXO1",28.5285453510457,1.92966717386544,0.564250329742294,3.41987779563507,0.000626492726356849,0.0144935501413326
"FPGS",23.0071844249095,1.22946410456742,0.421909837818453,2.91404464736956,0.00356778876709676,0.0434341662013096
"FRRS1L",11.3692096515988,1.04227461169052,0.317572130468623,3.28200906720781,0.00103070290742747,0.0200778626332489
"FZD1",25.8582436162279,1.58626111066922,0.406380854638135,3.9033854389664,9.48564593155348e-05,0.00402194839553346
"FZD4",23.2063591023293,1.98421995481325,0.386067330013459,5.13956970858962,2.75368322626493e-07,0.000109887696060692
"GAP43",28.5707009325035,1.77086174422638,0.41074750014047,4.31131472162525,1.62286725130778e-05,0.00124541686258329
"GATA4",8.51823332808697,1.73721501422742,0.411502287501651,4.22164120830179,2.42529943673087e-05,0.00160835554168345
"GATAD2B",63.6240481057015,1.3021217401504,0.311653474292207,4.17810756997859,2.93944634449147e-05,0.00177728342396157
"GCOG8",12.3884458695302,1.37070134547476,0.429768751697963,3.18939276077957,0.00142572026057861,0.0249536777938614
"GFRA4",5.62990475438705,1.93315977338895,0.538264465120271,3.59146831837952,0.000328820154216638,0.00943045399167102
"GLDC",2.04257014300914,2.74848938364138,0.834684518897016,3.29284816169029,0.000991780195113836,0.0196689821083243
"GLG1",3.86057552759005,2.0562037371239,0.718956911548153,2.85998187665546,0.00423665219045466,0.0479913391273968
"GLUD2",13.9835484675434,1.15902579580885,0.306495848540856,3.78153831879504,0.000155862224394793,0.00571372096619967
"GNA11",7.54561452034564,1.75520398763936,0.419395480182955,4.18508083795675,2.85064636235766e-05,0.00175396377722685
"GNMT",76.375001094386,1.2260583946303,0.245228831512848,4.9996502738548,5.7434394282835e-07,0.000163711466315991
"GOLGA3",23.7776160827929,1.37224688977553,0.272650065202328,5.03299674165569,4.82871336766502e-07,0.000149872532458172
"GPT2",87.886642941577,2.26754464019947,0.409593861288943,5.53608062646199,3.09315219023625e-08,2.13461178966408e-05
"GRIK1",2.05254571263572,4.10800375477696,0.868473804898616,4.73014123351311,2.24363695258589e-06,0.000360193992146749
"GRSF1",5.76169843347532,2.22828817828044,0.678151818211114,3.28582497081318,0.00101684173111453,0.0199588941911975
"GSG1L",1.37718684023072,3.79483630799842,1.01315971931566,3.74554597429283,0.000180001877936377,0.00629647125459077
"HDGFRP3",49.2271269559659,1.0841943286342,0.344103224593684,3.15078223958643,0.00162833844846782,0.0269786513757415
"HES1",47.9725929901951,1.94192242492663,0.360860906719588,5.38135993333196,7.39252128030775e-08,4.3021393634191e-05
"HHEX",2.89932217086215,2.1290187934879,0.617289149612077,3.44898139684755,0.000562705467410563,0.0135039643699714
"HHLA1",2.08774712222422,2.16478396773046,0.757326535406213,2.85845519273838,0.00425709226305824,0.0480669423105372
"HNF1A",3.9351146933691,1.69070521231197,0.525709644502501,3.21604374200126,0.00129971020098495,0.0233030197396107
"HRG",14.4137371111865,1.01654554172164,0.344909190174077,2.94728459165898,0.00320578016055298,0.0413436117289413
"HSD11B2",10.2603933481942,1.14249869114586,0.359177451394674,3.18087532140332,0.00146830806336787,0.0252559836466245
"HSPB7L",121.053706689634,1.76135302786201,0.364076719013375,4.83786228527648,1.31243020672592e-06,0.000261867324247727
"HYAL2",11.6475216070792,1.47556192094058,0.463557780475848,3.18312405289778,0.00145695178079453,0.0251847098048975
"HYOU1",82.9993588030894,1.03745544134738,0.278235749571461,3.72869209993781,0.000192476153805227,0.00655686448828685
"IER5L",43.9255395703126,1.50184913859406,0.374248430954518,4.01297377456895,5.99585769448758e-05,0.0028778056501343
"IFNGR2",11.2039923669663,1.63403973672651,0.45688749648698,3.57645973963106,0.000348278926162447,0.00970803288957411
"IFT140",14.2986357856872,1.25385375219791,0.433734375079368,2.89083324781088,0.00384221930370347,0.045286309717153
"IGFALS",15.5315840479437,2.00797084208218,0.531867707850854,3.77532008889183,0.000159802327833917,0.00577896540420329
"IGFBP1",9.96116759899982,1.6485128724735,0.537504513937926,3.06697493644468,0.00216236987543435,0.0324559419986166
"IGFBP5",379.180721867642,1.44540119599431,0.333155877203075,4.33851327531366,1.43449821307563e-05,0.00115812927988598
"IGSF3",36.8563790950069,1.05951380562746,0.370812124931367,2.8572792915646,0.00427289679234146,0.0481675137196394
"IL1RAPL1",4.1278004360144,2.12488503896656,0.640962113251038,3.31514920310794,0.000915942221764157,0.0188034572737172
"INTS13",119.107230187662,1.17438437037093,0.302794639723765,3.87848467675089,0.00010510914598383,0.00434098482782419
"IPO9",10.0279607382096,1.35247088640951,0.457658735057456,2.95519517668491,0.00312471304966898,0.0407116298178421
"IQSEC3",2.04859216333866,2.94926250701989,0.895885176876616,3.29200949311618,0.00099474253881954,0.0196792762601877
"J6367_mgp01",1039.7697657714,1.03575970591963,0.292939060041049,3.53575144869549,0.00040661706960444,0.0108797329715809
"J6367_mgp11",810.679282387285,1.58101130592281,0.318933097514867,4.95718794393584,7.1520784485211e-07,0.000184987184612026
"J6367_mgt03",12684.0211278622,1.12972841482855,0.229571660123947,4.92102733507525,8.60911040678656e-07,0.000213449250801017
"J6367_mgt04",403.165903572653,1.28725929129569,0.27003476702125,4.76701317202753,1.86977090147374e-06,0.00032240852075165
"J6367_mgt05",265.264127135719,1.1050055897682,0.324083254845613,3.40963494178249,0.000650498881861421,0.0148966681013787
"J6367_mgt08",18.4390645372947,1.19392342881111,0.317898786961056,3.75567154635721,0.000172877297612119,0.00608205847795582
"J6367_mgt12",102.530421891426,1.30139420470004,0.39713123812634,3.27698775558427,0.00104920919306699,0.0203765897811947
"J6367_mgt21",324.985595592633,1.66788098900987,0.347374792828501,4.80138750261394,1.57570020615714e-06,0.000289576378676273
"JADE2",171.362432635513,1.61167720877757,0.345598925176231,4.66343235285159,3.10978441552526e-06,0.000434343589316413
"JAKMIP1",5.15287332907795,2.32455952300962,0.585238729750508,3.97198511452001,7.12761747229296e-05,0.0032321893907635
"KALRN",44.0418549539432,1.16139152840967,0.276821892601847,4.19544681778511,2.72334183792417e-05,0.00170569127579762
"KAZALD1",9.71281821317727,-1.73687464108199,0.595592985367749,-2.91621070723249,0.00354311130181595,0.0432575485598456
"KCNQ3",2.0518186666884,2.75253240066408,0.907924833563041,3.03167431808436,0.0024320144957837,0.035054640312292
"KCTD1",3.30903626443838,2.44987845953779,0.718525522378001,3.40959142471346,0.000650602673576361,0.0148966681013787
"KIAA1191",16.4739540709248,-1.0190693077829,0.294284771128174,-3.46286796926726,0.000534450578380675,0.0130046537077402
"KIFC1",16.7980846241233,1.01855383187978,0.346998490319673,2.93532640715938,0.00333196987348037,0.0419958847170297
"KIRREL",5.14192155464312,2.07346452222089,0.532324679294549,3.89511251848909,9.81531552036187e-05,0.00410450634349983
"KLHL29",8.38515642739452,1.86587376145475,0.487518154951579,3.82729082497466,0.000129561403618028,0.00499885117219061
"KLHL32",1.80399774534779,1.95696615362323,0.686357740476292,2.85123345773766,0.00435499814531777,0.0487389896599787
"KLHL42",67.2441737438337,1.05108442413432,0.306433365475085,3.43005867688316,0.000603450738006092,0.0140943084577443
"KLHL5",8.62038595024013,1.36532154487133,0.419158037884806,3.25729539092496,0.00112479316000248,0.0214032507707828
"KMT2A",13.9964878112661,1.86749469122898,0.494835595971134,3.7739699941431,0.000160670094092445,0.00577896540420329
"LACTB",42.2199114330526,1.20281382153629,0.402059389782706,2.99163221181416,0.0027749035104358,0.0379971346375068
"LAMB3",7.96612300329756,2.28057695008608,0.501734340059162,4.54538740524948,5.48343038837226e-06,0.000598336501831214
"LCK",10.2183018978258,1.60624100247911,0.415847844034136,3.86256902740432,0.000112200847406259,0.00450318745897476
"LHFPL3",8.84176672772736,2.19636053010502,0.603945734364393,3.63668522705359,0.000276169072860692,0.00837594387825122
"LOC100857280",54.4928764118724,1.05502560322135,0.33418079152014,3.15705040502833,0.00159373794585666,0.0265946689244683
"LOC100857858",51.8883525190035,1.3210675467913,0.413980451161413,3.19113509607778,0.00141714998867487,0.0248347978567401
"LOC100857964",6.56926522202867,2.80802290989611,0.809918381228887,3.46704430344636,0.000526215150818231,0.0128576738189444
"LOC100858935",69.0330186734147,1.52914120551712,0.366366892250578,4.17379746331243,2.99564089454944e-05,0.0017957131491061
"LOC100859084",3.01005923232456,2.22641403365728,0.748132444079213,2.97596241317606,0.0029207065671807,0.0391253736753247
"LOC100859273",12.8122985843567,2.63088884037445,0.600379783124365,4.38204102523799,1.17572662645684e-05,0.00103932745517232
"LOC100859381",12.1769208636105,3.08327474750175,0.542765296660124,5.68067775606604,1.34162037217242e-08,1.33845798129516e-05
"LOC100859414",2.67231122177761,4.48589065766902,1.44824760392143,3.09746112855464,0.00195185992554712,0.0303581598887712
"LOC100859822",395.181057121932,1.82546508286237,0.376204298813304,4.85232382676276,1.22023164821957e-06,0.000256098584621584
"LOC101748060",2.05817186973273,4.07397744237971,1.09507317538134,3.7202787301963,0.000199003028114661,0.00669753082813849
"LOC101748373",1.7083478928534,3.31233396022253,0.957560004990806,3.45913983766932,0.000541903480259058,0.013142293817792
"LOC101748407",6.0694166166534,3.384229818448,0.712737081271787,4.74821628812868,2.05218508400181e-06,0.00034122463176492
"LOC101748762",2.43467120181334,2.99336558957373,0.807905040321681,3.70509582213012,0.000211310833355298,0.00694441978699634
"LOC101748916",26.7432133206694,2.18818286871385,0.454983478009262,4.80936775613928,1.51408424629516e-06,0.000287840770769304
"LOC101748943",1.7394835255452,3.58197883974674,1.22695590892239,2.91940306387432,0.0035070244707132,0.0431016222098415
"LOC101749460",1.82640969042519,2.93806557517449,0.882480526785118,3.3293262412009,0.000870563656622856,0.0182231828719231
"LOC101749492",2.26511718013203,2.16025610201073,0.681924509186571,3.16788159526276,0.0015355404527494,0.0260442995129231
"LOC101749503",2.36431496681915,4.0848420846764,1.35074570566717,3.02413849441689,0.00249342265972871,0.0355001368893281
"LOC101749511",4.63046349276535,3.18185605171954,0.81142698310069,3.92130914794178,8.80691872225203e-05,0.00382006937247497
"LOC101749895",1.72014426239497,2.87029490299385,0.948945016718781,3.02472203597067,0.00248861728410755,0.0354678751093164
"LOC101750037",5.88644001851687,1.70916549858837,0.398900230020443,4.28469419157963,1.82990715250962e-05,0.00134461436035807
"LOC101750545",5.65615367396233,2.53422493668558,0.867290886023344,2.92200111580254,0.00347790294542754,0.0428947432259155
"LOC101750820",2.24571767345208,2.49954553115145,0.702764806646872,3.55673122431617,0.000375497984235948,0.0103239770587076
"LOC101751026",1.86836980676772,3.66082500532754,1.2113517849289,3.02209898963612,0.00251028442917888,0.0356312425023795
"LOC101751046",1.26847695939482,2.80621889484098,0.842225989203362,3.3319072681375,0.000862529917194518,0.0181430050503853
"LOC101751691",13.3597367809364,2.08810034722597,0.532669634903925,3.92006641715664,8.85245684771356e-05,0.00382793389448964
"LOC101751709",85.1012782657184,2.02969244067729,0.441138393345629,4.60103330676785,4.20400191480988e-06,0.000510585171688258
"LOC101751989",2.21097451532907,4.74927865584607,1.47157384809918,3.22734646445415,0.00124944073754456,0.0226048429809389
"LOC101752260",123.32069405982,1.89752838517387,0.413685808665906,4.58688295664093,4.49912740004132e-06,0.000530722547111387
"LOC101752313",1.39576269272713,2.60325417777136,0.866437350470908,3.00454981119696,0.0026597420341325,0.0368903843006242
"LOC107049250",12.2044477086886,1.79674374144838,0.567884871726684,3.16392253237049,0.00155658221694969,0.0262569852948507
"LOC107049398",27.4447412463928,2.33521391303054,0.463415693109953,5.03913429724201,4.6764226778493e-07,0.000149872532458172
"LOC107049429",1.80070430964249,-3.74842377244797,1.11891467284627,-3.35005328235869,0.000807960168364876,0.0172666456794368
"LOC107049543",19.6739682133057,1.59613578932545,0.348190744165939,4.58408448837103,4.55979850027683e-06,0.000530722547111387
"LOC107049692",4.19719249880484,2.81218107125222,0.728955638921031,3.85782195939206,0.000114401930428151,0.00456529074939996
"LOC107049717",29.6713333995546,1.18639807363803,0.327923067179002,3.61791588449135,0.000296984877423813,0.00873260585890189
"LOC107049808",4.16122250978381,1.9560754882589,0.673864889944911,2.90277104126735,0.00369876941425977,0.0444607802662538
"LOC107049971",70.8431535968551,1.27312321071422,0.389437360752323,3.26913475444362,0.00107876912118275,0.0207251283570281
"LOC107050274",7.22688353829226,2.68728860112612,0.536839820344541,5.00575497436355,5.5643502500287e-07,0.000161910999879481
"LOC107050559",1082.68999479711,-1.23166963390704,0.254474484325602,-4.84005159562915,1.29805423571548e-06,0.000261867324247727
"LOC107050724",16.4873718840194,1.14223160799502,0.373426560952216,3.05878511984363,0.00222236491113406,0.0330556639951079
"LOC107051249",1.63909715855767,4.05610272471223,0.985214927632709,4.1169724604745,3.83881923273402e-05,0.00210261914602337
"LOC107051255",2.34961439240834,3.37129643775306,1.04082911044974,3.23904895040486,0.00119928988796378,0.0221567220439024
"LOC107051636",5.16037951024917,1.99384185190146,0.645183379234529,3.09034906365231,0.00199921387589524,0.0308631756035591
"LOC107051724",3.5994502429659,1.77151887689708,0.608408418181283,2.91172643894817,0.0035943727573332,0.0435405665134125
"LOC107051726",55.2995202204067,2.23294924501955,0.521276277947196,4.28361953053567,1.83877241231754e-05,0.00134461436035807
"LOC107051755",113.70376086004,1.81295487980161,0.437982991423308,4.13932713211094,3.48325957351483e-05,0.00198312452253674
"LOC107051909",5.66673440215215,3.17538006593983,0.729354436943808,4.35368581460274,1.33867526181544e-05,0.00111572469303205
"LOC107052132",540.305621466953,1.03285221153597,0.230142573615883,4.4878798186199,7.19354875540099e-06,0.000722822269544501
"LOC107052201",8.93979664354777,1.47713415672954,0.47244966374139,3.12654293164678,0.00176874677474646,0.0285596372287675
"LOC107052264",1.62245789822615,3.37044033420759,1.16959405173162,2.88171808775665,0.00395513422838263,0.0460728605236199
"LOC107052490",11.8047175683051,2.1503323067466,0.511653342786522,4.20271329614627,2.63734540576009e-05,0.00166791821140727
"LOC107052839",3.17093109025472,2.05418348959486,0.677936509278254,3.03005290536984,0.00244510903804131,0.035108980966649
"LOC107052874",1.70661434726533,3.52023093795625,1.19697393928392,2.94094200585704,0.00327215790069501,0.0417249661466152
"LOC107053537",9.76372272261738,2.43249643717198,0.578169098023042,4.20724048637245,2.58508000921838e-05,0.00166386232667065
"LOC107053818",2.19352979224054,2.00895117011131,0.700099039566914,2.86952424810362,0.00411089811108319,0.0471016521062337
"LOC107054107",2.76476221180566,3.92691181767037,1.07529880578368,3.65192614048186,0.000260280751869808,0.00807853613636802
"LOC107054112",2.50236844851572,3.82502104424872,1.33228658923062,2.87101970039165,0.0040915002522094,0.0469178850760335
"LOC107054261",7.84678695114288,1.27791907022521,0.449612665859819,2.84226661582448,0.00447940140481974,0.0495369825948281
"LOC107054340",1.60271276146669,3.04666171927403,1.02534348745656,2.97135716620339,0.00296486751583677,0.0394690439545951
"LOC107054358",4.56821733527086,1.66240239872055,0.565445836297072,2.93998521521903,0.00328227908228574,0.0417899653074612
"LOC107054419",5.07719648812509,2.80793107386644,0.680993958685221,4.12328338314138,3.73509710589732e-05,0.00207016274912968
"LOC107054431",6.75372028737052,1.5273930732289,0.511527388138184,2.98594583329777,0.00282702713457535,0.0384540908499293
"LOC107054435",3.12337202551381,2.58840108568797,0.862319201475185,3.00167395236004,0.0026849958573272,0.0370566572522619
"LOC107054553",3.07893760607261,4.28720899645193,1.37004377325368,3.12924964891477,0.00175253341518449,0.0284293080254143
"LOC107054592",4.85840262801067,2.38315501521512,0.742676514380301,3.20887353924697,0.00133256088491106,0.0237093985726787
"LOC107054644",2.17765621663886,4.17162972190469,0.977796817210058,4.26635641319387,1.9869127149564e-05,0.00141587805560184
"LOC107054976",12.3466284624403,1.57217239688597,0.447959291046853,3.50963229987238,0.000448726760663214,0.0115646286791643
"LOC107055145",20.0389533917552,2.63104465664851,0.603121606074639,4.36237838298054,1.28656106921854e-05,0.00108905445174396
"LOC107055210",8.64634039249569,2.71878667953607,0.534354772932445,5.08798052764804,3.61896518188911e-07,0.000130197285871257
"LOC107055331",11.283444077981,1.36718886534699,0.414991579297589,3.29449784899511,0.000985976992919108,0.0196170094873236
"LOC107055486",1.09454190623325,3.41319836782352,0.944280869044057,3.61460078215804,0.000300810785263996,0.00882391994162849
"LOC107055489",267.430543796615,1.33490274933596,0.353565533285317,3.77554547506963,0.000159657892356395,0.00577896540420329
"LOC107055605",2.6435710053571,3.01789171304203,0.927533940868001,3.2536725397001,0.0011392351884549,0.0215898207288325
"LOC107055944",3.44081098794105,3.71338988857832,0.943918288186552,3.9340162544286,8.35381302469725e-05,0.00366911026779706
"LOC107056669",3.61930707159097,2.82839939392307,0.902796535808984,3.13293115528913,0.00173070031109363,0.0282391252862671
"LOC107056693",44.7368786282989,1.20787127183198,0.285889236868933,4.22496238424581,2.38980692492649e-05,0.00160835554168345
"LOC107057283",1.6368360336526,3.56821573345597,1.06892993286066,3.33811938814994,0.000843474994499529,0.0178497200729923
"LOC107057416",1.51443477065642,3.89452275422403,1.31530576368774,2.96092578755597,0.00306715835211914,0.0403106301661055
"LOC112530184",14.4183182268817,2.49773206852782,0.468821893083637,5.32767796337154,9.94762943634677e-08,5.34379001297905e-05
"LOC112530392",153.665458800285,1.99328126659583,0.429935887214919,4.63622908873252,3.54822707225989e-06,0.00046332295013777
"LOC112530556",2.48429731465201,3.0700762755625,0.931877226370498,3.29450724696849,0.000985944023366905,0.0196170094873236
"LOC112530601",1.5669002993091,3.15445849891057,0.986540505838083,3.19749516643597,0.00138626734602792,0.0245335861211911
"LOC112530906",25.5848085642899,1.22321608137486,0.400918825715323,3.0510317872761,0.00228056429259258,0.0334586570111771
"LOC112530954",19.5414388007095,1.42207174375693,0.400928593831742,3.54694518085117,0.000389725676154844,0.010569670598848
"LOC112530995",9.24189800565854,1.0485797871175,0.337501208262607,3.1068919501515,0.00189065489029897,0.0297039109705351
"LOC112531056",36.8300357953276,1.20779462185524,0.2754130167266,4.38539411176128,1.1577596746784e-05,0.00102996365453715
"LOC112531122",2.15020845126794,1.95941052237412,0.648938405733852,3.0194090919281,0.00253268288577523,0.0357840647821255
"LOC112531211",106.631461719648,1.86661201277613,0.634063369479565,2.94388873829477,0.00324116495890848,0.0416078593576054
"LOC112531395",3.49431133186785,2.64541153601549,0.621290071124812,4.25793306373965,2.06325702628013e-05,0.00143370700925644
"LOC112531398",4.45523633094841,2.44363117081279,0.573669677922231,4.25964847865649,2.04748651561542e-05,0.00143358751713857
"LOC112531409",3.27500971779941,2.76642820112894,0.855173357704328,3.23493263232064,0.00121671434892086,0.0223016395162436
"LOC112531412",7.7642055859217,2.28734619435055,0.491234075661325,4.65632639851216,3.21901465692368e-06,0.00043913745014479
"LOC112531414",1.62051516973434,4.06319225258428,1.38444880850097,2.93488081873085,0.00333675823275326,0.0419958847170297
"LOC112531420",1.45071635260868,2.916660095416,0.980455380894549,2.97480145680356,0.00293178233521846,0.0391848840918624
"LOC112531435",10.5105673322437,3.43859320394237,0.666944943555022,5.15573772193789,2.52634306056869e-07,0.000103780686844009
"LOC112531437",5.14764270970058,2.62751274492293,0.590737187573713,4.44785396990954,8.67324589205807e-06,0.000818508279556588
"LOC112531447",149.714625094609,1.53761376688081,0.327538471858645,4.69445240479841,2.6732183934489e-06,0.000401471411841944
"LOC112531576",2.33668470082012,3.56103408288819,1.00283324791293,3.55097329521068,0.000383809358163791,0.0104700494247533
"LOC112531635",28.2194371575056,1.38322176937434,0.371352817470494,3.72481829758636,0.000195455954370449,0.00661000802588876
"LOC112531935",1.89388996000874,3.46975124245686,0.761199661298847,4.55826692898991,5.15774594160065e-06,0.00057630590053069
"LOC112532120",1.77370210824443,2.62030443043818,0.8391327028923,3.12263414523899,0.00179240402616565,0.0288084085540341
"LOC112532161",41.4983194827982,2.65460850838612,0.417818373649361,6.35349873486872,2.10471919894578e-10,5.87932261033513e-07
"LOC112532220",2.21867847777415,2.60107530689702,0.753163756916827,3.45353222723416,0.000553296188982104,0.0133398906849072
"LOC112532231",349.7703280517,1.49561976699708,0.275443999150602,5.4298506106838,5.64012442443437e-08,3.42502686243803e-05
"LOC112532597",94.3868427690921,1.24162316479571,0.390109474672449,3.18275572732045,0.00145880629503167,0.0251855964433959
"LOC112532657",1.4649186246157,2.54082406760953,0.853325201793849,2.97755657780673,0.00290556011888934,0.0390211136351225
"LOC112532769",2.38211556419668,3.71888710882306,1.20305301421358,3.09120800570376,0.00199343936017858,0.0308331866485208
"LOC112533108",1.66112362621372,2.47023726463013,0.782085690610769,3.15852507504772,0.00158569667383129,0.026523862806469
"LOC112533535",9.11380476834998,1.02439873176818,0.353190310395072,2.90041572947543,0.00372668029681929,0.0445005184825617
"LOC121106433",34.0586474273925,1.88057457594681,0.607784727276853,3.09414582425035,0.00197380445083211,0.0306366943262471
"LOC121106461",33.4636671372825,3.083157632476,0.516746858978002,5.9664758070784,2.42432664591472e-09,3.76228558483233e-06
"LOC121106488",13.5003294856129,3.04208519715436,0.534019490595532,5.69658083783022,1.22233948477607e-08,1.31326273722056e-05
"LOC121106629",12.4702729643426,2.15617739190101,0.492391022672126,4.37899411772333,1.1922834977201e-05,0.00104733481840608
"LOC121106699",3.1665647614063,3.89968911645815,0.910884223697839,4.28121271068557,1.85877578101394e-05,0.00134515654577315
"LOC121106850",7.83424430175024,-2.21774328172646,0.666752007970684,-3.32618913061296,0.00088042166965802,0.0183488902895077
"LOC121106852",12.9740875878207,-2.11632871877586,0.529991546645611,-3.99313674372808,6.52049394695879e-05,0.00305315221143669
"LOC121106946",2.40325000069625,3.0752390380338,0.933292686693999,3.29504246832493,0.000984068067180768,0.0196170094873236
"LOC121107015",1172.88255252289,1.08972990963386,0.246189422303154,4.42638802040804,9.58240902668123e-06,0.000880509913655637
"LOC121107044",14.0102287705077,1.08353769205454,0.307056362437481,3.52879088208166,0.000417462872585685,0.0109929249042206
"LOC121107069",4.11933743047078,2.56462850908131,0.733231422515749,3.49770676805142,0.000469276788045104,0.011960563683624
"LOC121107169",63.2957377088362,1.92830964505519,0.48174254286248,4.00278047605535,6.2602384431443e-05,0.0029740391270543
"LOC121107200",3.11998475044349,2.84767412734457,0.604124914667064,4.71371740878115,2.43237938606897e-06,0.000377828431280394
"LOC121107206",5.24468715432794,1.98188061499498,0.496330022914271,3.9930701821302,6.52232532553954e-05,0.00305315221143669
"LOC121107208",42.6578681516426,1.63061765593144,0.385485815524719,4.23003283197817,2.33657207284179e-05,0.00159194644592104
"LOC121107211",11.9956850996451,1.64309007318897,0.443200622451567,3.70732799087738,0.000209457590743848,0.00689975040075311
"LOC121107216",2.88323702416721,2.3884926793491,0.618589550327266,3.86119144444884,0.000112835445140782,0.00451568098074872
"LOC121107240",1.33076484387657,3.74966514186223,1.03134765342338,3.63569464614174,0.000277232569366651,0.00838118462412126
"LOC121107243",10.5297099940793,2.34082816561084,0.494261402915552,4.73601246587889,2.17964186862828e-06,0.000353989046268967
"LOC121107246",19.7434775892772,1.30820826643302,0.420017129730633,3.11465455533207,0.00184160447789756,0.0291775445645728
"LOC121107248",6.46701741416758,1.9137878152463,0.453287537098246,4.22201728178444,2.42125540397014e-05,0.00160835554168345
"LOC121107249",1.41883694200582,2.79528257955277,0.97570719207441,2.86487852324819,0.00417169240519115,0.047564104345555
"LOC121107263",3.60299621670933,3.12156833625338,0.870787334595976,3.58476543265494,0.000337381290616933,0.00953887547782733
"LOC121107381",2.48217689901813,2.35019109077905,0.815969134492098,2.88024508701783,0.0039736614070645,0.046134770467556
"LOC121107428",1047.33363953815,1.91149057826947,0.395910217142481,4.82809105575963,1.37848064735396e-06,0.000268943435862388
"LOC121107472",2.16802957106789,3.46045537844827,0.835558846265268,4.14148613699157,3.45062732198588e-05,0.00198312452253674
"LOC121107484",74.7489220135518,1.0977178022102,0.373898944692327,2.93586761287462,0.00332616241350204,0.0419958847170297
"LOC121107554",3.00442028943371,2.09664897698824,0.677997298379022,3.09241494324678,0.00198535119791203,0.0307421288040325
"LOC121107590",3.44658568402262,2.74943638537566,0.67335639572026,4.08318151108479,4.44232977972051e-05,0.00235352146047427
"LOC121107612",13.4758463745874,2.54012343236172,0.682336957549585,3.72268188650346,0.000197117812541256,0.00665010745836648
"LOC121107689",3.43882717086516,2.09145034214997,0.730354591314698,2.86360949464997,0.00418844024465686,0.0476992325817783
"LOC121107762",4.22547416338681,2.68139065775361,0.621105728332926,4.31712434040913,1.58075120755046e-05,0.00122657511754763
"LOC121107779",20.2452695090633,1.02226596838364,0.338766138689726,3.01761555135806,0.00254771890093458,0.0358709575497513
"LOC121107785",5.81313654489438,1.7849962592524,0.560596451229438,3.18410196022066,0.00145203856818442,0.0251847098048975
"LOC121107827",6.24378643857476,2.5042462965527,0.642024630498492,3.90054552051736,9.59761771732365e-05,0.00404180551297469
"LOC121107837",5.83661937549781,1.8914536350931,0.53230004361911,3.55335991001071,0.00038034371283457,0.0104366613696669
"LOC121107841",1.08350470150156,3.38901451217012,0.96887771200317,3.49787642979555,0.000468978369319562,0.011960563683624
"LOC121107864",12.5277940082285,1.8348199070447,0.431670567413464,4.25050963756643,2.13284657687886e-05,0.00146746148469296
"LOC121107869",5.39843478282735,2.76463486316986,0.662045274273148,4.17590000352335,2.96810191599634e-05,0.00178687411468624
"LOC121107888",12.1161273481721,2.05268782701743,0.453256512784782,4.52875528341741,5.93321670388403e-06,0.000632589600787391
"LOC121107891",28.3371662295499,2.46155901945397,0.349761634598704,7.03781883418467,1.95272343025855e-12,2.72736881504211e-08
"LOC121107898",5.54529333814901,2.69787765044821,0.651479342325639,4.14115609685699,3.45559684010205e-05,0.00198312452253674
"LOC121107899",0.903809930556357,3.18500182035103,0.955501554361423,3.33332981596207,0.000858131515992923,0.0181051927858422
"LOC121108083",3.14124015448594,2.895648300788,0.982684508129508,2.94667136485109,0.0032121438227557,0.0413493205275842
"LOC121108108",19.0561719259307,2.32356238628291,0.410984181656484,5.65365405772486,1.57072195492178e-08,1.46255156962617e-05
"LOC121108129",93.4570642086506,-1.08541074752242,0.184280432149809,-5.88999458520939,3.8620827304178e-09,5.39417094957454e-06
"LOC121108132",87.5260745324035,-1.05876812590088,0.243886223114166,-4.34123794440517,1.41682188299738e-05,0.00115050879301305
"LOC121108133",13.6038774488312,-3.55614147579679,0.728003795812802,-4.88478425009642,1.03542168472783e-06,0.000235775805499485
"LOC121108137",4.85270147620386,-2.23512938461562,0.571173582139063,-3.91322262532695,9.10724995807017e-05,0.00388993761970539
"LOC121108140",6.00864866657192,-2.4038693688806,0.631570969258806,-3.80617458035114,0.000141132778284623,0.00529892880188529
"LOC121108177",16.9506907941153,1.38311310890955,0.473262650258104,2.92250636756405,0.00347226521203004,0.0428914942816242
"LOC121108213",4.27533291664828,3.85269059907323,0.773901505969576,4.97826993403562,6.41551420228612e-07,0.000175697033065353
"LOC121108308",2.05171889548243,2.69231259963408,0.889982729053058,3.02512904098566,0.00248527067725011,0.0354563590900432
"LOC121108314",1.69098390581465,2.63231848833381,0.906834666901517,2.90275458626647,0.00369896374807667,0.0444607802662538
"LOC121108333",2.11740477559498,3.3702438587615,0.979067033023478,3.44230144115237,0.000576787125440688,0.013794496200394
"LOC121108393",2.0031657519438,2.787251540747,0.86265399092062,3.23101912247859,0.00123349687239269,0.0224326182509228
"LOC121108398",1.71168620663355,3.26238605165317,0.812737637648418,4.01407034758793,5.96805466243611e-05,0.00287433860242225
"LOC121108405",9.15573439176804,1.93503623975564,0.579090958543665,3.34150656508607,0.000833250459404925,0.0176601049567657
"LOC121108410",4.8908850127603,2.38472210376157,0.570713570754389,4.17849202465847,2.93448284888991e-05,0.00177728342396157
"LOC121108421",7.38206818600458,2.06153316651843,0.559356951322978,3.68554133749933,0.000228217034643472,0.00737848917329946
"LOC121108425",5.2471520639509,2.23572893615358,0.580688323989874,3.85013585393283,0.000118052325980256,0.00467092588375703
"LOC121108429",7.05972308841576,1.98835114685948,0.448168591165539,4.43661422521474,9.13848526506919e-06,0.000851236604979157
"LOC121108439",1.19943207908639,3.01594734307274,1.04326234031668,2.89088106272221,0.00384163479368303,0.045286309717153
"LOC121108653",0.889493061159607,3.13015201750531,1.09888483114767,2.84848050385425,0.00439285447680776,0.0490246367853699
"LOC121108689",22.5329005677609,1.88342021957694,0.416685356678809,4.52000577747379,6.18379437874151e-06,0.000644545194685692
"LOC121108691",2.42003286212483,3.8018975029558,1.01756134756163,3.73628333276045,0.000186760225568918,0.00644069153215081
"LOC121108693",5.41296385042296,3.17671277288376,0.885494456755483,3.58750159151021,0.000333861695701916,0.00949554810560957
"LOC121108703",5.16583572741518,3.16468099475942,0.662149887473789,4.77940275249943,1.75816686315334e-06,0.00031083945035016
"LOC121108744",2.53932298353387,3.01308541413073,0.845798843683652,3.5624137306786,0.000367460678548155,0.0101630164302615
"LOC121108782",2.137307708593,2.12264988709344,0.59759491471658,3.55198786806969,0.000382332488200012,0.010450171942641
"LOC121108808",7.67832449941512,1.51484560327511,0.522398435737995,2.89978970004969,0.0037341309988947,0.0445005184825617
"LOC121108898",9.19522980231539,1.45092426014014,0.344505523147788,4.21161392967773,2.53552618842932e-05,0.00163952288304594
"LOC121108906",4.18614913356335,2.83945796451082,0.839392793558785,3.38275237326297,0.000717633073566115,0.0158569380051908
"LOC121108925",3.19360200697026,3.18858337587194,0.932275020393766,3.42021753894593,0.000625710775950975,0.0144935501413326
"LOC121108941",54.0549058267572,-3.5879163513334,0.746250263875677,-4.8079264088959,1.52503880840041e-06,0.000287840770769304
"LOC121108950",5.95273750365636,2.43816202041921,0.498016570947956,4.89574476563753,9.7934109588654e-07,0.000231838255699107
"LOC121108964",4.56772206680235,3.74791545444845,0.627512953062594,5.97265034316287,2.33429856773809e-09,3.76228558483233e-06
"LOC121109116",1.87616591990158,2.16422565261192,0.74626388929881,2.90008090120162,0.00373066357969151,0.0445005184825617
"LOC121109211",3.99436110961957,2.60414019481253,0.786226564918392,3.31220072051728,0.000925651066779357,0.0189290899702888
"LOC121109367",2.0888617857163,2.92725192855801,0.973793327893364,3.00602997033325,0.00264682908518509,0.0368209779210958
"LOC121109525",595.808863156523,2.16997923672591,0.336773945284188,6.44342968662483,1.16803396099628e-10,5.04528902702188e-07
"LOC121109571",27.1283500244433,1.14174666717016,0.287521309660992,3.97099842274772,7.157205319262e-05,0.00323510312925995
"LOC121109711",1.02032433878275,3.03652372370461,1.05477153113848,2.87884497643494,0.00399134480002515,0.0462631641675944
"LOC121109796",2.92561827892145,4.19295331444095,1.07382635917291,3.90468466211845,9.4348326998877e-05,0.00401757037558938
"LOC121109807",1.13300515687952,2.87759063762866,1.01343794191107,2.83943448199925,0.00451935748271069,0.0497866608315229
"LOC121109810",9.3916337738311,2.27402981331498,0.475763076397163,4.77975262505794,1.7551101152753e-06,0.00031083945035016
"LOC121109817",4.65815072967423,2.10753293794275,0.53820856880351,3.91582940165372,9.00939410128443e-05,0.00387182176654276
"LOC121109819",77.4412787053074,2.49334391813005,0.513987348521598,4.85098305493658,1.22851042955868e-06,0.000256098584621584
"LOC121109878",1.72337981446253,4.08257626484859,0.932799996447315,4.37668983747598,1.20495247550821e-05,0.00105184820158894
"LOC121110306",1.95287547698871,3.09495313494105,0.8496505747928,3.6426187738363,0.00026987838330129,0.00826620916572176
"LOC121110492",14.8098447770537,1.19720675693567,0.381883035369743,3.13500901074729,0.00171848832904603,0.0282046139738965
"LOC121110585",1.15900309510488,3.75609822554194,0.912045134535765,4.11832494172978,3.81636316651565e-05,0.00209854899002851
"LOC121110676",1.21352458333969,3.01534699049216,1.00986553756706,2.98588958462394,0.00282754716853135,0.0384540908499293
"LOC121110891",2.72061572501707,3.27422373882225,1.03647256690028,3.15900665717982,0.00158307874200222,0.026511823488663
"LOC121110902",279.149656136895,2.02788655854415,0.364199022696073,5.56807248831208,2.57572676170347e-08,1.99862087115069e-05
"LOC121111123",18.0641907036848,1.4631116713044,0.508681449655855,2.87628273508747,0.00402389102701513,0.0464860926173038
"LOC121111418",1.38027064817237,4.03432730787411,1.18514416732089,3.40408147727208,0.00066386947957235,0.0150401606014926
"LOC121111567",1.55515763726941,2.69684096164655,0.855549993020847,3.15217226771789,0.00162060631988882,0.0268824328620988
"LOC121111622",18.8619783603229,2.62968165768693,0.475563900953768,5.52960738275754,3.20948289417524e-08,2.13461178966408e-05
"LOC121111639",7.24219020526252,1.80296283046805,0.60900896802356,2.96048650370334,0.00307153579204926,0.0403106301661055
"LOC121111665",2.42083702878934,3.08641620612465,0.884958197290218,3.48764067678609,0.000487302493416822,0.0122412840387639
"LOC121111986",4.56580140973414,1.6522921427883,0.566349094494996,2.91744466239788,0.00352912264011067,0.0431947817321686
"LOC121112883",1.12422115152648,3.19089305487811,1.07039191830008,2.98105114614996,0.00287260811602204,0.0387275265989187
"LOC121112888",2.0793747401981,3.32728821818283,0.837606065626558,3.9723783706054,7.11585721234048e-05,0.0032321893907635
"LOC121113059",1.56439120332202,2.87147350425794,0.892618946001333,3.21690853316668,0.00129579902685747,0.0232926962781445
"LOC121113102",4.68996709726928,2.62867746199225,0.586400485504515,4.48273411596965,7.36927246528856e-06,0.000735190203733466
"LOC121113122",10.0254573840999,3.68230816761476,0.589381782479279,6.24774683758438,4.16415888194551e-10,9.69346785068883e-07
"LOC121113123",4.85235938322666,3.30902510283507,0.711583882514618,4.65022491957172,3.3157322434533e-06,0.000445296463887617
"LOC121113148",3.53992304297694,2.38946879532729,0.809517667563475,2.95171914223839,0.00316010220176519,0.0409056046821635
"LOC121113271",1.81778571840097,4.19011698993925,1.23725625062847,3.38662018301451,0.000707592761115249,0.0156623583114052
"LOC121113337",17.1753581490475,2.72583447598959,0.581470337657391,4.68783065869077,2.76116344859916e-06,0.000402045231525394
"LOC121113356",30.5282277650805,2.12959495347691,0.464537520798331,4.58433357507289,4.55436665562641e-06,0.000530722547111387
"LOC121113381",10.5957085282507,1.43379793511478,0.3927027072057,3.65110275230098,0.000261116738945975,0.0080861165707581
"LOC121113428",3.10257903182892,2.34130915325616,0.634374154393058,3.69073856026846,0.000223603868738579,0.00726296566202729
"LOC121113473",12.6784867092389,2.51085194019702,0.496597988215479,5.05610574303724,4.27904133228482e-07,0.000145769195824444
"LOC124416957",2.47178300044304,3.64417992837802,1.00363571503253,3.63097872444677,0.000282348461895917,0.00842641232329117
"LOC124417069",20.1766274727075,1.57145047005663,0.429007420155454,3.66299135219434,0.00024928695784318,0.00781883389260933
"LOC124417073",2.13527094295883,2.79995382633917,0.983269618401935,2.84759518034312,0.0044050919428395,0.0490246367853699
"LOC124417104",2.65595776284662,2.87597457185427,0.866621435341625,3.31860539627727,0.000904681743042702,0.0186367107744505
"LOC124417235",5.65786618363636,3.1260541930913,0.771192478601133,4.05353304114383,5.04498705798947e-05,0.0025438026801061
"LOC124417245",11.5577322358344,2.10073470379588,0.459366713894409,4.57311041539408,4.80536739885179e-06,0.000550135790653794
"LOC124417307",19.9423083460742,1.88123781761526,0.433754523907659,4.33710247138715,1.44373326946235e-05,0.00115888635486096
"LOC124417308",5.3385236572893,2.33207057436702,0.584218250263741,3.99177973867509,6.55792699528178e-05,0.00305315221143669
"LOC124417311",13.294536919844,1.05943137997316,0.307942933725228,3.44034970102113,0.000580963009780663,0.0138233566569106
"LOC124417374",4.54542370568329,2.82989980728083,0.695943380678577,4.06627878911866,4.77697857973435e-05,0.00244395823528021
"LOC124417476",2.27703325431246,-2.15499327655114,0.752887903696886,-2.86230296166206,0.00420574674737879,0.0477574510736908
"LOC124417492",3.49631440862512,1.93667630324704,0.649591201941902,2.98137705291805,0.00286955243868706,0.0387275265989187
"LOC124417529",3.31304570737233,2.05251791908325,0.644736705975712,3.18349785278175,0.00145507192517851,0.0251847098048975
"LOC124417533",8.54392656133411,2.80780631609783,0.48525083127981,5.78629882754134,7.19541652289364e-09,8.37486521460462e-06
"LOC124417534",10.3796124573834,1.35947025389902,0.427368704594831,3.18102434568267,0.00146755296180969,0.0252559836466245
"LOC124417680",1.62186751558384,3.98955900835853,0.985877458751405,4.04670882059848,5.19427879417774e-05,0.00260965798267196
"LOC124417741",2.07819795649629,3.83377544246695,1.31763529537641,2.90958769541138,0.00361905839474818,0.0437134760532499
"LOC124417784",1.76705347536427,3.3623238739901,0.9108118611243,3.69156794888427,0.000222875835331707,0.0072561929885267
"LOC124418006",231.876971400467,1.70317372983311,0.423843156559397,4.01840563773365,5.8593265164805e-05,0.00284156991165567
"LOC124418171",32.1145831236002,1.68052612456853,0.421849327058587,3.98371175861834,6.78471588858813e-05,0.00312221134508697
"LOC417447",20.7020565441895,1.46983221704406,0.466717556360084,3.14929703632158,0.00163663750242847,0.0270739175067978
"LOC693258",2.23444038829008,2.03285884457091,0.708862772470982,2.86777486915371,0.00413369560336393,0.0472465846908216
"LOC768817",16.9462381360898,-2.18711277079394,0.727555648126396,-3.00611063418476,0.00264612702078651,0.0368209779210958
"LOC769729",53.3453176124941,1.95657049052355,0.428871162910107,4.5621404741863,5.06347501447376e-06,0.000570335125218992
"LOC771012",47.8980753804758,1.16628999764799,0.338467235355193,3.44579881247313,0.000569374086571905,0.0136405623793307
"LOC775999",2.22849647692045,4.19678275534028,1.22309750091752,3.43127408255844,0.000600753288781296,0.0140548093541178
"LOC776719",5.73257883959444,1.57659409536928,0.514765167070683,3.06274432736199,0.00219317354664203,0.0327265544080654
"LOC777499",3.59161390155825,2.12509326268216,0.703843823928887,3.01926818199497,0.00253386124933931,0.0357840647821255
"LOXL1",36.7743444337844,2.64735413573139,0.564658824235086,4.68841364396921,2.75331055947656e-06,0.000402045231525394
"LRP4",1.77129847212028,2.36334537091358,0.766791216256385,3.08212368739937,0.00205529417161138,0.0312962437071507
"LRRC23",10.8776693081115,1.08985593644359,0.384047988267894,2.83781186137435,0.00454239482453833,0.049955613003407
"LRRC46",3.32322661137406,2.13389884598301,0.734278704973648,2.9061156636152,0.00365946151156156,0.0441379092676859
"LSMEM2",9.33493352661483,1.16858561950277,0.402812322622675,2.90106720642064,0.00371894108186609,0.0445005184825617
"LURAP1",3.01057158881031,1.92439284448275,0.548321898906271,3.50960420935459,0.000448774163679174,0.0115646286791643
"MAF",39.0274412271914,1.40532489911852,0.475150862391314,2.95763937383145,0.00310004568740727,0.0405415150899038
"MAIP1",5.9543814105636,3.04396202545774,0.578178590714631,5.26474358328521,1.40385155905161e-07,6.82833828970343e-05
"MAL2",14.5622346268289,2.03013266550654,0.521369094216599,3.89384926729688,9.86659717355821e-05,0.00411363470815187
"MAOB",11.0922291469113,1.34480750729241,0.347196749586625,3.87332977308557,0.000107358401936616,0.00438442923932374
"MAP3K7",10.7646744781849,1.05474488311556,0.338655531072542,3.11450658955759,0.00184252841024939,0.0291775445645728
"MAPKAPK5",2.97895560104373,3.8967436718431,0.871691435112927,4.47032460670935,7.81009697546747e-06,0.000768194538425029
"MAST2",6.36532602777639,1.19218276144423,0.396718657892774,3.00510887936723,0.0026548579564047,0.0368903843006242
"MAU2",14.3851069676633,2.5694614710203,0.527717642888608,4.86900808727115,1.12159818037654e-06,0.000244028545234995
"MCAT",91.6971706317716,1.02436044171861,0.285752150915026,3.58478646070883,0.000337354109783315,0.00953887547782733
"MCOLN3",3.25710734397317,1.52603011444219,0.509982603591292,2.99231798044854,0.00276867715214165,0.0379617588519675
"MCRS1",401.68321161336,-1.04871564713484,0.226238132547158,-4.63545042264808,3.56161082690216e-06,0.00046332295013777
"MCU",39.7555222295536,1.88360779842882,0.423434341119909,4.44840584598549,8.65099553965698e-06,0.000818508279556588
"MDGA2",2.74512941117862,2.99011002503188,0.892782591544052,3.34920287800475,0.000810444284122876,0.0172666456794368
"MECOM",12.0624757435476,1.59678956057264,0.324634839713301,4.91872518052231,8.71096677572704e-07,0.000213449250801017
"MEGF11",3.55345616611979,3.2840036298084,0.79700151996543,4.1204483900493,3.78135766644219e-05,0.00208751867696435
"MEIS1",135.865641197592,1.19506945616651,0.296742865031861,4.02728960656964,5.64235177564058e-05,0.00277004250778304
"MFSD2A",45.9572973609804,1.00260166439322,0.351482457486934,2.8524941801128,0.00433776067281069,0.0485850066697249
"MFSD4B",10.1608783652465,1.96212470081618,0.466775653419812,4.20357121550954,2.62736436822884e-05,0.00166791821140727
"MIOX",47.523897583412,1.08263045399273,0.361717690643772,2.99302600341692,0.00276226212953389,0.0379356097966567
"MIR12250",20.8360307011011,1.34288583911517,0.368958303013595,3.63966829895596,0.000272989467803681,0.0083375815193045
"MIR6690",15.3684661810109,1.6812434026404,0.366602332780141,4.58601392383577,4.51788484586818e-06,0.000530722547111387
"MIR7479-2",2.55834912334008,3.92570129566443,0.997203858742887,3.93670888980847,8.26067154623973e-05,0.00363964667149307
"MMP15",23.1093124765419,2.11597475850733,0.424617598521623,4.9832479055848,6.2525758927505e-07,0.000174659454988093
"MMP24",1.95715895123468,2.55711772289873,0.762983207896865,3.35147313392038,0.000803828381042523,0.0172458847895867
"MOXD1",3.46366727645502,2.90819906266523,0.863795740877477,3.36676707818791,0.000760548964418812,0.0164947009099962
"MPHOSPH6",41.4223383012241,1.35287088620469,0.312221763491748,4.33304479186457,1.47061174732728e-05,0.0011670474019841
"MRPL12",14.1361015171732,2.8828146140779,0.449661259800417,6.41108067739133,1.44491702642568e-10,5.04528902702188e-07
"MRPL3",42.9261807508578,1.43833678142931,0.466131968227873,3.08568577027132,0.00203083317955912,0.0310675213788633
"MRPL32",92.6722167799594,-1.10954971703782,0.251414682751871,-4.41322561154025,1.01841769163577e-05,0.000917692896714631
"MRPL49",13.0351109384465,1.3137378499397,0.360557478836481,3.64362945453005,0.000268820349955119,0.00825955454648327
"MTO1",6.61789330351934,2.11605695682507,0.565992358314865,3.73866700802327,0.000184998576754909,0.00641160079785563
"MTSS1L",12.6317264741927,1.20529197432634,0.337432341363574,3.57195154873337,0.000354330974880922,0.0098193268376227
"MUC5L",2.66383261048878,3.28860338002005,0.791225834909473,4.15633973882604,3.23386829637584e-05,0.00190579909263634
"MYH1A",854.440455169791,1.88857598747499,0.38250002087352,4.93745329258291,7.91493545745497e-07,0.000200996188244134
"MYO10",23.6221656727507,1.17885284362406,0.29745069835539,3.96318734547256,7.39556993318113e-05,0.00332134807899488
"NAA15",6.7115485286328,3.41169778947014,0.685949545607033,4.97368620085745,6.56916154679206e-07,0.000176388128279728
"NAAA",22.6981657817707,1.24029455223989,0.411721684740451,3.01245865400987,0.0025914073452643,0.0362667198309685
"NAT8L",3.20675913399356,3.32100267145221,0.727697954721214,4.56371032776162,5.02574109223467e-06,0.000570335125218992
"NCKAP1",2.12022686496328,3.27496399206989,1.0568296222347,3.09885711297994,0.0019426868786104,0.0302491723896895
"NDUFAB1",192.94475184198,2.1541190052602,0.571762295036893,3.76750797308383,0.00016488527626311,0.0058748792182828
"NDUFAF5",5.80018831544984,1.8255927179661,0.433061689872736,4.21554887134577,2.49171422709438e-05,0.00162625105653398
"NDUFS3",554.184746770622,1.41279383973111,0.257054700794509,5.49608248891936,3.88320919962277e-08,2.46530831323324e-05
"NEIL1",16.5077340522445,-1.02790218077545,0.276810321915237,-3.7133809666614,0.000204508676275744,0.00681699862663257
"NES",9.31900956768446,-1.0474387555396,0.361293040673877,-2.89913903015108,0.00374188930807398,0.0445170084888154
"NEUROD1",3.88069327444875,-1.72012048187625,0.562539273814366,-3.0577784733371,0.0022298435067407,0.0330969439518039
"NFASC",26.0384607545024,1.20547638727423,0.408141834922955,2.95357222447386,0.00314119094972661,0.0408076149807276
"NFATC2",14.5880788090992,1.29650279423021,0.330596306250254,3.92170986099519,8.79228240202475e-05,0.00382006937247497
"NFKBIZ",33.377487671202,1.3830668145782,0.40781059511544,3.39144404570138,0.00069525357882733,0.0155121513346347
"NR2F1",6.54055454161607,1.80644241451144,0.491740898137158,3.67356553289488,0.00023918929658481,0.00766228648027533
"NR4A2",1.11800785009725,3.43988004145715,1.0526812864048,3.26773173028022,0.00108413074464653,0.0207995248770304
"NR4A3",5.40827232854587,3.07977034775572,0.694859427626723,4.43222071300753,9.3267471551505e-06,0.000862693228582696
"NRP1",14.5376996922799,1.41114732588361,0.276576675060841,5.10219209762786,3.35741700809771e-07,0.000126737955005677
"NRP2",3.369928364756,1.73121212278427,0.599105994400209,2.88965915708698,0.00385659726817219,0.0453028545370572
"NT5DC4",10.9696610649126,1.88987744702364,0.450904556393265,4.19130261654608,2.77357424040002e-05,0.00172171161847409
"NTM",5.18578487133896,2.36468484353047,0.659235303047184,3.58701184933542,0.000334489129230322,0.00949554810560957
"NUDT8",41.3607453242796,1.96934873748521,0.34915391995455,5.6403454892947,1.69709297499456e-08,1.48145609885931e-05
"NUP153",13.4171364114108,1.39254893942648,0.322777434957608,4.31426979896959,1.60131291966772e-05,0.00123566505795575
"OFCC1",1.48969450508022,3.58277440138142,1.23965241376883,2.89014433528909,0.00385064983980685,0.0453028545370572
"OSR2",20.0718328976966,2.40524246686133,0.430454411743429,5.58768222892549,2.30120231453661e-08,1.89064074865488e-05
"PAOX",12.2591851038392,2.25043970688869,0.538300964594225,4.18063472835327,2.90696511421575e-05,0.00177299483625552
"PAX2",3.98852723129933,1.54221197267066,0.517254053443132,2.9815367562706,0.00286805615563647,0.0387275265989187
"PCDH15",4.8258947553661,2.49863944440028,0.773220461774772,3.23147092960416,0.00123154850479244,0.0224263858754054
"PCDH17",7.45138703452447,1.86035240715512,0.510319236776496,3.64546792103371,0.000266905709430263,0.00822929810951982
"PCDH7",3.43042965059265,1.45498358277117,0.482149007400708,3.01770523310847,0.00254696512579173,0.0358709575497513
"PCDH9",10.6609905863764,2.14629652757255,0.499170894623465,4.29972290189624,1.71011797297616e-05,0.00129109285019232
"PCIF1",3.20535196458416,3.01704362907041,0.843848004620741,3.57534012351714,0.00034977287113359,0.00971228169209314
"PCK2",898.706483140918,1.80064088385753,0.420535808577914,4.28177778712018,1.8540608264232e-05,0.00134515654577315
"PDCD2L",4.92613820424888,1.81517058774181,0.500057251086095,3.62992554112428,0.000283502988575165,0.00842836338104285
"PDSS1",23.0840217168203,1.46334779652741,0.448702697087707,3.26128593838466,0.00110908137728499,0.0211619393395347
"PDSS2",22.8655537522348,1.68060731010289,0.396205165927242,4.24176021574517,2.21773562975959e-05,0.00151838791866923
"PFKL",28.6514565461664,1.06068537495019,0.278672778262947,3.80620375467517,0.000141116139856853,0.00529892880188529
"PFN2",39.9443404287057,1.29215456032967,0.245838975321699,5.25610131037516,1.47141254989494e-07,6.82833828970343e-05
"PFN3",1.35715176615573,2.89618854810441,0.985582872558269,2.93855405643038,0.00329747149348675,0.0418688948632086
"PGAM5",6.17574529910935,1.72682555165706,0.423754329190473,4.07506291429738,4.60019085547896e-05,0.00241624931431856
"PGAP3",329.891231120658,1.94355276932226,0.423410706245378,4.59023057436795,4.42756634935175e-06,0.000530722547111387
"PHF12",28.4273839512324,1.72427962104519,0.370407558536952,4.65508756855775,3.238430397717e-06,0.00043913745014479
"PI3",17.3678535446576,-1.23405990025191,0.37965936036152,-3.25043981288072,0.00115226655688045,0.0217482527026342
"PIGR",62.711939282748,1.29673792678281,0.372719408725924,3.47912637878312,0.000503051291090803,0.0124356059870181
"PIGY",179.589306743472,1.32802335512041,0.396311509235222,3.35095833498034,0.000805324181860542,0.017251476760807
"PIP4K2A",3.1601864155302,2.57785066267637,0.756931100651658,3.40566091214516,0.000660041036511845,0.0150212145546929
"PIT54",22.1842520451563,1.15971310368081,0.356559414868329,3.25251011562566,0.00114390524143705,0.0216489491966819
"PKD1",10.7983000359687,1.57189930947812,0.546674756666841,2.87538301395555,0.00403537653876642,0.0464879521888355
"PLBD1",155.242892743943,1.34950066285855,0.29629772795613,4.55454273027149,5.24996528058265e-06,0.000581954484713475
"PLBD2",27.7985559530404,1.10990726653795,0.385223952892647,2.88120003495019,0.00396164125589042,0.0461102028508512
"PLCD3",143.246358970173,1.68459945932017,0.377782231832547,4.45918128851247,8.22733120986061e-06,0.000797993993111966
"PLEKHM2",1.94408119289829,2.25835766866285,0.780398103955917,2.89385335153303,0.00380545846841824,0.0450430834138962
"PLLP",17.72494114761,1.14572793457601,0.366603281517254,3.12525280688763,0.00177652310639332,0.0286520764745907
"PLPP3",161.612585611978,1.03852565245726,0.247647290638303,4.19356759276669,2.74601202403597e-05,0.00171221205087993
"PLPPR1",4.6905641208291,1.92419999496309,0.62425390125573,3.08239963113154,0.00205338963794847,0.0312962437071507
"PNLIPRP1",2.79458709281003,-2.97059475783756,1.00275402476997,-2.96243613534138,0.00305215119014536,0.0402543868486877
"POU3F3",5.14340852883396,2.3446558671399,0.558093870729409,4.2011854817103,2.65520935440391e-05,0.00167050941679997
"PPCS",67.2556647355858,1.02609223538254,0.266331983084226,3.85268124203485,0.000116831439896501,0.00463575204839325
"PPM1J",5.03972322753453,3.70903742480396,0.740046973314242,5.01189459392466,5.38967263904574e-07,0.000160165016488408
"PPP1R3G",18.9887230131009,1.54092603853307,0.410132081686903,3.75714582530372,0.000171862356060098,0.00606479031082095
"PPP2R2A",12.7523233773813,2.48664943423879,0.5384552461961,4.61811720065066,3.8723753419002e-06,0.000478632446020532
"PPP2R5C",184.665044831658,1.20707910460333,0.256380388476937,4.70815693733106,2.49966623993598e-06,0.000383657564540503
"PPP3CB",19.6132880935753,2.02947671468337,0.415328819120182,4.88643364306513,1.02678911929008e-06,0.000235775805499485
"PRF1",6.16044813878273,2.1092594112511,0.732991739052987,2.87760325099466,0.00400708753939232,0.0463686757768787
"PRRX1",13.2187113645312,-2.4634669340051,0.67830567988705,-3.63179464222578,0.000281457061921959,0.00842641232329117
"PRSS12",1.75641169755999,3.26127229910657,0.987084855757733,3.30394320213034,0.000953351449521799,0.0193121248228925
"PTH2R",14.4637787405725,1.55576340742758,0.368944093958453,4.21679986996289,2.47793703923832e-05,0.0016248519543212
"PTPN12",23.5501735849103,1.98585902041995,0.459714577379551,4.31976517198928,1.56195320635725e-05,0.00122560676590965
"PTPN9",52.3299763847137,1.81935138675396,0.442432103791339,4.11215951818,3.91975302554863e-05,0.00213856212921241
"PTPRJ",33.6739552351422,1.54756277427845,0.343102037618276,4.51050301251845,6.46740828549061e-06,0.000663285525909068
"PTPRK",4.5953676265861,1.90824827894901,0.563327106171785,3.38746042582069,0.000705428933173251,0.0156392474756044
"PTPRN2",28.0282965203391,-1.26552589575728,0.37720932565773,-3.35496979972754,0.000793736493068156,0.0170818452984329
"PUS10",63.2368374507432,1.3763348039336,0.361982838768527,3.80221009541756,0.000143411031510575,0.00537003184211314
"RAB6A",1046.10257750819,1.02262755770825,0.233903581796624,4.37200469464128,1.23110877603507e-05,0.00106141335030135
"RAB9B",97.7063268569591,1.16471099575518,0.251436378854655,4.63222943736577,3.61748929432235e-06,0.00046332295013777
"RAD51",12.4062434428006,-1.2702841872276,0.336916573292355,-3.77032264935608,0.000163036628879572,0.0058238685308465
"RALYL",3.99084637105538,3.1745390357318,0.978947752550761,3.24280741996718,0.00118358183336589,0.0219726884250199
"RCC1",126.701099381714,1.00939039775084,0.339860294726834,2.97001566058826,0.00297784567923221,0.0395264400684216
"RCOR1",21.6982295949595,1.70969343874639,0.441968168541058,3.86836329048336,0.00010956833831061,0.00443577095995448
"REV1",235.328212480183,1.02257874358653,0.268553950719206,3.80772184079956,0.000140252903922689,0.00529892880188529
"RFWD2",39.2051142896957,1.21330745406125,0.281641470830617,4.30798578946122,1.64747967011408e-05,0.00125056242133061
"RFX7",3.03188167451175,1.88476815454093,0.585977029314976,3.21645399094275,0.00129785341973638,0.0232996384491748
"RIMBP3C",1.39869060971477,2.71338056586977,0.949921008340274,2.85642757876327,0.00428437732135532,0.048257982296266
"RIMS2",3.02330837746197,2.68142267174536,0.701814697093065,3.82069894354149,0.000133074012243404,0.00509217733973594
"RN5S_1",5.04198701888656,2.52222458953977,0.801780985788746,3.1457775056346,0.00165645966712143,0.0272827502012796
"RN7SL1_1",124.779072167719,1.14576561644254,0.309568181513377,3.70117371508038,0.000214604487200491,0.00703610533504521
"RND3",50.6017952873432,1.29563723379286,0.311371889638173,4.16106038120026,3.16773310281148e-05,0.00188271184029651
"RNF215",4.63980726213773,1.64725912187276,0.569039792606374,2.89480479796996,0.00379394379788393,0.0449830331282214
"RYR2",79.3444705358846,1.87853335253275,0.389176129220161,4.82694906364631,1.38640562626848e-06,0.000268943435862388
"SAA",29.5345431964479,-1.25374574870478,0.369424058536984,-3.39378478399578,0.000689338431338798,0.0154047837928144
"SBSPON",21.0082595845749,1.88383765741459,0.37501711782023,5.02333778352388,5.07811173026203e-07,0.000154186927253413
"SCG3",12.8640372191434,2.16865976378861,0.464952589588948,4.66425999628449,3.09729581370875e-06,0.000434343589316413
"SDC2",225.516278313847,1.59593483969041,0.297641381086974,5.36193869905494,8.23334828583751e-08,4.5998070203317e-05
"SEC16B",72.6035330684702,1.3328160014791,0.422560200265162,3.15414466540564,0.00160969270457264,0.0267331486382473
"SEL1L3",6.31888831574521,1.95949718906421,0.498937391917273,3.9273408263398,8.58902270752422e-05,0.00376059185441977
"SELENOH",38.1560089363654,1.78359286063217,0.457296748205353,3.90029639972692,9.60749932202761e-05,0.00404180551297469
"SERPINC1",178.327306342214,1.46912758719418,0.380091718734475,3.86519230696654,0.000111001705417626,0.00446789861546968
"SERPIND1",24.9500548302795,1.21135000583743,0.387921046843141,3.12267152219573,0.00179217643794378,0.0288084085540341
"SERPINF2",11.5402266187485,1.12005114449292,0.357384025694928,3.13402688414795,0.00172425057799226,0.0282391252862671
"SGCE",14.2973882225156,2.08321181662102,0.439839567020856,4.73629926186756,2.17656119298246e-06,0.000353989046268967
"SH3BGRL2",12.8937239834305,1.75887285115663,0.432236559429601,4.06923665475617,4.71674191128473e-05,0.00243040026574343
"SHMT1",74.0494715650965,1.45534137114376,0.322857058584129,4.50769568900265,6.55354783242296e-06,0.000663285525909068
"SIDT2",6.22431978267448,1.84390844306757,0.506668614684781,3.63927898753851,0.000273402472674265,0.0083375815193045
"SIK3",15.4730617023915,2.04212707279368,0.348933257555498,5.85248619492478,4.84278455332021e-09,6.14901562329303e-06
"SLC16A12",10.4170002288982,2.17451764372237,0.509662911600225,4.26658011448171,1.98492235645992e-05,0.00141587805560184
"SLC16A2",26.4828689628591,1.57587640903333,0.410998387419773,3.83426421433574,0.0001259407128908,0.00494105038467921
"SLC18A2",9.33531398559334,1.73635313093364,0.4894392715007,3.5476375355204,0.000388702748014064,0.010569670598848
"SLC1A2",18.0126936303996,1.51376276380211,0.421719510870183,3.58950137421573,0.000331311084578688,0.0094824219637511
"SLC1A4",17.6041835974724,1.74907104688299,0.451933770663947,3.87019329029867,0.000108749096102502,0.00441540298041759
"SLC20A1",29.2669215419515,1.96657599029337,0.434219889927803,4.5289864327043,5.92673040485461e-06,0.000632589600787391
"SLC24A4",3.81807402385325,2.04716514344415,0.606546335865872,3.37511748467119,0.000737841849197432,0.0160520827223373
"SLC2A11L1",11.0218994722616,1.32339259361828,0.457118734890069,2.89507406415214,0.00379069081648261,0.0449826496463998
"SLC35C1",7.10928270865987,1.85011921622738,0.437970026274116,4.22430555800051,2.39678681074238e-05,0.00160835554168345
"SLC37A2",13.0734803548239,1.25580724996655,0.410248319355035,3.06109054131128,0.00220532395682353,0.0328655530463926
"SLC46A2",1.8387740305037,2.30238700086124,0.760322787900777,3.02817045273369,0.00246039266117438,0.0352093281748182
"SLC6A4",3.79806920422961,1.74273799025206,0.587212516319774,2.96781478905505,0.00299924994272434,0.0397301820242611
"SLC6A8",12.644025678367,2.73721679536517,0.494132545401784,5.53943839732215,3.0344315996715e-08,2.13461178966408e-05
"SLC8A1",8.54684325616028,1.1581462712004,0.371637718182303,3.11633134781085,0.00183116390443489,0.0291775445645728
"SLITRK1",2.28251345822479,2.42197494244472,0.780692325646787,3.10234245025807,0.00191995715216693,0.0300965673898041
"SMG7",17.0985701311003,1.2497154033925,0.399293890215948,3.12981348829711,0.0017491732360975,0.028407793707644
"SMPDL3A",60.6712857841499,1.09591748468234,0.324242326511262,3.37993344815295,0.000725033836444443,0.0159473190450701
"SNTB2",26.2302167712558,1.41979406783471,0.3928449546,3.61413339081919,0.000301353892185637,0.00882391994162849
"SORCS1",7.45824253593076,2.13605833034195,0.718984860829848,2.97093645042334,0.00296893209221562,0.0394690439545951
"SORCS2",1.61713796280438,3.3197741519417,0.998527986756143,3.32466810742726,0.000885238472526677,0.0183716578689154
"SORCS3",2.05489243925438,3.78159197811232,1.291735127008,2.9275289485016,0.00341667252575531,0.0424939137731295
"SOS2",5.49942657383335,1.58828428939195,0.531586014403363,2.98782181313517,0.00280973315042431,0.0383237723749769
"SOX11",6.44241689774257,2.42483819462872,0.514442240954804,4.71352855886838,2.43463584271751e-06,0.000377828431280394
"SOX2",15.1598556885807,1.44019756833705,0.492511544994911,2.9241904742597,0.00345353351541079,0.0427758981775845
"SOX4",2.02923433762259,3.01982674837642,0.758116458662015,3.98332830513408,6.79567730297443e-05,0.00312221134508697
"SOX8",42.9641983674711,1.1919157117902,0.333312078320655,3.57597515756253,0.000348924787754436,0.00970803288957411
"SPATA18",4.38365372817344,-1.61846777545021,0.441691872820782,-3.66424622014024,0.000248068063976459,0.00780352848999822
"SPATA4",4.55408921746232,-1.15473306640153,0.402810369013264,-2.86669151350349,0.00414787109454736,0.0473698410282444
"SPECC1L",19.1396883277682,1.53897200309897,0.332622853604691,4.62677770460106,3.71398768662074e-06,0.000464677749212615
"SPIA5",18.3621708158018,1.63339099121398,0.449035591017351,3.6375535122134,0.000275240019810472,0.00837533193179272
"SPOCK2",4.58192153806464,2.0000708409108,0.659460757576717,3.03288833782976,0.00242225211443908,0.0349861378307866
"SPPL3",34.9855719441515,1.11029832347627,0.320011487280593,3.46955771154156,0.000521316055647103,0.0127965225821144
"SPTBN5",11.6806328839488,1.08592617228949,0.337763014309002,3.21505353246294,0.00130420198109996,0.0233535757307988
"SRSF6",139.625527786317,1.03204933936853,0.244694794326677,4.21770043048281,2.4680641024597e-05,0.0016248519543212
"SULT",26.1031529498436,1.24887899585214,0.300421142693589,4.15709421998279,3.22321082163666e-05,0.00190579909263634
"SYK",1.97721667435372,2.00400728569299,0.675447900328209,2.96693095754567,0.00300788494919564,0.0397456282738085
"SYT2",8.06506931627676,1.33286943024736,0.416995000600694,3.19636789008818,0.00139169541380196,0.0245426891976918
"TBPL1",18.1668864844294,1.20857957870595,0.271151234021941,4.45721585249418,8.30309868474995e-06,0.000799788822964845
"TCTA",24.052334946308,1.17738358572175,0.32755448371494,3.59446639950864,0.000325057089815294,0.00938031482117813
"TF",230.64514047907,1.76663461818837,0.426837716797394,4.1388906103322,3.48989289797626e-05,0.00198312452253674
"TGFB3",52.113427610362,1.19686932608458,0.331672693642632,3.60858565997652,0.00030787086219098,0.00895840069212797
"TIMP3",194.070799508231,-1.06539954118132,0.261468304466102,-4.07467950410579,4.60777603784509e-05,0.00241624931431856
"TK2",3.82748237944057,3.36355281627502,0.914357993418559,3.67859508035745,0.000234522261811796,0.00753005156488588
"TLCD1",12.2474714305122,-1.19280544899796,0.413620278638307,-2.88381762355761,0.00392886216128181,0.0458432897298438
"TLE3",8.17963401499889,1.61502875676129,0.444730053730477,3.63148103712383,0.000281799366813047,0.00842641232329117
"TLE4",44.9169981035133,1.27087430864825,0.310439628363214,4.09378891267494,4.24380694177967e-05,0.00229741285100142
"TLL1",9.50382787863797,1.58253325780418,0.485676611188897,3.25840944642211,0.00112038626574775,0.0213484788181431
"TMCO7",2.16502545253574,2.95426372804163,0.712327241178067,4.14734065645979,3.36359409769174e-05,0.00195747161510252
"TMEM115",6.50888910641511,2.01044204292002,0.576716210278572,3.48601618454407,0.000490271342018046,0.0122717201325556
"TMEM127",38.1012919144526,2.28212404180023,0.489009731634835,4.66682745590919,3.05885988304899e-06,0.000434343589316413
"TMEM132C",1.03750821696864,2.84193103981093,0.931382972431989,3.05130233634205,0.00227851016356991,0.0334586570111771
"TMEM144",17.2983420713472,1.26303646294102,0.262970581147979,4.80295726399252,1.56339262667651e-06,0.000289576378676273
"TMEM150B",4.39442102070367,2.07220432288585,0.555044767158365,3.73340034083162,0.000188911962211789,0.00649885068032526
"TMEM179",7.382466715841,1.8469002760734,0.593527242307874,3.11173631877772,0.0018599054395912,0.0293197508744585
"TMEM184B",51.3748949842363,1.55462149386852,0.376648426738967,4.12751357367527,3.66706792195342e-05,0.00205694528778809
"TMEM198",4.18000320620979,1.59906576084816,0.453486310991514,3.52616103747855,0.00042163050729399,0.0110486178149628
"TMEM245",2.39849597459835,2.68325174604533,0.872946697540626,3.07378646783924,0.00211360655698663,0.0319488558240609
"TMEM39A",3.65508279972292,2.32322946034058,0.79400205383982,2.92597411946904,0.00343379501928619,0.0426688745857386
"TNIP3",1.50452558082048,2.35256376422495,0.801683703982115,2.93452860840169,0.00334054757074676,0.0419958847170297
"TNNT2",378.165825770519,1.32205634831462,0.319437959487018,4.13869519589248,3.49286627438991e-05,0.00198312452253674
"TNNT3",6280.00522974479,1.06959051983146,0.302770153040437,3.53268150473407,0.000411367735013198,0.0109439488665321
"TOB1",2825.93641766531,1.49768139557099,0.319533774765823,4.68708322514138,2.77126292445997e-06,0.000402045231525394
"TOX3",2.45708141505729,2.40484473237834,0.790636106478371,3.04165811891634,0.00235278956182066,0.0343021000103854
"TPCN3",4.46890664090292,1.56704310179357,0.518700960667924,3.02109157418122,0.0025186517466672,0.0357013123580193
"TPT1",2558.42232937711,-1.16523536128566,0.22192174339118,-5.25065882900762,1.5155615878915e-07,6.82833828970343e-05
"TPTE",9.2291487381423,1.07668577788131,0.366340087090637,2.93903347141731,0.0032923751622761,0.0418422237411377
"TRAPPC10",17.9555150619445,1.39615886876609,0.384126636952354,3.63463174499732,0.000278377977326484,0.00839763544129375
"TRERF1",4.93149797531146,1.22079267492588,0.392203338925502,3.11265242736184,0.00185414238904941,0.0292619285286475
"TRIB1",373.005066155383,1.02731865211352,0.354221341148178,2.9002167085234,0.00372904748228034,0.0445005184825617
"TRIM33",8.13634645605364,2.42799853038,0.596495862979965,4.07043649598883,4.69251317417118e-05,0.00243040026574343
"TRIP4",42.7691203425515,-1.03049831763703,0.245207363854919,-4.20255860768823,2.6391488846639e-05,0.00166791821140727
"TSHR",1.54714566974097,2.77151601095357,0.944351391317524,2.93483552461002,0.00333724532081126,0.0419958847170297
"UAP1",12.6663212955141,1.9349002920849,0.569300838671589,3.39873079512724,0.000676993166234136,0.0152263503265574
"UBE2U",19.3493464741301,-1.18014141741152,0.40833911615026,-2.89010131710541,0.00385117682995508,0.0453028545370572
"UBFD1",460.746501750179,1.29235841736897,0.366263435249379,3.52849422844799,0.000417931060653051,0.0109929249042206
"UBR7",31.7103765974282,1.33003995515369,0.375511926330445,3.54193798357092,0.000397198846163895,0.0107097997767782
"UGCG",74.0896099587513,1.06110891481895,0.322081385210666,3.29453660951222,0.000985841021573659,0.0196170094873236
"UGT8",165.31057385809,1.71028695762649,0.420152810305576,4.07063076974923,4.68860126657955e-05,0.00243040026574343
"UNC79",3.72093234164281,2.65069024685046,0.781709402372659,3.39088955410417,0.000696661697167119,0.0155187781887291
"UROC1",10.6186973682991,1.69709237331342,0.544616167263323,3.11612558591723,0.00183244214986258,0.0291775445645728
"VEGFA",12.690174478997,1.78535473412574,0.36622403369724,4.87503432284759,1.08789538338095e-06,0.000241184679677488
"VGLL3",7.81450255737906,1.67665318154389,0.447692881473169,3.74509680838957,0.000180324228670173,0.00629647125459077
"VH26L1",205.656618761409,-1.78139674781534,0.415060100920542,-4.29190072441187,1.77150153065885e-05,0.00131609371695277
"VPS37D",8.86066277897035,1.36233205738344,0.377877959366681,3.60521703797356,0.000311892160020374,0.00905654428067477
"WTAP",24.9512421558402,2.67466629943207,0.408437215969865,6.54853719213825,5.81033878525902e-11,4.05765009068563e-07
"WTIP",6.33240756002673,1.21598510073591,0.41184650897608,2.95252011182285,0.00315191537245069,0.0408374786707038
"WWOX",80.0880542188757,1.22033064533011,0.249931276304512,4.88266480039611,1.04661702162011e-06,0.000235775805499485
"XDH",133.768277464598,1.17810407895025,0.411453179143028,2.86327616037381,0.00419284948354242,0.0476992325817783
"XPA",56.4667662185334,1.12920092634046,0.282517246137884,3.99692741514743,6.41699664231239e-05,0.00302791189537761
"XPNPEP2",47.3641621743052,1.79238356526386,0.402895376653827,4.44875684638075,8.63687241676588e-06,0.000818508279556588
"XYLB",6.86374971264307,1.41646331937683,0.477304117675229,2.96763272497186,0.00300102685154976,0.0397301820242611
"XYLT1",65.3635199297571,-1.66051198152001,0.416758843396697,-3.98434732179019,6.76658449504591e-05,0.00312221134508697
"YME1L1",204.014346942465,-1.02172140922875,0.256338792035243,-3.98582438934283,6.72462353908894e-05,0.00312035936778921
"ZAP70",3.20170268428137,2.16225156451473,0.682397933895774,3.16860801756909,0.00153170820004309,0.0260442995129231
"ZFHX3",18.9196367844757,1.28172784856935,0.412602195523686,3.10644941416888,0.00189348702045002,0.0297149811400286
"ZNF488",12.800142800176,1.46395527982591,0.514547230565224,2.84513294963763,0.0044392889884601,0.0492874000809398
"ZNF503",13.1556417883344,1.82581655574031,0.404115909586221,4.51805165901484,6.24112593504098e-06,0.000645702266183091
"ZNF827",7.22922578571313,1.81045106277522,0.563858808873808,3.21082340877359,0.00132355242390077,0.0235791539599772
"ZYX",172.490060155555,1.06261436380618,0.353659369429706,3.00462664263554,0.00265907034029718,0.0368903843006242
