¹,Ind. ¹,Generation,Sex,"Total Protein, g/L","Albumin, g/L","Globulin, g/L",A/G ratio,"Creatinine, µM/L","Glucose, mM/L","Total Bilirubin, µM/L","Triglycerides, mM/L","Cholesterol, mM/L","ALT, IU/L","AST, IU/L",De Ritis ratio (AST/ALT),"Ca, mM/L","P, mM/L",Ca/P ratio,"Mg, mM/L","Fe, µM/L","Chlorides, mM/L","Breast meat, moisture %","Breast meat, protein %","Breast meat, fat %","Breast meat, ash %","Drumstick, moisture %","Drumstick, protein %","Drumstick, fat %","Drumstick, ash %","Live weight at 1 day, g","9-week weight, g","Mean daily gain, g","Carcass weight, g","Slaughter yield, %","Breast weight, g","Thigh weight, g","Drumstick weight, g","Kidneys, g","Heart, g","Liver, g","Stomach, g","Intestines, g","Lungs, g"
1,2701,F2,m,37.9,15.8,22.1,0.71,15.76,16.74,0.4,0.41,4.12,4.7,174.1,37.04,2.62,2.01,1.3,0.86,20.49,118.3,73,24.24,1.67,1.09,75.78,19.4,3.84,0.98,39,1995,31,1390,69.7,461,104,86,11,10,36,37,75,14
2,2703,F2,m,37.9,14.8,23.1,0.64,14.55,16.58,0.34,0.44,3.62,4.4,163.4,37.14,2.71,1.86,1.46,0.83,12.96,113.6,73.37,24.47,1.03,1.13,75.73,20.95,2.33,0.99,45,2080,32,1503,72.3,405,109,107,13,10,43,40,85,10
3,2704,F2,m,37.1,15.5,21.6,0.72,21.82,15.86,0.67,0.4,3.48,7.9,163,20.63,2.63,2.18,1.21,1.26,22.57,115.2,74.98,23.05,0.9,1.07,75.75,20.65,2.47,1.13,43,1675,26,1175,70.1,368,82,80,7,9,30,49,57,8
4,2706,F2,m,35.3,13.7,21.6,0.63,15.76,14.32,0.74,0.39,3.32,4.9,169.4,34.57,2.13,1.67,1.28,0.94,16.64,116.9,72.91,25.13,0.83,1.13,74.91,21.38,2.74,0.97,42,1895,29,1345,71,367,100,92,8,11,40,37,72,12
5,2712,F2,m,34,14.4,19.6,0.73,18.18,16.74,0.38,0.4,3.73,4.9,192.9,39.37,2.28,1.88,1.21,0.96,19.95,117.6,74.81,22.93,1.08,1.18,74.91,21.23,2.78,1.08,37,2290,36,1745,76.2,505,152,83,13,14,50,47,81,15
6,2713,F2,m,35.2,14.7,20.5,0.72,16.97,14.05,0.44,0.44,3.8,4.9,194.2,39.63,3.02,2.28,1.32,1.18,16.13,115.6,74.15,23.64,1.08,1.13,74.4,20.4,4.15,1.05,38,2245,35,1545,68.8,478,130,91,8,11,39,49,81,13
7,2715,F2,m,38.9,15.6,23.3,0.67,19.4,15.41,0.36,0.29,4.91,9,396.3,44.03,2.54,1.93,1.32,0.98,17.98,122,73.14,24.81,0.84,1.21,73.94,21.06,3.85,1.15,37,2110,33,1270,60.2,444,114,98,11,11,44,38,75,12
8,2716,F2,m,34.7,15.1,19.6,0.77,16.97,15.74,0.51,0.43,3.97,6,206.1,34.35,2.53,1.85,1.37,1.01,16.13,119.3,73.3,24.68,0.75,1.27,74.46,22.37,1.97,1.2,39,2510,39,1880,74.9,572,73,134,7,10,50,56,87,13
9,2718,F2,m,31.4,13.4,18,0.74,27.55,15.58,1.02,0.48,2.98,5.5,177.6,32.29,2.88,1.88,1.53,1.08,21.85,116.5,74.73,23.34,0.85,1.08,75.54,20.62,2.84,1,44,1860,29,1260,67.7,415,106,90,14,11,38,42,113,13
10,2724,F2,m,31.8,12.5,19.3,0.65,30.73,15.76,0.63,0.41,3.63,8.1,183.8,22.69,2.99,2.17,1.38,0.87,21.96,117.7,74.92,22.92,1.04,1.12,73.82,21.06,4.04,1.08,42,1425,22,1060,74.4,316,70,62,9,8,31,37,84,9
11,2725,F2,m,32.6,12.3,20.3,0.61,25.43,16.7,0.68,0.29,3.14,4.7,169.7,36.11,2.73,1.96,1.39,1,25.9,115.4,73.59,24.32,0.91,1.18,74.4,21.76,2.73,1.11,44,2180,34,1524,69.9,439,131,95,8,11,52,32,139,12
12,2727,F2,m,35.6,12.7,22.9,0.55,27.55,15.7,0.6,0.74,3.24,8.3,166.2,20.02,2.86,1.38,2.07,1.29,20.51,116.1,73.92,24.03,0.86,1.19,75.29,20.66,2.99,1.06,44,2650,41,1930,72.8,597,153,133,13,10,57,61,146,20
13,2729,F2,m,28.8,12.2,16.6,0.73,29.67,15.8,0.58,0.36,2.55,7.9,235.8,29.85,2.8,2.27,1.23,0.78,17.8,117.6,73.56,24.32,0.91,1.21,74.1,21.44,3.27,1.19,44,2120,33,1445,68.2,451,122,81,16,16,47,44,140,17
14,2730,F2,m,33.1,12.7,20.4,0.62,28.61,16.47,0.5,0.96,2.77,5.8,212.1,36.57,2.3,1.85,1.24,1.1,21.38,117.6,73.51,24.49,0.71,1.29,74.32,22.14,2.4,1.14,42,1970,31,1210,61.4,404,103,91,8,8,40,54,152,11
15,2731,F2,m,38.9,14.2,24.7,0.57,33.91,18.13,1.01,0.55,4.52,5,211.6,42.32,2.33,2.2,1.06,0.9,25.97,114.4,75.24,22.61,1.01,1.14,73.52,22.35,2.99,1.14,44,1595,25,1030,64.6,343,77,69,13,7,41,47,131,10
16,2732,F2,m,28.6,11.3,17.3,0.65,28.61,15.7,1.03,0.5,3.75,8.7,257.2,29.56,2.3,1.71,1.35,0.82,14.61,120.1,73.45,24.44,0.86,1.25,73.3,22.33,3.23,1.14,38,1560,24,942,60.4,262,69,64,8,7,41,61,149,8
17,2733,F2,m,30.8,12.5,18.3,0.68,28.61,15.24,0.98,0.58,3.18,5.8,188.9,32.57,2.33,1.93,1.21,0.83,24.16,116.8,73.64,24.27,0.85,1.24,73.78,22.52,2.53,1.17,44,1560,24,1085,69.6,327,77,73,6,8,35,32,119,9
18,2734,F2,m,32.7,12.7,20,0.64,30.73,15.64,0.85,0.76,3.64,6.6,208.3,31.56,2.64,2.39,1.1,1.09,19.75,116.4,73.78,23.89,1.08,1.25,73.63,22.39,2.8,1.18,36,2230,35,1715,76.9,494,137,101,3,10,47,65,140,16
19,2735,F2,m,33.5,13.4,20.1,0.67,27.55,17.51,0.65,0.38,3.79,12.1,198,16.36,2.22,2.46,0.9,1.26,20.76,120,74.04,24.03,0.81,1.12,74,22.62,2.41,0.97,41,1750,27,1150,65.7,374,85,79,9,9,46,40,116,13
20,2739,F2,m,26.3,12,14.3,0.84,27.55,19.74,0.42,0.61,2.91,5,182.1,36.42,2.61,1.82,1.43,1.07,19.28,117.3,73.45,24.61,0.81,1.13,73.31,22.61,2.99,1.09,38,1930,30,1160,60.1,354,90,83,10,10,43,47,196,15
21,2740,F2,m,32,12.5,19.5,0.64,28.61,15.02,0.53,0.49,3.78,5.2,184,35.38,2.95,1.95,1.51,0.66,29.41,119.2,73.75,24.31,0.82,1.12,73.98,21.38,3.52,1.12,37,1515,23,1010,66.7,298,70,69,10,6,35,49,99,10
22,2741,F2,m,34.5,13.7,20.8,0.66,30.73,16.12,0.69,0.64,2.73,5.5,200,36.36,2.69,1.86,1.45,1.01,25,114.9,74.18,23.79,0.91,1.12,74.7,21.72,2.52,1.06,38,1700,26,1245,73.2,394,91,78,11,8,35,47,111,11
23,2855,F2,m,34.9,11.9,23,0.52,31.79,17.32,0.68,0.28,3.06,10.5,165.7,15.78,2.63,2.1,1.25,0.82,22.14,119.3,76.01,22.2,0.61,1.18,75,20.89,2.81,1.3,43,1205,18,860,71.4,221,57,61,7,6,26,37,78,8
24,2857,F2,m,24.9,12.4,12.5,0.99,30.87,22.18,0.63,0.3,3,17.1,198.3,11.6,2.6,1.93,1.35,0.9,38.24,120,74.55,23.5,0.85,1.1,74.14,23.34,1.4,1.12,41,1005,15,655,65.2,188,47,46,7,3,29,16,116,9
25,2860,F2,m,32.6,11.6,21,0.55,29.67,12.45,0.66,0.38,3.14,6,174.9,29.15,2.75,2.01,1.37,0.98,16.13,121.7,75.3,22.86,0.63,1.21,75.76,21.66,1.39,1.19,39,1210,19,785,64.9,212,65,57,7,4,28,33,84,7
26,2870,F2,m,29.9,11.6,18.3,0.63,27.55,15.75,0.98,0.19,3.54,6.6,176.5,26.74,2.11,2.12,1,1.15,14.54,120,76.1,22.2,0.64,1.06,75.29,21.58,1.88,1.25,41,1645,25,1180,71.7,338,87,82,9,8,32,43,100,9
27,2871,F2,m,37.3,13.5,23.8,0.57,27.55,12.98,0.99,0.52,2.91,6.8,170.8,25.12,3.02,2.04,1.48,1.09,20.87,118.6,74.75,23.62,0.61,1.02,74.82,21.47,2.35,1.36,40,1855,29,1325,71.4,240,89,86,11,8,39,45,99,12
28,2872,F2,m,35.4,13.7,21.7,0.63,28.61,12.28,0.5,0.58,3.48,8.9,249.5,28.03,3.27,2.65,1.23,0.94,22.61,117.2,75.84,22.22,0.76,1.18,75.45,21.08,2.31,1.16,41,1510,23,1136,75.2,314,88,72,10,6,32,26,77,9
29,2874,F2,m,31,11.7,19.3,0.61,29.67,15.21,0.58,0.24,2.66,6,184,30.67,2.4,1.86,1.29,1.3,16.53,117.9,74.97,23.02,0.69,1.32,74.25,21.16,3.03,1.56,36,1265,20,860,68,238,65,57,8,6,29,51,86,7
30,2876,F2,m,39,14.2,24.8,0.57,28.61,12.88,0.44,0.61,2.96,8.4,371.6,44.24,2.39,1.96,1.22,0.77,20.98,116.7,75.05,23.29,0.49,1.17,75.09,21.84,1.74,1.33,40,1575,24,1105,70.2,290,86,76,9,6,40,53,107,11
31,2878,F2,m,35,13.5,21.5,0.63,29.67,14.1,0.58,0.23,3.36,4.7,178.9,38.06,2.85,2.08,1.37,0.83,18.7,120.2,75.83,22.04,0.85,1.28,74.14,20.88,3.87,1.11,37,1675,26,1145,68.4,312,93,80,10,8,40,40,116,10
32,2879,F2,m,37.9,14.9,23,0.65,34.97,17,0.62,0.28,3.4,12.9,189.2,14.67,3.16,1.5,2.11,1.01,22.46,103.8,74.39,23.89,0.61,1.11,73.32,23.13,2.39,1.16,43,1235,19,725,58.7,238,66,55,7,5,32,33,89,6
33,2880,F2,m,33.8,12.2,21.6,0.56,27.55,11.58,0.6,0.52,2.82,5.2,200.2,38.5,2.47,1.56,1.58,1,23.3,114,74.84,23,1.02,1.14,74.87,22.09,1.96,1.08,32,1260,19,840,66.7,219,69,58,10,5,33,39,99,9
34,2886,F2,m,32.6,12.8,19.8,0.65,31.79,17.85,0.39,0.26,2.95,8.4,157.3,18.73,3.1,1.5,2.07,0.83,14.98,111.9,75.56,22.39,0.85,1.2,74.47,21.53,2.63,1.37,40,1565,24,1075,68.7,302,73,73,12,6,44,36,120,10
35,2887,F2,m,30.9,11.1,19.8,0.56,27.55,14.23,0.63,0.25,2.93,4.7,166.2,35.36,2.69,1.93,1.39,0.84,18.63,118.1,74.97,22.76,0.95,1.32,74.96,21.25,2.48,1.31,41,1390,21,975,70.1,251,80,63,9,5,28,29,90,7
36,2888,F2,m,39.5,13.5,26,0.52,23.31,13.16,0.6,0.54,3.32,4.5,184,40.89,2.81,1.81,1.55,0.88,25.72,114.2,75.7,22.14,1.07,1.09,74.39,20.92,3.18,1.51,45,1235,19,860,69.6,227,73,54,8,5,30,33,79,8
37,2890,F2,m,31.4,11.9,19.5,0.61,24.37,15.25,0.62,0.56,3.06,7.3,197,26.99,2.37,1.79,1.32,0.89,16.97,117.2,74.34,22.93,1.51,1.22,74.4,20.49,3.96,1.15,47,1660,26,1325,79.8,336,89,81,10,8,38,45,86,11
38,2895,F2,m,39.2,12.7,26.5,0.48,25.43,13.49,1.04,0.66,3.89,5.5,188.3,34.24,2.8,1.91,1.47,1.19,26.44,116.1,77.19,20.66,1.01,1.14,75,19.34,4.65,1.01,41,990,15,705,71.2,168,56,51,6,5,29,30,87,6
39,2896,F2,m,30.4,10.3,20.1,0.51,26.49,9.66,0.76,0.53,3.8,4.5,183.8,40.84,2.37,1.76,1.35,1.1,28.94,115.6,73.21,19.45,6.3,1.04,75.73,21.34,1.86,1.07,44,1110,17,730,65.8,210,61,52,4,6,35,27,81,7
40,2898,F2,m,44.1,14.5,29.6,0.49,26.49,12.96,0.44,0.48,3.99,4.2,161.6,38.48,2.99,2.08,1.44,0.99,23.73,113.6,74.3,22.59,1.89,1.22,74.11,20.99,3.75,1.15,44,1375,21,970,70.5,251,69,70,9,6,34,53,97,9
41,2902,F2,m,37.3,9.8,27.5,0.36,28.61,11.84,0.83,0.25,3.54,3.1,164.1,52.94,3.03,1.63,1.86,1.03,15.64,117.1,75.92,20.68,2.28,1.12,76.36,19.63,2.94,1.07,35,1110,17,730,65.8,179,57,52,8,5,30,31,82,8
42,2906,F2,m,36.2,11.6,24.6,0.47,25.43,11.17,0.46,0.42,3.52,4.5,172.2,38.27,2.75,2.03,1.35,0.93,23.91,115.5,76.74,21.06,1.1,1.1,76.51,19.72,2.71,1.06,40,1440,22,1025,71.2,258,86,74,10,7,38,43,91,11
43,2909,F2,m,32.1,12.1,20,0.61,26.49,13.96,0.53,0.44,2.94,5.8,180.5,31.12,2.66,1.88,1.41,0.98,23.51,115.7,75.18,22.11,1.56,1.15,74.38,20.11,4.4,1.11,52,1455,22,1020,70.1,286,79,71,9,7,31,36,82,8
44,2914,F2,m,33.8,13.6,20.2,0.67,23.31,14.35,1.01,0.76,3.68,5.2,210.2,40.42,2.53,1.77,1.43,1.02,30.6,116.8,74.72,22.4,1.66,1.22,74.65,20.38,3.82,1.15,38,1790,28,1265,70.7,354,111,82,11,10,40,51,103,15
45,2916,F2,m,36,12.1,23.9,0.51,22.25,11.02,1.04,0.61,3.34,5,208,41.6,2.92,1.92,1.52,0.97,30.53,116.6,75.02,22.46,1.36,1.16,74.09,19.77,5.05,1.09,44,1695,26,1265,74.6,339,96,82,10,7,44,30,76,9
46,2917,F2,m,36.4,13,23.4,0.56,27.55,12.62,0.53,0.66,3.77,4.7,168.4,35.83,2.77,1.8,1.54,1.03,24.16,117.3,75.18,21.7,1.98,1.14,74.55,19.84,4.53,1.08,38,1765,27,1265,71.7,340,92,90,9,7,42,46,89,8
47,2919,F2,m,33.7,12,21.7,0.55,25.43,11.84,0.55,0.49,3.45,8.7,223.2,25.66,2.34,1.82,1.29,1.05,33.39,116.3,75.79,20.98,2.08,1.15,74.43,19.69,4.73,1.15,44,970,15,665,68.6,168,449,43,8,6,31,33,76,7
48,2921,F2,m,40,13.9,26.1,0.53,29.67,11.14,0.81,0.58,3.35,6,202.4,33.73,2.79,1.91,1.46,1.08,30.42,115.2,75.58,21.6,1.61,1.21,75.86,19.41,3.66,1.07,41,1595,25,1105,69.3,350,91,74,9,7,40,28,108,11
49,2923,F2,m,35.7,12.4,23.3,0.53,21.19,10.75,0.48,0.49,2.89,4.4,175.4,39.86,2.85,1.45,1.97,1.12,20.76,118.5,75.9,21.54,1.44,1.12,76.57,18.93,3.39,1.11,40,1790,28,1310,73.2,346,99,86,11,9,39,47,120,15
50,2925,F2,m,34.3,13.6,20.7,0.66,26.49,14.28,0.9,0.46,2.99,5.8,184.3,31.78,2.54,1.69,1.5,1.08,17.76,114,74.45,22.61,1.83,1.11,72.81,20.35,5.74,1.1,42,1560,24,1125,72.1,290,85,81,11,7,37,53,98,16
51,2927,F2,m,30.7,12.4,18.3,0.68,29.67,10.79,0.94,0.49,4.13,6.6,188.6,28.58,2.72,2.11,1.29,1.27,23.14,118,76.29,21,1.54,1.17,75.07,19.09,4.79,1.05,37,1325,20,975,73.6,266,71,60,9,7,37,38,93,12
52,2930,F2,m,33.3,11.6,21.7,0.53,26.49,15.36,0.81,0.49,2.79,6.6,165.1,25.02,2.87,1.93,1.49,1.51,18.23,116.2,73.95,23.95,0.87,1.23,73.65,21.99,3.2,1.16,38,1575,24,1095,69.5,271,92,78,7,10,36,37,104,8
53,2933/4,F2,m,35.9,10.7,25.2,0.42,28.61,15.04,1.29,0.73,3.3,6.8,160.8,23.65,3.11,1.5,2.07,1.08,24.96,115.6,75.04,22.57,1.19,1.2,74.56,21.71,2.54,1.19,45,1225,19,800,65.3,206,60,58,8,7,36,38,113,8
54,2937,F2,m,35.2,10.3,24.9,0.41,26.49,15.25,0.83,0.36,2.93,5.8,158.1,27.26,3.06,1.46,2.1,1.03,22.57,116.6,75.63,22.31,0.92,1.14,75.22,22.15,1.53,1.1,42,1025,16,685,66.8,145,49,56,6,5,27,46,96,6
55,2941,F2,m,36.5,11.8,24.7,0.48,25.43,15.38,0.99,0.36,3.5,8.9,189.7,21.31,2.94,2.44,1.2,1.06,23.37,117.3,76.07,21.98,0.8,1.15,75.14,20.86,2.93,1.07,44,1665,26,1195,71.8,288,90,81,12,9,47,61,166,10
56,2942,F2,m,30.6,10.3,20.3,0.51,25.43,15.49,0.67,0.89,2.17,5.8,194.8,33.59,2.91,1.43,2.03,1.11,19.39,114.3,75.22,22.17,1.54,1.07,74.42,21.56,2.96,1.06,42,1305,20,835,64,211,62,62,9,7,32,54,124,7
57,2943,F2,m,43.3,12.5,30.8,0.41,28.61,14.14,0.74,0.2,4,6,178.9,29.82,3.18,1.56,2.04,0.97,21.56,118.2,74.57,22.68,1.61,1.14,74.66,22,2.25,1.09,42,1170,18,755,64.5,206,58,54,6,5,31,38,115,5
58,4900,F2,m,42.1,13.5,28.6,0.47,28.61,14.15,0.48,0.35,3.73,7.6,228.7,30.09,3.37,2.35,1.43,1.07,22.97,116.5,73.31,24.07,1.44,1.18,74.56,21.11,3.16,1.17,42,2140,33,1570,73.4,417,115,101,15,12,36,22,81,11
59,4903,F2,m,36.9,13.9,23,0.6,28.61,16.47,0.76,0.31,4.03,8.4,205.3,24.44,2.97,2.23,1.33,1.05,22.72,116.2,73.88,24.28,0.68,1.16,74.28,21.18,3.41,1.13,40,1880,29,1330,70.7,400,96,99,15,9,36,21,56,12
60,4905,F2,m,43.4,12.4,31,0.4,30.73,13,0.58,0.54,3.59,5.8,172.7,29.78,3.22,2.21,1.46,0.82,18.52,119.3,74.2,23.58,1.08,1.14,74.22,20.95,3.73,1.1,37,1590,25,1150,72.3,304,87,77,14,8,36,23,54,9
61,4906,F2,m,50.6,14.4,36.2,0.4,30.73,14.86,0.39,0.33,4.37,5.2,215.7,41.48,3.37,2.41,1.4,1.23,24.96,114.7,74.11,23.84,0.89,1.16,73.58,22.14,3.13,1.15,46,1765,27,1280,72.5,337,100,84,12,13,33,27,62,12
62,4911,F2,m,37.2,14.4,22.8,0.63,27.55,14.36,0.55,0.5,4.11,9.2,215.7,23.45,3.01,2.36,1.28,1.28,23.26,117.2,74.42,23.64,0.81,1.13,75.3,20.79,2.79,1.12,40,1850,29,1335,72.2,346,117,81,15,10,37,36,68,10
63,4916,F2,m,46.3,13.4,32.9,0.41,29.67,14.32,0.6,0.41,3.88,6.8,189.7,27.9,3.32,2.25,1.48,1.16,30.13,118.1,74.65,23.14,1.03,1.18,74.33,19.76,4.68,1.23,33,1565,24,1120,71.6,287,85,74,12,10,33,25,67,8
64,4920,F2,m,34.9,13.1,21.8,0.6,24.37,15.36,0.73,0.33,3.51,6.6,218,33.03,2.79,2.14,1.3,0.91,21.78,116.3,73.51,24.56,0.79,1.14,74.7,21.57,2.64,1.09,34,1655,26,1240,74.9,366,98,77,12,9,30,22,49,11
65,4924,F2,m,34.8,13.6,21.2,0.64,27.55,15.67,0.81,0.31,3.66,10,285.8,28.58,2.73,2.25,1.21,0.95,18.74,117.1,73.74,24,1.13,1.13,74.48,21.25,3.11,1.16,33,2180,34,1765,81,480,145,112,14,12,34,27,64,12
66,4926,F2,m,42.2,10.5,31.7,0.33,29.67,17.92,1.11,0.69,3.22,7.6,276,36.32,3.35,2.75,1.22,1.01,26.26,114,75.05,22.77,1.05,1.13,75.71,19.97,3.26,1.06,30,1540,24,1115,72.4,338,85,66,13,10,54,25,49,10
67,4928,F2,m,33.3,13.6,19.7,0.69,26.49,15.67,0.42,0.36,4.05,8.1,257.2,31.75,3.06,2.13,1.44,1.14,18.63,117.5,74.34,23.8,0.65,1.21,74.36,20.59,3.92,1.13,33,2015,31,1545,76.7,462,122,97,12,10,34,24,58,10
68,4929,F2,m,39.9,14.6,25.3,0.58,32.85,19.28,1.31,0.69,3.81,8.9,223.5,25.11,2.98,1.88,1.59,1.13,21.99,117.2,74.87,23.26,0.74,1.13,73.87,20.7,4.27,1.16,38,2390,37,1685,70.5,421,140,110,16,14,50,33,170,14
69,4931,F2,m,38.4,14.9,23.5,0.63,24.37,18.1,0.99,0.39,4.26,5.2,214.5,41.25,2.87,1.74,1.65,1.09,20.91,115.2,72.51,25.28,1.04,1.17,74.7,21.23,2.93,1.14,40,2170,34,1570,72.4,429,129,93,15,12,38,28,105,14
70,4935,F2,m,39.4,14.8,24.6,0.6,26.49,15.9,0.94,0.54,3.2,5.2,225.9,43.44,2.98,1.66,1.8,0.95,23.84,114.3,73.64,24.24,0.95,1.17,74.51,21.18,3.22,1.09,44,2005,31,1370,68.3,374,102,101,14,10,45,50,91,13
71,4936,F2,m,38.6,12.9,25.7,0.5,25.43,15.94,0.53,0.54,3.07,8.4,220.5,26.25,3.02,1.83,1.65,1.01,23.04,115.4,73.99,23.82,1.06,1.13,75.25,20.89,2.78,1.08,42,2490,39,1840,73.9,493,150,113,18,12,44,26,96,11
72,4937,F2,m,37,13,24,0.54,27.55,13.28,0.73,0.65,3.16,6.8,207,30.44,2.79,1.82,1.53,0.93,19.71,114.2,73.82,24.09,0.92,1.17,75.45,20.99,2.47,1.09,43,2080,32,1475,70.9,427,109,103,13,10,33,50,80,15
73,4940,F2,m,36.3,13.1,23.2,0.56,28.61,15.31,0.71,0.48,3.67,5.2,194.8,37.46,2.93,1.77,1.66,1.11,19.32,116.6,74.68,23.2,0.94,1.18,75.03,20.59,3.24,1.14,42,2130,33,1235,58,396,123,103,16,10,43,70,92,13
74,4947,F2,m,37.5,14.1,23.4,0.6,26.49,16.76,0.7,0.83,3.14,7.1,231.5,32.61,2.3,1.64,1.4,1.24,22.17,121,74.01,23.97,0.86,1.16,75.14,21.32,2.43,1.11,36,2440,38,1700,69.7,530,147,102,16,11,50,65,92,14
75,4948,F2,m,35.2,13.7,21.5,0.64,26.49,13.11,0.53,0.5,3.1,7.3,214.3,29.36,2.74,1.87,1.47,1.27,27.67,117.8,73,24.75,1.01,1.24,73.82,21.25,3.81,1.12,35,2005,31,1400,69.8,409,107,94,11,10,36,40,76,11
76,4951,F2,m,35.8,14.2,21.6,0.66,27.55,15.15,1.24,0.57,3.5,8.7,280.6,32.25,2.52,1.73,1.46,0.93,21.41,117.1,73.91,23.78,1.13,1.18,74.66,21.24,3.02,1.08,34,2190,34,1640,74.9,504,134,97,16,11,44,43,98,15
77,4952,F2,m,41.8,15.1,26.7,0.57,31.79,15.83,1.7,0.93,3.76,10,252.1,25.21,3.01,2.42,1.24,1.07,21.38,122.7,74.21,23.54,1.1,1.15,73.86,21.06,3.95,1.13,35,1625,25,1180,72.6,331,88,76,15,9,37,32,68,9
78,4953,F2,m,31.4,12,19.4,0.62,29.67,13.16,0.46,0.48,3.21,7.3,207.9,28.48,2.57,1.72,1.49,1.08,19.1,112.8,73.87,23.83,1.11,1.19,75.03,20.79,3.03,1.15,34,2145,34,1485,69.2,453,113,98,12,10,40,42,86,11
79,4959,F2,m,37.4,14,23.4,0.6,27.55,14.85,0.48,0.49,2.89,7.1,228.7,32.21,2.88,1.98,1.45,1.13,24.04,118.7,73.48,24.48,0.85,1.19,73.34,19.94,5.59,1.13,33,1730,27,1260,72.8,378,99,79,11,7,35,36,66,11
80,4961,F2,m,33.6,12.6,21,0.6,33.82,15.22,1.03,0.26,4.02,6.7,163,24.33,2.97,1.96,1.52,0.79,20.42,105.84,73.97,23.96,0.91,1.16,73.15,21.28,4.44,1.13,33,1785,28,1225,68.6,338,101,86,13,8,32,41,56,15
81,4964,F2,m,32.6,12.1,20.5,0.59,32.65,13.1,0.54,0.13,3.11,5.9,208.1,35.27,2.46,2.05,1.2,0.75,15.54,109.81,74.21,23.75,0.96,1.08,73.62,21.23,4.04,1.11,30,1970,31,1400,71.1,382,100,93,12,9,37,43,58,14
82,4971,F2,m,36.3,12.1,24.2,0.5,29.15,15.57,0.83,0.94,3.5,6.3,195.1,30.97,2.83,1.82,1.55,0.9,18.2,109.41,73.74,23.82,1.24,1.2,74.26,20.26,4.43,1.05,36,1675,26,1185,70.7,325,77,86,12,8,33,31,82,9
83,4974,F2,m,38.3,13.8,24.5,0.56,32.65,18.46,0.65,0.4,3.7,4.3,239.9,55.79,2.78,2.14,1.3,0.97,15.07,109.41,73.05,24.76,1.07,1.12,73.74,21.74,3.46,1.06,34,1635,25,945,57.8,327,91,75,12,10,31,30,69,12
84,4982,F2,m,39.6,13.9,25.7,0.54,34.98,14.79,1.16,0.4,4.02,7.2,311.5,43.26,2.65,2.2,1.2,0.94,17.29,106.24,73.51,24.31,1.02,1.16,73.86,21.04,4.03,1.07,34,1930,30,1425,73.8,406,106,91,14,8,39,37,67,10
85,4992,F2,m,35.4,12.3,23.1,0.53,31.48,13.85,0.58,0.23,3.93,4.8,189.6,39.5,2.41,2.05,1.18,0.76,14.16,105.05,73.22,24.81,0.86,1.11,73.67,22.05,3.17,1.11,40,1680,26,1320,78.6,352,99,85,12,7,29,42,62,14
86,4993,F2,m,32.3,12.9,19.4,0.66,31.48,13.37,0.38,0.25,3.77,8.5,226.7,26.67,2.59,2.01,1.29,0.81,18.02,107.03,74.11,23.86,0.92,1.11,74.2,21.4,3.32,1.08,40,2065,32,1540,74.6,429,133,89,7,11,42,34,62,11
87,4994,F2,m,35.1,13.1,22,0.6,33.82,16.41,0.45,0.24,3.36,9,239.9,26.66,2.68,2.26,1.19,1.11,15.33,109.41,74.76,22.75,1.41,1.08,73.36,21.3,4.25,1.09,41,2220,35,1645,74.1,480,127,109,17,12,50,41,77,12
88,4999,F2,m,36.8,13.6,23.2,0.59,32.65,14.99,0.6,0.22,4.03,6.7,218.7,32.64,2.83,1.84,1.54,0.82,13.25,109.41,73.9,23.79,1.15,1.16,75.09,20.38,3.4,1.13,38,2115,33,1555,73.5,382,118,111,14,10,43,36,71,17
89,5003,F2,m,29.1,11.1,18,0.62,33.82,14.87,0.38,0.25,3.76,10.6,269.1,25.39,2.54,2.27,1.12,0.89,14.42,108.62,75.18,23.07,0.65,1.1,74.68,20.28,3.95,1.09,37,1850,29,1380,74.6,373,98,88,12,11,33,30,59,10
90,5004,F2,m,34.7,12.2,22.5,0.54,30.32,14.9,0.27,0.18,3.44,5.6,205.5,36.7,2.58,1.68,1.54,0.67,14.31,106.24,73.79,23.89,1.19,1.13,74.2,21.43,3.29,1.08,40,1975,31,1380,69.9,390,103,92,16,7,36,39,65,11
91,5005,F2,m,34.1,13.4,20.7,0.65,38.48,16.99,0.65,0.32,3.84,8,237.3,29.66,2.69,2.12,1.27,0.87,20.24,108.22,74.82,23.29,0.8,1.09,74.24,21.52,3.11,1.13,45,2135,33,1565,73.3,420,121,102,18,12,45,41,72,10
92,5009,F2,m,33.9,12.3,21.6,0.57,34.98,14.98,0.78,0.2,4.02,5.1,258.5,50.69,2.6,1.94,1.34,0.83,18.24,109.41,73.77,24.17,0.9,1.16,73.94,22.19,2.74,1.13,38,2385,37,1765,74,453,129,115,15,14,46,43,65,14
93,5010,F2,m,35.3,13.2,22.1,0.6,34.98,16.5,0.36,0.19,3.93,7.2,245.2,34.06,2.6,2.54,1.02,1.02,17.98,105.84,75.98,22.15,0.79,1.08,73.97,21.47,3.44,1.12,41,2200,34,1485,67.5,420,126,92,13,11,40,41,59,10
94,5011,F2,m,32.7,12.3,20.4,0.6,34.98,14.06,0.56,0.19,3.58,5.4,229.3,42.46,2.52,1.8,1.4,0.82,17.76,116.15,73.81,24.01,0.98,1.2,74.08,21.88,2.85,1.19,41,2555,40,1905,74.6,547,149,119,15,12,37,47,63,16
95,5015,F2,m,32.1,12.8,19.3,0.66,36.15,14.59,0.36,0.19,3.92,7.2,210.8,29.28,2.71,1.85,1.46,1.01,16.09,102.67,73.73,24.2,1,1.07,73.7,22.07,3.1,1.13,41,1970,31,1382,70.2,346,104,93,14,9,34,34,59,9
96,5018,F2,m,34,13.2,20.8,0.63,38.48,14.48,0.67,0.13,3.61,7.3,247.9,33.96,2.57,2.27,1.13,0.79,25.3,108.62,75.32,22.97,0.7,1.01,74.26,21.62,3.04,1.08,39,2015,31,1495,74.2,384,119,99,19,9,43,39,60,14
97,5019,F2,m,33,12.1,20.9,0.58,37.31,15.08,0.36,0.16,3.41,8.8,232,26.36,2.55,2.04,1.25,0.81,19,106.24,74.17,23.64,1.01,1.18,73.73,21.73,3.42,1.12,38,1865,29,1325,71,380,110,87,12,7,34,37,56,13
98,5021,F2,m,32.7,11.4,21.3,0.54,31.48,13.83,0.27,0.22,3.29,2.7,210.2,77.85,2.77,1.87,1.48,0.89,18.64,107.83,71.89,26.28,0.68,1.15,73.05,23.11,2.71,1.13,32,1735,27,1350,77.8,393,110,84,13,10,39,44,59,9
99,5022,F2,m,39.9,13.6,26.3,0.52,30.32,16.3,0.27,0.3,4.06,4.9,198.9,40.59,2.85,2.04,1.4,1.07,13.76,109.81,73.16,24.83,0.81,1.2,73.37,22.08,3.4,1.15,33,1735,27,1250,72,347,83,86,13,18,38,39,68,9
100,5026,F2,m,40.6,15.7,24.9,0.63,34.98,18.15,0.45,0.43,3.54,4.6,271.7,59.07,3.1,2.37,1.31,1.05,16.82,114.57,73.86,24.07,0.93,1.14,74.36,20.99,3.57,1.08,35,1900,30,1295,68.2,309,106,87,12,9,31,44,63,10
101,5028,F2,m,43.1,14.9,28.2,0.53,33.82,13.79,0.63,0.29,3.97,6,210.8,34.96,2.84,2.21,1.29,0.94,21.84,106.64,73.12,24.58,1.11,1.19,72.67,21.8,4.47,1.06,31,1770,28,1320,74.6,368,98,81,12,11,40,28,58,10
102,5029,F2,m,36.4,14.1,22.3,0.63,32.65,17.58,0.65,0.86,3.21,5.4,212.9,39.43,2.86,2.27,1.26,0.97,17.69,107.03,73.48,24.34,1.04,1.14,74.93,21.04,2.86,1.17,33,1660,26,1125,67.8,296,92,74,11,8,26,34,66,10
103,5041,F2,m,35.3,12.7,22.6,0.56,26.49,15.11,0.64,0.24,3.4,7.1,228.7,32.21,3.03,2.07,1.46,0.76,21.78,111.4,73.5,24.01,1.28,1.21,73.44,19.21,6.12,1.23,33,2025,32,1500,74.1,404,122,106,10,11,34,42,73,14
104,5042,F2,m,30.8,12.7,18.1,0.7,29.67,15.86,0.64,0.17,3.03,6.8,226.1,33.25,3,2.44,1.23,0.99,17.54,114.4,74.27,23.6,0.95,1.18,73.95,20.56,4.58,0.91,33,2580,40,1970,76.4,547,163,129,13,15,46,27,96,14
105,5044,F2,m,31.6,11.8,19.8,0.6,27.55,15.08,0.41,0.21,3.23,5.2,176.7,33.98,3.01,2.35,1.28,0.85,15.7,114.3,73.34,24.83,0.73,1.1,74.43,21.73,2.76,1.08,40,1665,26,1180,70.9,327,93,81,10,9,33,35,65,9
106,5047,F2,m,37.3,14.1,23.2,0.61,27.55,14.91,0.69,0.25,4.1,7.3,278,38.08,3.15,2.33,1.35,0.92,23.33,112.1,74.84,23.04,1.03,1.09,74.97,20.88,3.03,1.12,36,2065,32,1450,70.2,439,121,100,13,12,34,40,76,9
107,5048,F2,m,31.8,12.5,19.3,0.65,22.25,13.61,0.71,0.31,3.56,5.5,216.7,39.4,2.96,2.12,1.4,0.85,32.23,113.9,72.58,25.5,0.86,1.06,74.53,21.21,3.17,1.09,39,1835,29,1305,71.1,424,109,85,14,9,34,47,61,14
108,5051,F2,m,32.7,12.6,20.1,0.63,31.79,13.57,0.78,0.31,3.19,6,200.1,33.35,3.07,2.26,1.36,0.93,16.71,111.9,72.84,25.06,0.95,1.15,74.62,21.5,2.78,1.1,34,1980,31,1425,72,413,107,90,15,11,32,24,72,12
109,5054,F2,m,36.3,13.9,22.4,0.62,28.61,13.56,0.68,0.27,3.7,7.3,190,26.03,3.03,2.06,1.47,0.9,18.74,108.7,73.63,24.38,0.76,1.23,73.8,22.27,2.83,1.1,36,1750,27,1257,71.8,356,98,82,13,11,32,36,59,15
110,5056,F2,m,34.4,14.5,19.9,0.73,30.73,13.79,0.56,0.3,3.32,7.1,187,26.34,3.03,2.04,1.49,0.9,21.45,112.5,71.94,24.51,2.23,1.32,74.53,21.12,3.27,1.08,35,2230,35,1500,67.3,470,126,103,19,14,45,38,76,11
111,5059,F2,m,36.5,14.7,21.8,0.67,31.79,13.08,0.69,0.3,3.38,7.6,198,26.05,3.16,1.92,1.65,0.93,22.1,114.8,72.67,25.33,0.78,1.22,74.28,21.88,2.75,1.09,36,2110,33,1575,74.6,425,126,101,18,12,43,33,70,12
112,5061,F2,m,36.8,13.6,23.2,0.59,29.67,13.71,0.65,0.26,3.88,6.8,200,29.41,3.11,2.14,1.45,0.91,21.52,112.8,72.43,24.83,1.57,1.17,72.71,21.43,4.76,1.1,35,1600,25,1175,73.4,306,91,73,14,9,35,36,50,11
113,5062,F2,m,30.1,12.4,17.7,0.7,29.67,12.42,0.87,0.31,3,6.8,265,38.97,3.1,2.14,1.45,0.87,17.51,111.6,73.71,23.99,1.11,1.19,74.73,21.3,2.93,1.04,31,2010,31,1463,72.8,400,116,96,14,11,37,26,86,10
114,5064,F2,m,34,13.4,20.6,0.65,31.79,13.65,1,0.22,3.56,7.9,200,25.32,2.94,2.06,1.43,0.82,18.12,112.1,72.69,24.83,1.27,1.21,72.76,21.07,5.06,1.11,36,2265,35,1710,75.5,477,137,108,16,10,43,31,73,13
115,5068,F2,m,34.2,12.7,21.5,0.59,29.67,14.79,0.98,0.22,3.37,6.3,258,40.95,3.18,2.15,1.48,0.88,17.33,116,73.81,23.77,1.16,1.26,74.6,21.71,2.67,1.02,38,2390,37,1795,75.1,511,126,111,21,12,40,32,78,17
116,5069,F2,m,29.6,12.4,17.2,0.72,33.91,15.63,0.87,0.16,3.18,8.1,224,27.65,3.12,2.23,1.4,0.99,22.54,114.2,72.05,25.05,1.6,1.3,71.54,21.14,6.22,1.1,34,1795,28,1304,72.6,361,106,91,15,11,38,23,52,13
117,5073,F2,m,31.9,12.5,19.4,0.64,36.03,13.92,0.69,0.48,3.16,8.1,223,27.53,2.98,2.27,1.31,0.88,23.84,117.2,72.78,24.55,1.16,1.51,72.61,23.03,3.29,1.07,38,1925,30,1352,70.2,412,113,85,14,9,44,25,52,13
118,5074,F2,m,31,12.8,18.2,0.7,34.97,13.51,0.87,0.22,2.98,8.9,198,22.25,2.85,2.07,1.38,0.84,17.76,115.8,71.96,25.75,0.81,1.48,73.26,22.44,3.17,1.13,40,2145,33,1545,72,463,105,95,15,11,40,39,78,14
119,5076,F2,m,37.4,14.2,23.2,0.61,36.03,16.75,0.8,0.15,3.18,10,189,18.9,3.04,2.39,1.27,0.92,21.38,116.7,73.54,23.95,1.34,1.17,72.56,22.25,4,1.19,38,1750,27,1272,72.7,359,103,82,11,10,33,32,53,9
120,5077,F2,m,30.7,12.8,17.9,0.72,32.85,14.52,0.68,0.21,3.22,7.1,199,28.03,2.92,2.24,1.3,0.86,18.38,113.5,72.81,24.63,1.3,1.26,73.85,21.48,3.51,1.16,40,2365,37,1670,70.6,500,133,104,16,12,41,39,67,16
121,5080,F2,m,34.7,13.7,21,0.65,37.09,14.78,0.96,0.2,3.87,8.2,220,26.83,3.06,2.35,1.3,0.88,16.89,115.7,73.82,23.25,1.71,1.22,73.34,20.63,4.89,1.14,38,2015,31,1515,75.2,446,122,92,16,11,39,22,63,14
122,5081,F2,m,34.5,14.6,19.9,0.73,33.91,12.77,1.01,0.23,3.87,6.6,236,35.76,3.21,2.25,1.43,0.83,18.27,112,73.66,23.58,1.55,1.21,72.97,20.39,5.57,1.07,38,1695,26,1232,72.7,345,94,79,15,13,35,26,55,8
123,5083,F2,m,31.1,12.1,19,0.64,31.79,12.45,0.9,0.19,3.82,6,298,49.67,2.94,1.92,1.53,0.79,18.52,112,73.21,24.3,1.21,1.28,74.94,20.91,3.05,1.1,37,2095,33,1305,62.3,425,125,102,17,12,38,29,67,10
124,5084,F2,m,32,12.2,19.8,0.62,36.03,10.69,0.42,0.24,3.32,6.8,278,40.88,2.92,1.96,1.49,0.86,21.3,115.3,73.71,23.89,1.16,1.24,72.95,21.4,4.47,1.18,37,2100,33,1592,75.8,458,110,98,15,13,38,32,60,12
125,5086,F2,m,37.6,12.9,24.7,0.52,32.85,14.96,0.5,0.2,3.44,6.8,200,29.41,2.95,1.82,1.62,0.84,15.01,114.7,74.16,23.44,1.22,1.18,73.4,20.76,4.73,1.11,44,2395,37,1595,66.6,498,142,117,22,14,47,27,67,12
126,5097,F2,m,39,13.9,25.1,0.553784861,26.33,12.39,0.52,0.46,3.25,8,207.2,25.9,2.11,1.85,1.14,0.98,19.9,111.5,72.82,25.17,0.74,1.27,74.38,21.82,2.67,1.13,32,1910,30,1430,74.9,384,116,82,15,11,41,34,69,12
127,5101,F2,m,33.8,13.8,20,0.69,29.49,15.35,0.64,0.49,3.39,13.8,248.8,18.03,2.57,2.03,1.27,1.02,23.55,110.2,73.95,24.1,0.78,1.17,74.14,20.7,4.13,1.03,36,1910,30,1275,66.8,411,105,89,14,11,40,29,66,10
128,5107,F2,m,33,13.9,19.1,0.727748691,26.33,13.7,1.74,0.38,3.85,10.1,210.9,20.88,2.46,1.78,1.38,0.85,20.76,111.2,73.99,23.83,1.05,1.13,75.06,21.11,2.79,1.04,39,2390,37,1815,75.9,568,145,111,19,10,45,38,86,10
129,5109,F2,m,32.9,12.7,20.2,0.628712871,30.54,13.4,0.58,0.52,3.63,10.4,234.6,22.56,2.43,1.74,1.4,0.97,19.68,111.4,73.05,24.47,1.17,1.31,73.63,21.82,3.52,1.03,37,2255,35,1670,74.1,485,127,103,16,12,40,28,82,17
130,5112,F2,m,35.7,13.4,22.3,0.600896861,28.43,12.49,0.52,0.41,3.37,8,235.4,29.43,2.55,1.98,1.29,0.75,26.66,111.6,72.94,24.95,0.91,1.2,73.85,22.06,2.92,1.17,40,2260,35,1615,71.5,463,122,102,18,11,35,30,70,15
131,5115,F2,m,32.4,12.7,19.7,0.644670051,33.7,12.73,0.52,0.42,3.14,13.8,415.5,30.11,2.4,1.96,1.22,0.82,19.53,110.8,74.14,23.64,1.02,1.2,74.31,21.23,3.33,1.13,46,2680,42,2015,75.2,633,139,113,18,11,50,28,70,11
132,5118,F2,m,31.9,13.2,18.7,0.705882353,28.43,12.48,1.16,0.37,3.4,8.5,264.1,31.07,2.45,1.69,1.45,1.11,20.62,110.6,74.22,23.65,0.91,1.22,75.52,20.55,2.88,1.05,38,2470,39,1795,72.7,581,137,113,17,11,48,36,75,16
133,5120,F2,m,35.4,13.4,22,0.609090909,32.65,14.28,1.22,0.37,2.94,12,216.5,18.04,2.54,1.76,1.44,0.9,24.92,113.7,73.45,24.53,0.91,1.11,74.32,21.73,2.83,1.12,40,2115,33,1515,71.6,463,121,95,13,11,34,30,54,13
134,5124,F2,m,32.5,13.1,19.4,0.675257732,25.28,12.81,0.58,0.33,3.11,5.9,233.8,39.63,2.29,2.08,1.1,1.03,30.06,111.2,73.03,24.81,0.91,1.25,74.92,21.82,2.17,1.09,42,2355,37,1745,74.1,486,131,115,16,10,43,38,74,13
135,5125,F2,m,46.1,13.6,32.5,0.418461538,35.81,14.96,1.69,0.75,4.07,9.1,271.8,29.87,3.08,2.13,1.45,1.26,17.58,109.4,74.68,22.92,1.11,1.29,74.35,22.03,2.55,1.07,36,1460,23,1005,68.8,271,67,77,15,11,50,22,42,24
136,5129,F2,m,33.8,12.5,21.3,0.58685446,29.49,14.16,0.41,0.51,3.52,7.5,209.3,27.91,2.57,1.86,1.38,0.9,17.76,110.3,73.94,24.08,0.68,1.3,75.03,21.56,2.24,1.17,50,2310,36,1710,74,498,141,100,18,12,40,34,77,19
137,5130,F2,m,35.1,12.5,22.6,0.553097345,28.43,12.77,0.64,0.41,3.56,5.3,243.7,45.98,2.39,1.9,1.26,0.79,27.09,110.8,74.41,23.58,0.73,1.28,74.82,20.68,3.39,1.11,52,2640,41,1925,72.9,572,154,118,19,12,42,46,82,18
138,5133,F2,m,35.6,12.6,23,0.547826087,41.07,14.65,1.22,0.23,3.47,9.1,187.2,20.57,2.87,2.89,0.99,1.15,27.17,110.4,75.08,23.27,0.49,1.16,73.46,20.48,5.05,1.01,37,1910,30,1405,73.6,428,99,95,13,14,44,22,76,11
139,5135,F2,m,29.1,11.3,17.8,0.634831461,34.75,13.77,0.64,0.32,2.67,5.1,230.8,45.25,2.68,1.99,1.35,0.92,19.64,112.2,73.12,24.16,1.47,1.25,72.51,20.85,5.5,1.14,44,2240,35,1610,71.9,439,127,106,18,14,34,26,70,15
140,5136,F2,m,45.1,13.8,31.3,0.440894569,33.7,11.27,0.52,0.29,2.96,7.2,218.6,30.36,2.94,2.41,1.22,1.24,16.86,111,72.47,25.31,1.03,1.19,74.14,20.9,3.9,1.06,43,2240,35,1570,70.1,505,119,103,19,13,50,31,76,16
141,5144,F2,m,47,13.7,33.3,0.411411411,34.75,13.51,0.7,0.31,3.53,8.5,241.1,28.36,2.85,2.39,1.19,0.88,24.71,107.5,73.38,24.46,0.93,1.23,73.86,21.43,3.64,1.07,55,2665,41,1910,71.7,548,150,127,21,21,52,31,90,16
142,5149,F2,m,36,13.4,22.6,0.592920354,34.75,13.03,0.64,0.32,3.4,9.6,253.9,26.45,2.77,2.53,1.09,0.99,26.7,114.4,73.57,24.71,0.51,1.21,74.01,21.71,3.2,1.08,50,2010,31,1425,70.9,388,106,93,16,11,39,52,72,13
143,5152,F2,m,45.5,13.7,31.8,0.43081761,41.07,16.25,0.7,0.28,3.72,6.9,266.7,38.65,2.93,2.61,1.12,1.13,20.44,112.4,73.9,24.01,0.91,1.18,74.53,21.91,2.43,1.13,44,1605,25,1170,72.9,341,80,82,12,19,36,29,49,16
144,5154,F2,m,39.5,14.3,25.2,0.567460317,38.97,16.78,0.7,0.41,4.35,8.3,241.1,29.05,2.81,2.29,1.23,1.02,21.02,112.2,73.16,24.96,0.63,1.25,73.05,21.59,4.23,1.13,44,1975,31,1395,70.6,404,107,87,11,10,33,24,69,9
145,3136,F2,m,34.3,13.7,20.6,0.67,13.33,16.37,0.38,0.24,4.44,5.7,196.2,34.42,2.7,2.06,1.31,0.97,20.28,109,73.78,22.84,2.37,1.01,-,-,-,-,42,1764,27,1435,81.3,368,100,90,11,8,35,35,58,11
146,3137,F2,m,34.2,13.7,20.5,0.67,15.76,17.83,0.47,0.32,3.65,4.9,170.6,34.82,2.5,2.03,1.23,0.93,14.23,112,73.26,23.29,2.46,0.99,-,-,-,-,38,1337,21,1003,75,295,63,70,9,7,36,25,50,8
147,3138,F2,m,29.9,12.6,17.3,0.73,10.91,19.7,0.49,0.28,3.9,5.7,194.8,34.18,2.59,2.03,1.28,1.13,13.69,116.5,73.1,23.63,2.18,1.09,-,-,-,-,45,1214,19,985,81.1,249,73,53,9,6,34,26,47,9
148,3139,F2,m,34.8,13.8,21,0.66,12.12,16.48,0.8,0.32,3.45,4.7,186,39.57,2.41,1.9,1.27,0.89,15.83,109,72.87,23.86,2.14,1.13,-,-,-,-,40,1463,23,1170,80,357,77,58,9,6,31,26,49,10
149,3140,F2,m,35.9,14.9,21,0.71,14.55,17.04,0.4,0.2,4.62,6,205,34.17,2.81,2.19,1.28,0.98,17.69,110.3,72.67,23.63,2.61,1.09,-,-,-,-,38,1167,18,925,79.3,251,65,52,10,9,37,29,72,7
150,3141,F2,m,44.7,16.9,27.8,0.61,14.55,16.62,0.62,0.32,3.24,4.7,160.1,34.06,3.1,2.3,1.35,1.13,16.42,120,72.68,24.1,2.11,1.11,-,-,-,-,39,1403,22,1064,75.8,259,80,69,4,6,29,29,44,7
151,3142,F2,m,34,13.4,20.6,0.65,12.12,16.31,0.4,0.17,3.79,6.2,211.8,34.16,2.78,2.34,1.19,1.09,13.98,119,72.34,25.5,1.19,0.97,-,-,-,-,36,1404,22,980,69.8,326,73,65,8,8,28,22,54,12
152,3143,F2,m,31.1,13.4,17.7,0.76,9.7,14.85,0.22,0.17,3.51,4.4,192.3,43.7,2.41,2.26,1.07,0.92,13.58,113,73.8,22.82,2.3,1.08,-,-,-,-,37,1225,19,985,80.4,265,71,63,7,5,30,20,43,7
153,3145,F2,m,37.2,15,22.2,0.68,14.55,16.94,0.44,0.29,5.13,7.1,180.2,25.38,2.61,1.93,1.35,0.81,20.49,115.6,73.03,23.63,2.33,1.01,-,-,-,-,41,1003,15,835,83.3,232,62,50,7,5,26,20,36,5
154,3146,F2,m,33.1,13.8,19.3,0.72,20.61,23.17,0.87,0.31,2.99,7.1,174.7,24.61,3.17,2.3,1.38,0.95,14.74,116,73.44,23.34,2.16,1.06,-,-,-,-,41,1159,15,915,78.9,243,69,60,8,5,30,23,43,7
155,3147,F2,m,33.9,14.3,19.6,0.73,10.91,17.2,0.56,0.26,4.12,5.5,208,37.82,2.6,2.28,1.14,0.76,14.67,115,72.56,24.03,2.37,1.04,-,-,-,-,37,1661,18,1305,78.6,342,89,82,8,8,35,25,60,9
156,3148,F2,m,35.8,14.1,21.7,0.65,10.91,17.12,0.29,0.31,4.44,4.9,160.9,32.84,2.47,1.95,1.27,0.83,17.18,118.9,72.75,23.9,2.4,0.95,-,-,-,-,36,1184,26,980,82.8,248,65,71,6,7,28,31,50,7
157,3149,F2,m,37.1,15.1,22,0.69,13.33,17.13,0.36,0.19,4.55,6,211,35.17,2.7,1.95,1.38,0.98,18.71,120,72.5,24.2,2.18,1.12,-,-,-,-,40,1410,18,1149,81.5,315,95,59,8,6,31,22,47,9
158,3150,F2,m,36.5,14.2,22.3,0.64,16.97,16.03,0.45,0.43,3.74,7.1,197.8,27.86,2.69,2.02,1.33,1.05,16.02,122,73.27,24.11,1.47,1.15,-,-,-,-,42,1221,22,970,79.4,267,66,65,8,5,26,30,46,7
159,3151,F2,m,39.1,15.7,23.4,0.67,14.55,20.27,0.8,0.45,3.79,6.3,253.7,40.27,2.12,2.18,0.97,1.08,17,118,73.89,23.21,1.8,1.1,-,-,-,-,37,1324,19,1115,84.2,293,87,65,11,7,31,26,48,11
160,3152,F2,m,41.2,13.7,27.5,0.5,14.55,18.41,0.36,0.28,5.29,5.7,207.4,36.39,3,2.36,1.27,1.22,21.3,113.7,71.35,26.27,1.48,0.9,-,-,-,-,35,1382,20,1128,81.6,326,63,65,11,5,37,18,78,7
161,3153,F2,m,43.9,17.4,26.5,0.66,19.4,27.45,0.82,0.35,4.9,5.2,253.4,48.73,2.68,3.04,0.88,1.06,37.17,116,71.64,25.81,1.53,1.02,,,,,37,1495,21,1130,75.6,350,69,78,11,7,36,19,62,13
162,3154,F2,m,37.9,16.2,21.7,0.75,20.61,17.42,0.4,0.27,4.73,7.6,200.2,26.34,2.6,2.01,1.29,0.83,16.34,112,73.04,24.65,1.26,1.05,-,-,-,-,28,1249,23,985,78.9,310,56,75,6,7,30,24,43,7
163,3155,F2,m,39.2,14.6,24.6,0.59,18.18,17.48,0.34,0.43,5.56,7.6,200.2,26.34,2.5,2.06,1.21,1.01,15.83,111,72.86,24.33,1.64,1.17,-,-,-,-,41,1075,19,880,81.9,253,62,54,9,4,22,18,41,7
164,3156,F2,m,32.9,12.1,20.8,0.58,15.76,16.07,0.38,0.3,3.25,6.8,154.9,22.78,2.79,1.77,1.58,0.95,26.46,113,72.11,25.02,1.7,1.17,-,-,-,-,37,1324,16,985,74.4,330,70,64,6,7,29,21,45,9
165,3157,F2,m,37.3,14.7,22.6,0.65,16.97,15.12,0.32,0.41,4.51,6.3,170.8,27.11,2.68,1.96,1.37,0.93,20.2,119,73.42,24.32,1.16,1.1,-,-,-,-,34,1498,20,1190,79.4,308,73,77,9,7,27,22,47,7
166,3158,F2,m,38.8,15.2,23.6,0.64,18.18,17.19,0.4,0.26,4.67,5.5,191.7,34.85,3.04,1.76,1.73,1.01,14.56,120,72.41,25.26,1.35,0.98,-,-,-,-,45,1216,23,985,81,298,69,63,6,8,32,17,39,7
167,3160,F2,m,37.8,14.7,23.1,0.64,12.12,16.78,0.22,0.22,4.43,4.8,184.9,38.52,2.85,2.15,1.33,1.01,14.71,115.3,73.55,23.81,1.58,1.06,-,-,-,-,43,657,19,515,78.4,123,41,25,4,5,22,24,34,4
168,3161,F2,m,40,14.9,25.1,0.59,19.4,18.17,0.42,0.29,4.86,6,194.9,32.48,2.57,1.92,1.34,1.01,15.98,118.9,71.9,25.62,1.31,1.17,-,-,-,-,36,1453,10,1120,77.1,190,95,67,10,7,29,24,46,8
169,8106,ï¿½ï¿½ï¿½ï¿½ï¿½ï¿½ï¿½ ï¿½ï¿½ï¿½ï¿½ï¿½,m,34,12.2,21.8,0.56,26.49,16.8,0.58,0.95,4.12,9.7,263.4,27.15,2.45,2.34,1.05,1.13,23.62,116.5,75.4,21.55,1.96,1.09,74.94,22.15,1.76,1.15,33,775,12,420,54.2,110,38,32,6,4,20,32,65,5
170,8111,ï¿½ï¿½ï¿½ï¿½ï¿½ï¿½ï¿½ ï¿½ï¿½ï¿½ï¿½ï¿½,m,55.3,12.4,42.9,0.29,33.91,13.02,0.57,0.43,4.77,8.4,183.2,21.81,3.4,2.48,1.37,1.01,34,114,74.8,22.96,1.04,1.2,74.8,22,2.07,1.13,29,560,8,350,62.5,64,19,20,5,4,21,15,77,3
171,8116,ï¿½ï¿½ï¿½ï¿½ï¿½ï¿½ï¿½ ï¿½ï¿½ï¿½ï¿½ï¿½,m,42,14.9,27.1,0.55,27.55,17.22,0.99,0.26,4.55,7.9,218,27.59,3.36,2.4,1.4,0.9,21.34,113.2,73.7,21.91,3.23,1.16,74.54,23.33,1.04,1.09,33,900,14,520,57.8,141,42,38,7,4,26,34,71,6
172,8122,ï¿½ï¿½ï¿½ï¿½ï¿½ï¿½ï¿½ ï¿½ï¿½ï¿½ï¿½ï¿½,m,33.9,11.6,22.3,0.52,26.49,20.13,0.83,0.49,4,10,249.6,24.96,3.38,1.82,1.86,1.6,21.99,111,75.58,20.54,2.84,1.04,75.95,21.67,1.32,1.06,34,495,7,320,64.6,54,17,16,5,3,22,21,43,3
173,8128,ï¿½ï¿½ï¿½ï¿½ï¿½ï¿½ï¿½ ï¿½ï¿½ï¿½ï¿½ï¿½,m,34.2,13.8,20.4,0.68,25.43,18.08,0.87,0.36,3.69,5,201.6,40.32,2.91,2.2,1.32,0.81,19.68,112,75.13,20.09,3.67,1.11,74.34,22.77,1.75,1.14,32,830,13,530,63.9,117,40,37,9,4,21,26,56,6
174,8130,ï¿½ï¿½ï¿½ï¿½ï¿½ï¿½ï¿½ ï¿½ï¿½ï¿½ï¿½ï¿½,m,42.9,14,28.9,0.48,26.49,15.35,0.71,0.63,4.48,6,167.8,27.97,3.06,2.24,1.37,0.82,21.7,110.7,74.39,21.4,3.05,1.16,74.53,23.28,1.05,1.14,29,775,12,530,68.4,126,41,34,7,4,24,32,64,5
175,8139,ï¿½ï¿½ï¿½ï¿½ï¿½ï¿½ï¿½ ï¿½ï¿½ï¿½ï¿½ï¿½,m,37.9,14.8,23.1,0.64,24.37,16.07,0.67,0.28,4.27,5.8,221.5,38.19,3.18,2,1.59,0.79,25.25,112.7,73.68,22.11,3.15,1.06,73.86,23.33,1.64,1.17,30,775,12,470,60.6,115,35,31,8,3,21,24,57,4
176,8140,ï¿½ï¿½ï¿½ï¿½ï¿½ï¿½ï¿½ ï¿½ï¿½ï¿½ï¿½ï¿½,m,38.4,12.4,26,0.48,28.61,14.47,0.5,0.62,4.41,8.1,287.7,35.52,3.12,2.42,1.29,0.98,34.22,112.2,75.58,22.25,1.15,1.02,75.83,21.69,1.41,1.07,33,495,7,270,54.5,78,22,20,4,3,20,24,47,2
177,8146,ï¿½ï¿½ï¿½ï¿½ï¿½ï¿½ï¿½ ï¿½ï¿½ï¿½ï¿½ï¿½,m,21.4,8.6,12.8,0.67,23.31,14.76,0.46,0.62,2.82,5,209.7,41.94,2.4,2.1,1.14,1.01,17.4,113,75.36,21.78,1.81,1.05,75.25,22.09,1.56,1.1,34,725,11,445,61.4,101,36,31,5,4,19,29,60,4
178,8170,ï¿½ï¿½ï¿½ï¿½ï¿½ï¿½ï¿½ ï¿½ï¿½ï¿½ï¿½ï¿½,m,36.2,13,23.2,0.56,10.37,12.77,0.52,0.41,3.37,5,162.5,32.5,2.76,2.17,1.27,0.84,24.16,109.3,72.77,24.83,1.24,1.16,74.12,22.49,2.26,1.13,34,775,12,537,69.3,122,43,36,5,4,18,33,45,5
179,8171,ï¿½ï¿½ï¿½ï¿½ï¿½ï¿½ï¿½ ï¿½ï¿½ï¿½ï¿½ï¿½,m,33.8,13.6,20.2,0.67,11.41,11.75,0.57,0.3,3.75,4.5,237.4,52.76,2.7,2.02,1.34,1.06,19.17,110.9,74.31,23.45,1.1,1.14,74.23,21.66,3.09,1.02,35,760,12,509,67,121,42,34,6,6,20,20,45,5
180,8174,ï¿½ï¿½ï¿½ï¿½ï¿½ï¿½ï¿½ ï¿½ï¿½ï¿½ï¿½ï¿½,m,33.9,13.8,20.1,0.69,10.37,12.15,0.44,0.44,4.32,6.8,217.4,31.97,2.74,1.86,1.47,1.02,14.69,108.8,73.83,24.3,0.72,1.15,73.47,23.08,2.36,1.09,40,810,12,541,66.8,130,45,38,8,4,19,23,45,3
181,8175,ï¿½ï¿½ï¿½ï¿½ï¿½ï¿½ï¿½ ï¿½ï¿½ï¿½ï¿½ï¿½,m,32.4,10.8,21.6,0.5,36.29,13.2,0.52,0.42,3.76,7.1,227.4,32.03,2.89,2,1.45,1.09,17.11,110.2,74.94,22.97,1,1.09,73.89,21.62,3.48,1.01,38,760,11,504,66.3,125,34,30,6,4,20,20,44,8
182,8177,ï¿½ï¿½ï¿½ï¿½ï¿½ï¿½ï¿½ ï¿½ï¿½ï¿½ï¿½ï¿½,m,36.9,15.2,21.7,0.7,36.29,13.37,0.61,0.27,3.26,7.1,237.4,33.44,2.78,2.28,1.22,0.98,9.55,113.6,74.68,23.76,0.43,1.13,74.75,22.59,1.57,1.09,40,970,15,615,63.4,157,50,42,7,5,23,37,59,8
183,8178,ï¿½ï¿½ï¿½ï¿½ï¿½ï¿½ï¿½ ï¿½ï¿½ï¿½ï¿½ï¿½,m,36.1,13.6,22.5,0.6,39.4,12.74,0.48,0.46,4.66,6.1,217.4,35.64,2.74,2.14,1.28,1.02,16.75,109.7,74.83,23.22,0.84,1.11,74.15,21.42,3.36,1.07,36,580,9,384,66.2,94,33,28,7,3,15,15,34,4
184,8179,ï¿½ï¿½ï¿½ï¿½ï¿½ï¿½ï¿½ ï¿½ï¿½ï¿½ï¿½ï¿½,m,31.2,13.2,18,0.73,34.22,12.39,0.35,0.33,3.36,4.4,170.5,38.75,2.85,1.96,1.45,1.05,17.54,109.1,74.23,23.56,1.08,1.13,73.05,22.26,3.61,1.08,32,680,10,427,62.8,97,34,28,7,3,22,21,51,4
185,8180,ï¿½ï¿½ï¿½ï¿½ï¿½ï¿½ï¿½ ï¿½ï¿½ï¿½ï¿½ï¿½,m,33.5,13.5,20,0.68,35.26,12.85,0.48,0.29,3.6,5.3,170,32.08,2.9,2.01,1.44,1.06,15.52,111.9,73.78,24.17,0.9,1.15,72.93,21.25,4.81,1.01,39,845,13,597,70.7,147,42,41,7,6,20,21,42,5
186,8182,ï¿½ï¿½ï¿½ï¿½ï¿½ï¿½ï¿½ ï¿½ï¿½ï¿½ï¿½ï¿½,m,41.9,16.1,25.8,0.62,39.4,11.98,0.78,0.4,4.25,6.6,267.4,40.52,2.91,2.25,1.29,1.42,19.93,110.9,74.03,24.43,0.41,1.13,74.84,22.95,1.12,1.09,37,645,10,429,66.5,107,30,25,5,4,18,18,38,5
187,8187,ï¿½ï¿½ï¿½ï¿½ï¿½ï¿½ï¿½ ï¿½ï¿½ï¿½ï¿½ï¿½,m,31.1,10.2,20.9,0.49,26.96,6.14,3.4,0.65,5.8,21.6,454.9,21.06,2.74,4.65,0.59,1.73,48.65,114.1,75.54,23.16,0.37,0.93,74.64,22.91,1.39,1.06,43,520,8,302,58.1,55,21,22,6,4,31,12,40,5
188,8188,ï¿½ï¿½ï¿½ï¿½ï¿½ï¿½ï¿½ ï¿½ï¿½ï¿½ï¿½ï¿½,m,36.5,14.3,22.2,0.64,37.33,12.56,0.52,0.23,3.76,5.5,269.9,49.07,2.91,1.95,1.49,1.05,19.9,109.4,75.44,23.2,0.26,1.1,76.17,22.21,0.67,0.95,40,570,8,391,68.6,89,26,26,6,4,20,17,32,4
189,8192,ï¿½ï¿½ï¿½ï¿½ï¿½ï¿½ï¿½ ï¿½ï¿½ï¿½ï¿½ï¿½,m,35.6,15.2,20.4,0.75,34.22,12.11,0.57,0.28,4.01,6.1,274.9,45.07,2.84,2.2,1.29,1.09,19.21,112.5,74.62,23.7,0.59,1.09,74.46,22.95,1.53,1.06,38,745,11,506,67.9,125,41,36,7,4,19,28,43,5
190,8193,ï¿½ï¿½ï¿½ï¿½ï¿½ï¿½ï¿½ ï¿½ï¿½ï¿½ï¿½ï¿½,m,34.4,14.9,19.5,0.76,37.33,12.19,0.48,0.39,4.43,6.1,227.4,37.28,2.87,2.24,1.28,0.87,25.32,111.4,74.41,23.83,0.7,1.06,72.47,23,3.45,1.08,48,705,10,485,68.8,114,34,33,7,4,16,16,38,5
191,8194,ï¿½ï¿½ï¿½ï¿½ï¿½ï¿½ï¿½ ï¿½ï¿½ï¿½ï¿½ï¿½,m,43.1,16.5,26.6,0.62,38.37,13.13,0.48,0.27,4.12,7.9,227.4,28.78,3.08,2.47,1.25,1.21,17.04,112.5,74.65,24.13,0.47,0.75,74.1,22.51,2.38,1.01,44,685,10,401,58.5,94,27,36,6,5,22,16,36,6
192,8195,ï¿½ï¿½ï¿½ï¿½ï¿½ï¿½ï¿½ ï¿½ï¿½ï¿½ï¿½ï¿½,m,49.6,18.8,30.8,0.61,38.37,12.56,0.78,0.4,4.21,19.5,494.9,25.38,2.64,3.5,0.75,1.39,17.69,112.5,74.34,24.33,0.28,1.05,73.93,22.77,2.21,1.09,44,815,12,548,67.2,137,41,39,8,4,19,20,43,5
193,8196,ï¿½ï¿½ï¿½ï¿½ï¿½ï¿½ï¿½ ï¿½ï¿½ï¿½ï¿½ï¿½,m,42.1,14.1,28,0.5,38.37,15.11,0.78,0.63,4.96,4.5,222.4,49.42,2.84,2.81,1.01,1.02,31.69,109.6,75,23.75,0.28,0.97,75.76,21.88,1.37,0.99,46,650,10,416,64,82,34,28,8,4,19,20,39,5
194,8197,ï¿½ï¿½ï¿½ï¿½ï¿½ï¿½ï¿½ ï¿½ï¿½ï¿½ï¿½ï¿½,m,38.1,15.4,22.7,0.68,40.44,12.62,0.96,0.26,4.34,8.4,377.4,44.93,3.08,2.33,1.32,0.86,28.76,115.3,76,22.98,0.06,0.96,76.86,21.52,0.72,0.9,45,580,8,370,63.8,82,29,24,8,3,25,15,36,4
195,8200,ï¿½ï¿½ï¿½ï¿½ï¿½ï¿½ï¿½ ï¿½ï¿½ï¿½ï¿½ï¿½,m,38.2,14.2,24,0.59,36.29,13.4,0.35,0.27,3.66,7,199.9,28.56,2.76,1.88,1.47,1.03,12.95,111.3,73.88,23.93,1.03,1.16,74.52,21.78,2.66,1.04,44,925,14,610,65.9,134,49,42,8,6,18,22,50,5
196,8202,ï¿½ï¿½ï¿½ï¿½ï¿½ï¿½ï¿½ ï¿½ï¿½ï¿½ï¿½ï¿½,m,39.1,15.4,23.7,0.65,38.37,14.35,0.52,0.28,4.31,7.6,232.4,30.58,2.79,2.92,0.96,1.13,20.66,110.5,73.88,24.57,0.42,1.13,72.21,22.95,3.79,1.05,49,860,13,602,70,146,48,37,7,4,20,26,42,8
