sheet,metabolite,group_type,mean,median,std,cv,iqr,n_samples,mean_vsedian_diff
Breast,pnto_R,slow,16.54099853,16.60371653,4.782655537,0.289139469,6.7387562,12,0.062718002
Breast,pnto_R,fast,21.52238683,22.11000585,5.949703297,0.276442541,5.984645074,12,0.587619019
Breast,2hb,slow,19.32554069,18.92228392,9.468716648,0.489958692,8.459355344,12,0.403256777
Breast,2hb,fast,18.58257128,17.84214605,5.699880176,0.306732588,2.133008966,12,0.740425226
Breast,leu__L,slow,169.7934694,166.2667196,63.51813027,0.374090538,57.78062502,12,3.526749843
Breast,leu__L,fast,136.4683383,115.642274,58.59462857,0.429364271,17.21488375,12,20.82606433
Breast,CE1661,slow,62.73755232,65.67327327,17.45551895,0.278230793,20.86350586,12,2.935720959
Breast,CE1661,fast,53.82115636,55.84509312,17.10440828,0.317800832,17.08068061,12,2.023936759
Breast,val__L,slow,170.968257,150.2970551,79.42603769,0.464565991,57.29554615,12,20.67120187
Breast,val__L,fast,139.9562473,117.4255025,51.71364997,0.369498689,34.62386281,12,22.53074487
Breast,ile__L,slow,100.1468647,90.60840701,47.05210481,0.469831032,49.81506582,12,9.538457658
Breast,ile__L,fast,82.20583945,76.91876982,31.27571772,0.380456157,16.008824,12,5.287069622
Breast,gln__L,slow,321.2868943,171.96204,348.9434196,1.086080465,605.5833186,24,149.3248542
Breast,gln__L,fast,298.5616007,254.1008512,295.9432301,0.991230049,563.6862391,24,44.46074951
Breast,bhb,slow,485.6523915,507.2517258,278.9762928,0.574436156,345.7593606,12,21.5993343
Breast,bhb,fast,446.5463296,326.1154286,340.7828402,0.763152259,224.4267943,12,120.430901
Breast,lac__L,slow,90867.2591,93620.95556,15044.11484,0.165561446,13558.45607,12,2753.696465
Breast,lac__L,fast,90559.35612,88890.82646,9497.253934,0.104873249,18262.53794,12,1668.52966
Breast,lac___D,slow,575.6468015,521.7003752,241.4250808,0.419397937,290.8157241,12,53.94642635
Breast,lac___D,fast,537.759609,468.7301148,194.5495425,0.361777901,177.1895921,12,69.02949418
Breast,ala__L,slow,842.9002935,793.911436,154.4299372,0.18321258,249.0334778,12,48.98885748
Breast,ala__L,fast,855.8934138,784.6217593,163.1059621,0.190568077,253.4194423,12,71.27165451
Breast,ac,slow,216.8990077,215.8472024,57.86970264,0.266804829,71.94512231,12,1.051805238
Breast,ac,fast,210.4222876,190.8099731,55.64176836,0.264429063,86.93198247,12,19.61231446
Breast,glu__L,slow,507.9952701,482.5840583,157.7776224,0.310588763,105.1048525,12,25.41121181
Breast,glu__L,fast,457.2999568,399.2524862,150.9984678,0.330195675,164.3956005,12,58.0474706
Breast,pyr,slow,85.99288563,79.59280911,26.80737227,0.31173942,31.63821209,12,6.40007652
Breast,pyr,fast,84.6394771,75.28042129,22.33425261,0.263875125,30.92020461,12,9.359055804
Breast,succ,slow,134.7745807,128.6177823,76.37417026,0.566680823,102.7085634,12,6.156798337
Breast,succ,fast,124.68758,126.330639,67.15007722,0.53854664,94.21372915,12,1.643058993
Breast,ala_B,slow,333.5285629,291.1924716,138.8061619,0.416174737,86.59011332,12,42.33609129
Breast,ala_B,fast,378.9821801,338.2420889,167.7406926,0.44260839,241.2194198,12,40.74009118
Breast,glyb,slow,106.0508742,112.0843069,25.23776416,0.237977898,37.5367515,12,6.033432658
Breast,glyb,fast,101.5145655,99.62385735,17.56858846,0.173064706,18.88385935,12,1.890708133
Breast,asn__L,slow,177.9449836,144.3625894,75.85181394,0.426265537,95.11985928,12,33.58239423
Breast,asn__L,fast,155.1992742,144.6177554,54.78372809,0.35298959,47.74333955,12,10.58151872
Breast,dmgly,slow,310.8610362,284.3065739,129.5836551,0.416853964,196.497337,12,26.55446228
Breast,dmgly,fast,334.1133944,321.0597592,91.38990923,0.273529618,112.4504437,12,13.05363529
Breast,M02035,slow,31.47751275,33.40216674,8.973601906,0.285079764,7.489543241,12,1.924653989
Breast,M02035,fast,33.26204293,32.06514957,7.050767396,0.211976378,10.23539917,12,1.196893359
Breast,crtn,slow,16497.62462,11950.32337,14746.57153,0.89386029,29886.79494,24,4547.301251
Breast,crtn,fast,17321.27635,16546.80141,14944.49576,0.862782595,30548.82825,24,774.474944
Breast,malon,slow,502.6548849,491.7070332,122.4469886,0.243600514,162.8150608,12,10.94785173
Breast,malon,fast,567.6077228,525.5973485,82.68666295,0.145675719,136.2954629,12,42.01037429
Breast,btbet,slow,1491.109917,1256.285128,947.9389806,0.635727098,758.4474343,12,234.8247888
Breast,btbet,fast,1703.334407,1593.606461,649.3888279,0.381245647,587.9558189,12,109.7279462
Breast,inost,slow,244.4721513,175.2292029,221.0086231,0.904023718,393.5612975,24,69.24294835
Breast,inost,fast,234.6457515,207.1941029,196.3101471,0.836623488,364.1505517,24,27.45164856
Breast,taur,slow,463.9875679,376.6365024,198.0885386,0.426926393,159.7790643,12,87.35106543
Breast,taur,fast,382.3340406,391.9534905,109.3030986,0.285883774,176.8086028,12,9.619449921
Breast,gly,slow,659.8319588,608.277744,159.4389415,0.241635676,120.8834061,12,51.55421475
Breast,gly,fast,636.6096162,636.6112802,123.0129709,0.193231406,158.6201558,12,0.001664048
Breast,thr__L,slow,309.7525854,309.9397711,120.1119077,0.387767248,112.5027225,12,0.18718567
Breast,thr__L,fast,286.5867407,293.3533537,91.52505883,0.319362503,123.097057,12,6.766612927
Breast,glyc,slow,208.0884841,210.1242706,36.93440594,0.177493753,40.96430928,12,2.035786489
Breast,glyc,fast,203.9944868,201.5521873,35.55566973,0.174297209,58.70222427,12,2.442299425
Breast,ethe,slow,129.6267177,116.9280692,85.17035664,0.657043225,48.84916799,12,12.69864853
Breast,ethe,fast,111.6708565,105.4737046,58.02005795,0.519563114,77.18457374,12,6.197151867
Breast,ser__D,slow,626.6762345,643.6205051,118.6146221,0.189275762,183.4354797,12,16.94427061
Breast,ser__D,fast,581.4198489,567.3342979,103.5855033,0.178159558,128.3070961,12,14.08555105
Breast,glc__D,slow,799.1402848,841.8639481,283.4798872,0.354731069,209.9142986,12,42.72366334
Breast,glc__D,fast,788.894112,799.3947318,325.9995582,0.413236141,443.4412151,12,10.5006198
Breast,g6p,slow,202.0919542,134.2812357,183.68845,0.908934998,160.6026932,12,67.81071845
Breast,g6p,fast,282.4255818,169.6809581,267.0584402,0.945588705,225.9989727,12,112.7446237
Breast,man,slow,173.2718798,149.2577753,172.1769677,0.993680959,170.8688367,12,24.01410458
Breast,man,fast,258.0506185,168.5261097,238.1879157,0.923027882,208.2112751,12,89.52450874
Breast,ins,slow,2096.85211,1887.57986,1545.303332,0.736963434,2898.776591,24,209.2722501
Breast,ins,fast,2065.647372,1297.976473,1554.696547,0.752643732,3144.177967,24,767.6708987
Breast,fum,slow,15.90500611,15.71506809,5.418865751,0.340701897,8.038799071,12,0.189938016
Breast,fum,fast,14.36967638,12.31957698,7.317263238,0.50921559,10.60530755,12,2.050099408
Breast,his__L,slow,107.4241696,108.7102012,39.57625247,0.368411063,47.15093311,12,1.286031652
Breast,his__L,fast,89.47033008,90.97676107,21.01034845,0.234830345,31.94506816,12,1.50643099
Breast,g3p,slow,102.2313651,95.74767254,25.62714071,0.250677869,24.02218128,12,6.483692545
Breast,g3p,fast,107.194988,105.5267514,28.70584163,0.267790894,43.1631461,12,1.668236608
Breast,carn,slow,10214.13567,10194.70506,2186.068623,0.214023848,3655.146012,12,19.43060813
Breast,carn,fast,9917.921407,9523.257762,2517.482659,0.253831681,2224.766399,12,394.6636455
Breast,ans,slow,40321.99248,39727.25347,6174.332704,0.153125685,6248.894365,12,594.7390181
Breast,ans,fast,38157.37895,38621.48188,3789.241535,0.099305603,3712.39287,12,464.1029257
Breast,phe__L,slow,53.93535845,51.82851326,24.40208857,0.45243212,16.57662698,12,2.10684519
Breast,phe__L,fast,39.24833896,28.46789464,21.40822574,0.545455586,36.50881928,12,10.78044431
Breast,hxan,slow,961.976153,975.2499427,316.1233893,0.328618738,447.2438324,12,13.27378972
Breast,hxan,fast,930.3170287,784.2622447,403.9632848,0.434221101,418.4860383,12,146.054784
Breast,ade,slow,416.0458106,389.2675778,105.2586087,0.252997641,164.0852409,12,26.77823285
Breast,ade,fast,385.4022966,385.336086,85.79966585,0.22262365,133.1949421,12,0.06621065
Breast,nad,slow,291.8310614,275.3401709,111.6352705,0.382533888,157.6216415,12,16.49089053
Breast,nad,fast,273.0212881,267.9308394,100.7358887,0.368967158,204.1585356,12,5.090448676
Breast,for,slow,104.0819124,104.6512267,21.26645807,0.204324244,16.82309964,12,0.569314309
Breast,for,fast,99.73361877,94.52061496,23.02318825,0.230846815,23.84572568,12,5.213003811
Breast,ncam,slow,203.465618,193.4749092,70.86621728,0.348295786,131.7118398,24,9.990708853
Breast,ncam,fast,187.8408605,185.2885003,58.17404385,0.309698559,77.7993695,24,2.552360285
Breast,amp,slow,42.07678861,38.02718702,25.22595776,0.599521936,24.8798871,12,4.04960159
Breast,amp,fast,34.9617907,31.27723455,25.68162739,0.7345627,29.35385438,12,3.684556155
Breast,atp,slow,210.6006413,210.5023033,64.61337002,0.306805191,53.92163227,12,0.098338035
Breast,atp,fast,202.5815188,213.3246749,29.59723875,0.146100389,19.22145917,12,10.74315617
Heart,pnto_R,slow,45.1412795,47.59527953,8.052695281,0.178388725,9.122230275,12,2.454000024
Heart,pnto_R,fast,47.30302739,45.33357166,12.38011877,0.261719375,21.80886085,12,1.969455731
Heart,2hb,slow,26.22611831,24.40828672,7.810439088,0.297811479,5.676016892,12,1.817831585
Heart,2hb,fast,22.88409787,22.81613434,6.036117529,0.263769084,5.264702367,12,0.067963527
Heart,leu__L,slow,457.3341779,474.654877,53.38981224,0.116741356,72.18103929,12,17.32069911
Heart,leu__L,fast,403.9994127,389.5059436,51.57579199,0.127663037,39.59251941,12,14.4934691
Heart,CE1661,slow,87.29284412,100.2126886,28.30961881,0.324306294,41.00742586,12,12.91984448
Heart,CE1661,fast,83.34079475,89.51070743,25.65413471,0.307822055,21.20377841,12,6.169912674
Heart,val__L,slow,342.765547,348.3294719,45.16954983,0.131779726,72.94606008,12,5.563924942
Heart,val__L,fast,302.7778727,309.6438398,40.02783849,0.132201994,64.24020879,12,6.865967088
Heart,ile__L,slow,234.6826083,236.6777429,31.46002147,0.134053485,43.3589291,12,1.995134562
Heart,ile__L,fast,205.1082681,198.6989558,24.90419476,0.121419751,18.07984983,12,6.40931222
Heart,gln__L,slow,2742.098587,2088.929756,2776.049068,1.012381204,5610.15738,24,653.1688306
Heart,gln__L,fast,3003.38829,2174.816433,3061.69108,1.019412338,5782.749924,24,828.5718574
Heart,23btdl,slow,103.5393059,98.36508695,30.13584646,0.291057065,43.29993533,12,5.174218938
Heart,23btdl,fast,90.58939431,92.48889093,33.75428369,0.372607455,49.42305553,12,1.899496621
Heart,bhb,slow,761.7549505,606.6655998,472.2851055,0.619996109,776.6869869,12,155.0893507
Heart,bhb,fast,702.8391897,531.3714603,535.9180469,0.762504503,439.2867661,12,171.4677293
Heart,lac__L,slow,29800.9426,29534.63775,6717.319538,0.225406277,9854.339658,12,266.3048594
Heart,lac__L,fast,32145.49935,32946.16794,3611.225479,0.112340003,4204.514852,12,800.6685916
Heart,lac___D,slow,134.7947594,140.4432619,34.46062618,0.255652566,45.17921149,12,5.64850254
Heart,lac___D,fast,151.2016566,153.7731815,20.82266262,0.137714514,16.90356969,12,2.571524845
Heart,ala__L,slow,1080.686087,1144.659938,242.5489726,0.224439803,345.1061222,12,63.97385047
Heart,ala__L,fast,938.8149913,882.4026227,191.8786213,0.204383849,175.9767114,12,56.41236853
Heart,ac,slow,128.7285151,123.1532045,23.42249875,0.181952683,29.23179039,12,5.575310628
Heart,ac,fast,111.9526513,107.3458126,15.83252897,0.141421653,16.81009518,12,4.606838696
Heart,asp__L,slow,3984.450145,2772.773062,3874.05088,0.972292472,7109.303064,24,1211.677083
Heart,asp__L,fast,3581.217154,2565.6625,3264.093884,0.911448187,6646.937731,24,1015.554654
Heart,glu__L,slow,12126.18971,12263.01081,1847.345169,0.152343416,1656.318593,12,136.8210982
Heart,glu__L,fast,12761.04428,12843.49527,2216.828552,0.173718428,3425.691221,12,82.45099025
Heart,succ,slow,1323.875071,1279.706871,379.7944973,0.286880919,458.6702145,12,44.16820062
Heart,succ,fast,1410.857906,1372.627374,333.7050759,0.236526353,181.7807812,12,38.23053253
Heart,ala_B,slow,147.646615,134.5057001,45.99238549,0.311503149,61.14439792,12,13.14091491
Heart,ala_B,fast,130.8639416,138.3040268,52.08315619,0.397994708,65.85037286,12,7.440085208
Heart,dma,slow,9.360675245,10.43978619,2.286549221,0.244271825,3.448064163,12,1.079110944
Heart,dma,fast,10.94199568,10.45579617,2.679898766,0.244918646,3.492901909,12,0.486199516
Heart,sarcs,slow,22.42691538,20.96290958,6.558266228,0.292428366,7.070653016,12,1.464005805
Heart,sarcs,fast,22.23972489,23.2805108,5.505440077,0.247549828,9.445106946,12,1.040785912
Heart,metsox_S__L,slow,119.6055462,121.8233962,21.19516493,0.17720888,34.28401031,12,2.217849946
Heart,metsox_S__L,fast,111.9065642,108.8533445,19.39674417,0.173329816,13.09388805,12,3.053219682
Heart,asn__L,slow,417.5208381,403.6255769,75.34108169,0.180448674,113.1207609,12,13.89526128
Heart,asn__L,fast,383.1588622,381.7725568,66.40586877,0.173311583,74.23178831,12,1.3863054
Heart,tma,slow,12.19183697,11.15043619,2.483232643,0.203679942,3.944151597,12,1.041400785
Heart,tma,fast,12.07177026,12.21293325,2.833034328,0.234682591,2.724209949,12,0.141162993
Heart,dmgly,slow,39.95528951,38.20202547,7.307488548,0.182891643,4.168137907,12,1.75326404
Heart,dmgly,fast,40.69208099,39.36502694,10.77243195,0.264730426,6.247506585,12,1.327054042
Heart,lys__L,slow,642.0980785,593.8823015,204.1252803,0.317903584,182.3605823,12,48.21577696
Heart,lys__L,fast,535.7496752,498.4327671,161.5634436,0.301565173,121.2935896,12,37.31690813
Heart,crtn,slow,3953.560296,2837.950458,3881.999176,0.981899575,7668.143828,24,1115.609838
Heart,crtn,fast,4199.759378,3437.787857,4095.108854,0.975081781,7982.049103,24,761.9715215
Heart,malon,slow,222.6287284,231.9272505,49.4047456,0.22191541,56.66132099,12,9.29852213
Heart,malon,fast,199.3982034,209.1302589,25.28001066,0.126781537,43.7159643,12,9.732055446
Heart,acrn,slow,15.88393587,15.55239605,6.963553996,0.438402299,11.60230058,12,0.331539818
Heart,acrn,fast,14.20679565,13.50086297,4.163292569,0.293049374,3.66487532,12,0.705932683
Heart,chol,slow,1222.332186,1334.637126,595.8718169,0.487487627,982.1822254,12,112.3049403
Heart,chol,fast,944.0729095,1114.765534,432.5007849,0.458122228,729.2447525,12,170.6926249
Heart,peho,slow,528.2264513,535.8300098,82.67549441,0.156515249,112.0654944,12,7.6035585
Heart,peho,fast,484.2929542,509.4096476,91.65610431,0.189257563,111.6460944,12,25.11669336
Heart,cholp,slow,1068.040423,1020.805635,196.632852,0.184106189,277.5975291,12,47.23478813
Heart,cholp,fast,1089.283694,1090.144854,138.4634541,0.127114226,266.499087,12,0.861160463
Heart,crn,slow,212.7746462,209.8897561,57.60451169,0.270730149,112.8114563,12,2.884890164
Heart,crn,fast,218.3595074,209.4111644,51.1323497,0.234165896,33.0232645,12,8.948342987
Heart,g3pc,slow,303.3552796,321.1705187,132.1525874,0.435636352,220.8516861,12,17.81523907
Heart,g3pc,fast,368.3151495,355.2104061,153.469995,0.416681191,171.5833606,12,13.10474336
Heart,btbet,slow,1465.885316,1592.121499,348.0784248,0.237452699,677.1003919,12,126.2361824
Heart,btbet,fast,1572.09229,1566.567626,274.2307257,0.174436786,474.5516206,12,5.524664915
Heart,gsn,slow,309.8100563,246.8419137,245.8423116,0.793525925,454.9515711,24,62.96814259
Heart,gsn,fast,316.8630837,256.2067332,256.4382198,0.809302923,482.6323484,24,60.65635051
Heart,inost,slow,1818.514163,1556.152746,1764.684671,0.97039919,3448.076238,24,262.3614173
Heart,inost,fast,1649.450266,1474.20305,1580.41442,0.958146149,3126.890815,24,175.247216
Heart,taur,slow,35961.89524,35585.67955,2660.118662,0.07397048,3652.714325,12,376.2156817
Heart,taur,fast,37480.34305,37322.68392,2196.754462,0.058610842,3764.247458,12,157.659123
Heart,gly,slow,1061.172232,1050.771347,223.4517167,0.210570641,274.4845358,12,10.40088507
Heart,gly,fast,914.602098,895.9781033,115.8211565,0.126635568,198.6654777,12,18.62399471
Heart,thr__L,slow,588.779186,593.4026983,130.7556792,0.222079316,195.2431046,12,4.623512281
Heart,thr__L,fast,579.0167916,570.486593,123.407975,0.213133672,167.4274969,12,8.53019857
Heart,glyc,slow,972.8328618,1043.073281,245.9124587,0.252779761,391.4151901,12,70.24041928
Heart,glyc,fast,933.2854298,1002.832129,231.4080997,0.247949976,448.3887055,12,69.5466989
Heart,ethe,slow,52.42574932,50.85063115,10.80459544,0.206093295,11.86485774,12,1.575118173
Heart,ethe,fast,54.38131071,51.20725554,11.32610954,0.208272096,13.30501353,12,3.174055174
Heart,ser__D,slow,1222.882463,1233.013661,278.2570353,0.22754193,391.202801,12,10.13119794
Heart,ser__D,fast,1039.555616,1045.405306,151.9653489,0.146182991,210.3562603,12,5.849690123
Heart,mal__L,slow,256.6639734,213.2618224,149.413076,0.582134976,138.2185013,12,43.40215109
Heart,mal__L,fast,202.6293554,204.4531531,80.06325595,0.395121703,88.1517315,12,1.823797741
Heart,glc__D,slow,541.8269799,375.9503036,520.0402596,0.959790263,229.856125,12,165.8766762
Heart,glc__D,fast,401.3858376,232.5532766,359.9850609,0.896855412,426.4041011,12,168.832561
Heart,ura,slow,152.2556566,137.3256629,28.16535479,0.184987247,51.30691723,12,14.92999365
Heart,ura,fast,141.0025344,152.6305867,31.37695227,0.222527577,28.82458308,12,11.6280523
Heart,uri,slow,84.2441436,81.86075063,21.82706357,0.259092949,27.39546278,12,2.383392967
Heart,uri,fast,66.05369345,64.15713521,16.70002499,0.252824999,17.66424878,12,1.896558239
Heart,cytd,slow,48.3673478,39.40359433,24.24277675,0.501221958,25.75227237,12,8.963753467
Heart,cytd,fast,46.13317072,47.61304995,14.71924209,0.31905984,15.35713393,12,1.479879233
Heart,ins,slow,1249.635379,1059.579317,1151.265008,0.921280741,2315.851635,24,190.0560619
Heart,ins,fast,1318.385373,1137.887679,1228.637449,0.93192588,2457.620091,24,180.4976938
Heart,fum,slow,22.71349114,22.56034765,10.08822913,0.444151411,13.11695239,12,0.153143491
Heart,fum,fast,23.72346807,18.26634889,15.1461169,0.638444466,4.718416114,12,5.457119181
Heart,tyr__L,slow,199.3944007,204.8379466,33.93981795,0.170214499,41.26502275,12,5.443545892
Heart,tyr__L,fast,187.5143619,184.443218,43.50549715,0.232011547,66.48839549,12,3.071143963
Heart,his__L,slow,133.4323766,131.1086516,28.09988727,0.210592721,26.73943687,12,2.323724974
Heart,his__L,fast,131.204185,126.7181791,26.37080512,0.200990579,30.4021334,12,4.486005921
Heart,g3p,slow,101.3175625,101.3933505,25.30928396,0.249801548,44.81346022,12,0.07578799
Heart,g3p,fast,112.0749404,94.88904358,41.20250645,0.367633534,37.67752031,12,17.1858968
Heart,phe__L,slow,181.5878999,177.7212932,23.38529699,0.128782243,27.83589569,12,3.866606713
Heart,phe__L,fast,160.6038887,160.6349835,36.2873764,0.225943324,36.83437055,12,0.031094793
Heart,xan,slow,55.32113331,48.37093516,33.8559847,0.611990078,32.15482058,12,6.950198157
Heart,xan,fast,39.74080632,45.19040663,16.67170155,0.419510903,21.09778934,12,5.449600304
Heart,hxan,slow,768.1095626,778.4325715,159.9560837,0.208246442,205.6918269,12,10.32300883
Heart,hxan,fast,710.1953639,749.376722,105.6923573,0.148821525,183.7705607,12,39.18135807
Heart,ade,slow,26.86448098,24.01964479,8.424151217,0.313579526,11.53063738,12,2.844836193
Heart,ade,fast,25.2116448,23.91200138,7.565226522,0.300068741,12.95894688,12,1.299643423
Heart,nad,slow,105.1464843,112.6160624,53.43524,0.508198066,79.95475423,12,7.469578157
Heart,nad,fast,103.1710612,77.98371973,60.79806044,0.589293739,89.05865556,12,25.18734152
Heart,for,slow,24.26417064,25.69139834,8.385368864,0.345586461,15.01029794,12,1.427227698
Heart,for,fast,21.79509398,20.42051882,7.746026543,0.355402301,10.23581288,12,1.374575157
Heart,ncam,slow,185.9103643,173.5898481,49.51807595,0.266354574,63.59981328,12,12.32051615
Heart,ncam,fast,183.7820657,163.391564,43.55650011,0.237000819,84.4980359,12,20.39050176
Heart,amp,slow,541.9059279,429.3709982,273.4981878,0.5046968,355.2313782,12,112.5349298
Heart,amp,fast,582.5542745,556.5790716,162.1413832,0.278328373,263.7611516,12,25.97520293
Heart,adn,slow,89.76416026,89.74255494,49.73317075,0.554042622,85.19221385,12,0.021605317
Heart,adn,fast,77.72567285,70.19807824,29.37844549,0.377976085,19.41878964,12,7.527594604
Kidney,coa,slow,51.24499085,55.25102268,16.37722718,0.319586889,18.02547838,12,4.006031828
Kidney,coa,fast,47.37277205,48.37810207,14.55540058,0.307252456,16.91430734,12,1.005330019
Kidney,pnto_R,slow,101.3821435,107.7006294,18.119625,0.178726,23.82974144,12,6.318485845
Kidney,pnto_R,fast,103.5553393,103.4882695,20.09808532,0.194080628,29.90248028,12,0.067069821
Kidney,2hb,slow,81.6970784,83.83059675,25.57124633,0.313000744,34.24646225,12,2.133518357
Kidney,2hb,fast,77.82873471,79.2407914,15.53814241,0.199645317,23.53755444,12,1.412056687
Kidney,leu__L,slow,1073.391782,926.7500617,329.8072355,0.30725709,283.5792475,12,146.6417199
Kidney,leu__L,fast,1025.514787,906.5671665,375.3390619,0.366000634,195.2040973,12,118.9476203
Kidney,CE1661,slow,549.0173427,540.6143234,230.1449679,0.41919435,380.135117,12,8.40301933
Kidney,CE1661,fast,506.7029547,470.4527846,209.8666116,0.414180754,237.1709149,12,36.25017008
Kidney,val__L,slow,771.9230539,679.6576362,287.0518806,0.371865925,292.1966027,12,92.26541765
Kidney,val__L,fast,747.5170424,645.8848597,301.0452287,0.40272691,184.5447036,12,101.6321827
Kidney,ile__L,slow,447.4575176,391.6105066,145.1350285,0.324354878,144.9044308,12,55.84701096
Kidney,ile__L,fast,435.1309824,393.9252543,168.0266737,0.386151941,100.5983156,12,41.2057281
Kidney,gln__L,slow,803.4949595,514.9218902,821.1504101,1.021973318,1560.365062,24,288.5730693
Kidney,gln__L,fast,768.9283412,588.3252923,792.8235001,1.031075924,1394.132167,24,180.6030489
Kidney,met__L,slow,163.9241381,133.6346806,133.6082575,0.815061522,175.2972095,24,30.2894575
Kidney,met__L,fast,153.851557,110.8709643,143.0123306,0.929547503,226.0807456,24,42.98059271
Kidney,3aib,slow,40.61083173,40.00637723,8.017792558,0.197429903,9.118018637,12,0.604454504
Kidney,3aib,fast,38.56734527,37.53731015,8.131249839,0.2108325,10.36194068,12,1.030035119
Kidney,bhb,slow,1043.45597,985.7567003,537.5508189,0.515163873,581.227914,12,57.69926944
Kidney,bhb,fast,1042.319417,787.7060019,705.2982695,0.676662315,595.0444522,12,254.6134148
Kidney,lac__L,slow,21637.78646,20857.04251,3521.967618,0.162769312,5059.540054,12,780.7439543
Kidney,lac__L,fast,21904.84366,21585.40058,3526.762998,0.161003797,4293.686157,12,319.4430868
Kidney,3hib,slow,16.28991572,14.14828014,6.923438002,0.42501374,8.479247967,12,2.14163558
Kidney,3hib,fast,12.58702359,11.65692028,4.067123789,0.323120376,6.034518865,12,0.930103309
Kidney,ala__L,slow,2980.902834,2860.416603,958.1493073,0.321429232,1170.691653,12,120.4862312
Kidney,ala__L,fast,2771.703713,2640.940646,890.2754516,0.321201522,1010.829382,12,130.7630677
Kidney,ac,slow,525.0579723,531.7435515,109.6241206,0.208784794,143.2220743,12,6.685579143
Kidney,ac,fast,508.8881268,502.7513488,59.22163471,0.116374566,95.91558845,12,6.136778012
Kidney,glu__L,slow,10023.14013,10081.04666,1306.085476,0.130307015,1155.476969,12,57.90652992
Kidney,glu__L,fast,9178.537569,9172.386545,1251.324345,0.13633156,1153.728963,12,6.151023776
Kidney,pyr,slow,8.929860637,8.44693705,4.439571387,0.49716021,3.859497837,12,0.482923586
Kidney,pyr,fast,8.322505725,8.184681578,3.274813733,0.393488913,3.706065798,12,0.137824147
Kidney,succ,slow,2591.980262,2648.421187,403.6485921,0.155729809,300.4515985,12,56.44092449
Kidney,succ,fast,2768.240412,2884.96327,476.2090184,0.172025889,565.8305514,12,116.7228584
Kidney,ala_B,slow,1143.230358,1104.973227,235.211166,0.205742582,148.516662,12,38.25713148
Kidney,ala_B,fast,1190.912726,1016.22361,514.2715141,0.431829724,175.25082,12,174.6891163
Kidney,glyb,slow,29.09670647,31.17330051,8.10306746,0.278487446,11.76071944,12,2.076594039
Kidney,glyb,fast,29.38832103,27.05575296,6.538401111,0.222482976,11.19217117,12,2.332568074
Kidney,sarcs,slow,47.96128121,45.1442486,14.93482625,0.311393396,13.08886541,12,2.817032606
Kidney,sarcs,fast,43.01797091,41.76855869,12.96844701,0.3014658,21.0035488,12,1.249412227
Kidney,metsox_S__L,slow,31.56139065,28.59149021,15.72012844,0.498080982,15.42774615,12,2.969900439
Kidney,metsox_S__L,fast,30.66908878,30.84077121,7.085111298,0.231017992,10.03820569,12,0.171682423
Kidney,asp__L,slow,1479.761579,1260.133007,537.2609408,0.363072638,428.7019045,12,219.628572
Kidney,asp__L,fast,1334.535287,1301.889695,489.9045272,0.36709747,420.1890833,12,32.64559142
Kidney,asn__L,slow,218.1321626,130.1513943,188.2436824,0.862979948,191.8061045,12,87.98076837
Kidney,asn__L,fast,197.8385843,150.2264601,190.0601888,0.960683122,128.0140606,12,47.61212414
Kidney,dmgly,slow,42.99735202,40.82451539,8.833057535,0.205432593,8.403324235,12,2.17283663
Kidney,dmgly,fast,47.13009416,43.99758169,12.90452822,0.273806544,16.40782272,12,3.132512469
Kidney,lys__L,slow,1799.239582,1569.816091,1043.489709,0.579961513,234.5017224,12,229.4234912
Kidney,lys__L,fast,1366.649109,1314.457276,472.6244837,0.345827236,318.3923398,12,52.19183358
Kidney,crtn,slow,1480.701673,1418.999733,567.2856105,0.38311945,467.7213296,12,61.70193981
Kidney,crtn,fast,1414.148368,1318.403285,407.0268638,0.287824724,315.4483665,12,95.74508309
Kidney,orn,slow,457.0880689,432.7712349,88.98109408,0.194669474,122.6761583,12,24.31683404
Kidney,orn,fast,457.33298,444.1395785,104.2306141,0.227909682,120.8051406,12,13.19340143
Kidney,etha,slow,1596.98399,1692.457246,485.3258166,0.303901492,558.747624,12,95.47325656
Kidney,etha,fast,1482.099246,1556.838679,538.5968935,0.363401368,1034.424006,12,74.73943329
Kidney,malon,slow,162.7936316,95.566055,159.1178047,0.977420328,83.34898672,12,67.22757655
Kidney,malon,fast,103.4105039,79.95759958,48.29446365,0.467017003,36.95441429,12,23.4529043
Kidney,chol,slow,1876.986471,2128.730885,829.4873203,0.44192504,1407.652765,12,251.7444146
Kidney,chol,fast,1860.027843,2068.800631,834.6061817,0.448706284,1240.615876,12,208.7727882
Kidney,cholp,slow,588.1366149,528.0737827,367.4517317,0.624772752,390.7708765,12,60.06283222
Kidney,cholp,fast,564.6400656,475.898429,333.6086393,0.590834161,399.0351216,12,88.74163661
Kidney,g3pc,slow,122.1927634,95.14222824,50.12461019,0.410209318,59.25487534,12,27.05053514
Kidney,g3pc,fast,104.6104832,83.49785376,47.84666681,0.457379273,48.69788506,12,21.11262948
Kidney,btbet,slow,3266.430479,3349.391938,598.5684411,0.183248486,784.2603227,12,82.96145909
Kidney,btbet,fast,3329.015484,3382.621303,643.437831,0.193281718,432.0297007,12,53.60581884
Kidney,inost,slow,3263.602822,2842.241025,2970.32326,0.910136258,5662.655624,24,421.3617973
Kidney,inost,fast,3219.438281,2806.231145,2943.513408,0.914294095,5443.404392,24,413.2071361
Kidney,taur,slow,6260.704402,6070.504754,1203.924511,0.192298571,1104.660763,12,190.1996485
Kidney,taur,fast,5899.099979,6014.62513,910.0804544,0.154274458,686.2055984,12,115.5251518
Kidney,gly,slow,5294.564873,5453.221599,877.2703702,0.165692628,652.9100498,12,158.6567268
Kidney,gly,fast,4826.534255,4831.407459,783.2094773,0.162271609,749.3386951,12,4.873203418
Kidney,thr__L,slow,1112.350804,1077.005107,242.5342524,0.218037557,179.7628139,12,35.34569657
Kidney,thr__L,fast,1056.277757,967.0236369,301.9940548,0.285904018,215.8414341,12,89.25411993
Kidney,glyc,slow,2912.632459,3129.656302,678.5623569,0.232972188,928.2370512,12,217.0238436
Kidney,glyc,fast,2946.756223,3240.401799,726.8809797,0.246671569,1164.72203,12,293.6455762
Kidney,ser__D,slow,3103.524438,2976.392802,865.2376708,0.278791963,685.5685394,12,127.1316352
Kidney,ser__D,fast,2830.436745,2681.898747,666.2186222,0.235376616,530.4409256,12,148.5379981
Kidney,pro__L,slow,895.75099,827.0722547,310.9171804,0.347102246,240.2067861,12,68.67873531
Kidney,pro__L,fast,898.0662426,839.052149,371.825241,0.414028747,186.1765826,12,59.01409365
Kidney,g3pe,slow,4161.844779,4116.78609,945.773664,0.227248664,1581.006728,12,45.05868914
Kidney,g3pe,fast,4120.185151,4146.365708,556.2912792,0.135016088,861.9949975,12,26.18055716
Kidney,ascb__L,slow,268.1833298,277.4091222,58.89493114,0.21960698,88.32054406,12,9.22579233
Kidney,ascb__L,fast,228.7643269,217.2384947,46.17850632,0.201860609,65.5485346,12,11.52583225
Kidney,glc__D,slow,4072.041701,3936.678103,964.219198,0.236790109,1396.213731,12,135.3635978
Kidney,glc__D,fast,4244.178141,3868.240874,974.2027525,0.22953861,921.5912389,12,375.9372671
Kidney,man,slow,67.36286658,66.85584937,12.80960101,0.190158193,18.26780805,12,0.507017212
Kidney,man,fast,69.03440706,66.08840789,14.43758671,0.209136101,13.64702483,12,2.945999172
Kidney,tre,slow,121.0747267,109.4938986,36.07812069,0.29798226,56.43619574,12,11.58082808
Kidney,tre,fast,117.2951482,106.7941859,26.71690845,0.227775052,33.91145613,12,10.50096233
Kidney,udpg,slow,104.2845649,89.67118002,42.18397279,0.404508307,59.19839449,12,14.6133849
Kidney,udpg,fast,117.4238319,121.2029171,53.4897209,0.455526958,51.02627689,12,3.779085278
Kidney,ura,slow,147.1492039,112.7979809,74.01004406,0.502959188,104.51801,12,34.35122298
Kidney,ura,fast,134.7002967,135.6013964,49.34939016,0.366364376,56.90323417,12,0.901099668
Kidney,xtsn,slow,83.97244904,77.10536548,27.4784383,0.327231593,22.79970859,12,6.867083556
Kidney,xtsn,fast,79.00384782,77.13642603,16.81474465,0.212834503,7.262423949,12,1.867421794
Kidney,uri,slow,82.04335833,78.32599551,47.53749126,0.579419129,73.54753217,12,3.717362819
Kidney,uri,fast,84.98793076,91.83301039,45.47362207,0.535059763,69.17482452,12,6.845079638
Kidney,gmp,slow,72.13275112,64.42052277,29.2097705,0.404944634,38.11126728,12,7.712228351
Kidney,gmp,fast,72.34604449,70.16244872,22.2283372,0.307250208,34.9729574,12,2.183595765
Kidney,ump,slow,193.7789434,197.1598341,85.64905916,0.441993633,132.9102106,12,3.380890653
Kidney,ump,fast,166.8030726,159.2260711,72.23699158,0.433067512,95.32832036,12,7.577001504
Kidney,ins,slow,104.9138365,87.73879677,60.62620613,0.57786664,66.7753871,24,17.17503969
Kidney,ins,fast,96.43188365,96.83255396,57.29431139,0.594142821,73.46500297,24,0.400670303
Kidney,fum,slow,31.40245948,24.74234762,18.429002,0.586864924,13.29956934,12,6.660111867
Kidney,fum,fast,34.81151999,26.42181241,21.94033329,0.630260709,30.03246753,12,8.389707581
Kidney,MNXM2372,slow,20.54838275,19.20953871,9.208599268,0.448142288,8.78622963,12,1.338844036
Kidney,MNXM2372,fast,18.26004031,15.50762541,7.444792493,0.407709532,11.91205742,12,2.752414899
Kidney,tyr__L,slow,441.4499088,415.8598554,115.005887,0.260518543,114.1200529,12,25.59005349
Kidney,tyr__L,fast,427.2712451,396.3240751,150.9030586,0.353178596,103.4601972,12,30.94717004
Kidney,his__L,slow,197.419824,162.8684238,130.8400281,0.662750201,189.6802697,24,34.5514002
Kidney,his__L,fast,203.4767454,211.2756915,133.3888575,0.655548413,181.4011596,24,7.798946157
Kidney,g3p,slow,74.05773115,68.23417569,23.71071815,0.320165333,20.50044261,12,5.823555457
Kidney,g3p,fast,149.9328331,66.01616301,289.3845906,1.930094861,33.80641088,12,83.91667006
Kidney,ans,slow,166.1973828,139.6996293,77.96515977,0.469111838,101.9187918,12,26.49775355
Kidney,ans,fast,202.175946,133.3169075,199.4399203,0.986467106,64.16178696,12,68.85903848
Kidney,phe__L,slow,395.6325921,354.7128833,134.2673493,0.339373833,150.6445332,12,40.91970882
Kidney,phe__L,fast,386.0419454,354.3188725,143.6463669,0.372100412,54.35542435,12,31.72307287
Kidney,trp__L,slow,131.5302941,130.4835133,26.34715217,0.200312425,39.4815298,12,1.046780745
Kidney,trp__L,fast,135.1069129,128.3927337,35.5942891,0.26345276,27.88647358,12,6.714179243
Kidney,hxan,slow,161.3124639,140.3965605,75.07690008,0.465412891,83.52334369,12,20.91590334
Kidney,hxan,fast,146.3324008,134.7247759,66.49004996,0.454376813,56.2684522,12,11.60762492
Kidney,nad,slow,116.3728317,117.9051171,53.62800622,0.460829262,78.13589759,12,1.532285394
Kidney,nad,fast,113.6734608,117.5187331,41.43612405,0.364518893,54.52544121,12,3.845272313
Kidney,for,slow,102.6860323,102.635405,19.53167508,0.19020771,30.97702703,12,0.050627253
Kidney,for,fast,98.98763486,97.48092499,16.14782037,0.163129672,17.97041646,12,1.506709872
Kidney,ncam,slow,91.17753919,88.29514293,20.88324902,0.229039402,15.4227736,12,2.882396267
Kidney,ncam,fast,95.17285518,94.99915725,23.67647096,0.24877336,26.23578841,12,0.173697929
Kidney,nac,slow,110.9766778,113.1528671,50.56238571,0.455612717,56.54325259,12,2.176189294
Kidney,nac,fast,102.9211171,73.43825259,69.43765372,0.674668675,73.50367304,12,29.48286449
Kidney,amp,slow,194.4404218,191.405839,56.98776268,0.293085986,90.66481379,12,3.034582786
Kidney,amp,fast,174.1147509,157.977571,53.74318381,0.308665311,68.97537958,12,16.13717994
Kidney,adp,slow,64.17202837,66.5975362,16.21957442,0.252751469,14.60601636,12,2.425507831
Kidney,adp,fast,69.25772085,66.62813936,15.87185467,0.229170907,16.11752853,12,2.629581493
Kidney,nadh,slow,66.38269943,60.31020594,35.79797723,0.539266669,54.62009722,12,6.072493492
Kidney,nadh,fast,60.9990643,61.76748679,24.36038466,0.399356694,25.83728058,12,0.768422491
Kidney,ahcys,slow,35.12265511,32.14844476,14.663608,0.417497138,10.72089388,12,2.97421035
Kidney,ahcys,fast,33.05927502,27.58138346,10.40744724,0.31481172,11.77287824,12,5.477891553
Leg,pnto_R,slow,36.6899727,36.48939648,10.89255783,0.296881056,10.43384102,12,0.200576216
Leg,pnto_R,fast,52.98451142,47.39691958,20.10748628,0.379497437,17.46073388,12,5.587591839
Leg,2hb,slow,28.47393021,31.23115027,8.306124812,0.291709811,7.46904763,12,2.757220064
Leg,2hb,fast,33.17640831,35.97728339,10.24293306,0.30874147,8.060107323,12,2.800875078
Leg,leu__L,slow,346.858937,322.9912464,78.64706957,0.226740791,140.1225113,12,23.86769061
Leg,leu__L,fast,313.5441878,303.4358672,71.03623603,0.226558931,105.0891646,12,10.10832066
Leg,CE1661,slow,90.74794422,95.65603092,24.71220109,0.272316925,20.24629975,12,4.908086705
Leg,CE1661,fast,91.986192,102.3412561,27.23939493,0.296124824,21.12095231,12,10.35506415
Leg,val__L,slow,304.4237274,292.8186038,78.75388879,0.258698261,132.1831084,12,11.60512353
Leg,val__L,fast,280.4002722,274.1174971,56.56940494,0.201745186,96.84301976,12,6.282775137
Leg,ile__L,slow,182.9852046,167.9145955,54.56564444,0.298197029,91.79483635,12,15.07060908
Leg,ile__L,fast,162.9854566,149.0694134,42.60533735,0.261405761,55.86925249,12,13.91604318
Leg,gln__L,slow,2050.307043,1112.81106,2600.144907,1.268173426,2931.178124,24,937.4959826
Leg,gln__L,fast,2213.759085,1274.613579,2763.524927,1.248340412,2945.895179,24,939.1455061
Leg,bhb,slow,812.5320324,774.9269333,478.4390255,0.588824817,382.9504452,12,37.60509908
Leg,bhb,fast,757.2174916,639.1163621,499.5053527,0.659659026,351.3966241,12,118.1011295
Leg,lac__L,slow,72438.44517,78842.59178,21451.50358,0.296134236,22577.05831,12,6404.146612
Leg,lac__L,fast,78911.93025,84018.43858,12325.11499,0.156188233,12876.13071,12,5106.508335
Leg,ala__L,slow,2656.396093,2619.496227,712.8039572,0.268334967,561.8252608,12,36.89986525
Leg,ala__L,fast,3151.318449,2854.210011,786.0725285,0.249442429,834.7822341,12,297.1084377
Leg,ac,slow,372.1225359,370.2000541,37.35138908,0.100373897,42.0793941,12,1.92248179
Leg,ac,fast,374.0774824,366.5010879,46.94187169,0.125487028,38.35386461,12,7.576394535
Leg,glu__L,slow,1669.488865,1087.939628,1586.381903,0.950220116,483.9229696,12,581.5492369
Leg,glu__L,fast,1255.268007,1064.285357,480.3032325,0.382630028,459.1645373,12,190.9826499
Leg,pyr,slow,9.322170189,8.933538529,3.026353164,0.324640411,4.026520812,12,0.38863166
Leg,pyr,fast,11.39169524,10.35190743,4.709349881,0.413402025,5.303565955,12,1.039787807
Leg,succ,slow,326.0543334,269.1531981,209.1146623,0.641349128,224.9006686,12,56.90113531
Leg,succ,fast,334.9809811,266.8176386,280.523843,0.837432149,166.4246601,12,68.16334249
Leg,ala_B,slow,1253.818475,1244.837094,459.357245,0.366366627,526.6347987,12,8.981380851
Leg,ala_B,fast,1139.623126,1131.599185,443.8608807,0.389480409,637.9701533,12,8.023940674
Leg,glyb,slow,20.3849872,21.53100815,3.912453737,0.191928192,6.372614313,12,1.146020949
Leg,glyb,fast,21.25525948,22.4487771,4.564525429,0.214748045,6.358654234,12,1.193517616
Leg,sarcs,slow,32.84414364,32.74204686,10.74374233,0.327112877,6.315563714,12,0.102096774
Leg,sarcs,fast,39.95565041,38.6457132,6.979642026,0.174684731,7.524467604,12,1.30993721
Leg,metsox_S__L,slow,116.672869,109.6355798,27.36058517,0.234506835,44.23655729,12,7.037289116
Leg,metsox_S__L,fast,115.4801929,110.7718936,21.12353134,0.182919086,39.1335363,12,4.708299317
Leg,asp__L,slow,817.460211,428.7385358,1272.237145,1.556329138,320.4193699,12,388.7216752
Leg,asp__L,fast,488.6673912,383.9025669,293.6830782,0.600987673,252.7083803,12,104.7648243
Leg,asn__L,slow,512.4081513,462.0272265,125.2526685,0.244439258,207.6119898,12,50.38092486
Leg,asn__L,fast,520.8093884,481.1256657,116.0123104,0.222753877,196.7573792,12,39.68372268
Leg,dmgly,slow,304.7094731,312.7654542,108.0921407,0.354738366,176.0220731,12,8.05598115
Leg,dmgly,fast,350.1260607,384.1092405,96.03981653,0.27430068,160.7312835,12,33.98317973
Leg,M02035,slow,8.386953361,8.329086108,2.336662373,0.278606816,2.194799873,12,0.057867253
Leg,M02035,fast,8.857146902,9.040750642,2.523686463,0.284932212,3.57323989,12,0.183603739
Leg,crtn,slow,18436.44398,9105.083498,18389.58152,0.997458162,37673.72736,24,9331.36048
Leg,crtn,fast,19497.66451,16069.12141,19038.38603,0.976444436,38495.03651,24,3428.543095
Leg,malon,slow,689.5419303,727.4766881,151.3556158,0.219501685,72.21891511,12,37.93475782
Leg,malon,fast,702.9061616,742.2054023,155.62653,0.221404419,201.3828003,12,39.29924076
Leg,btbet,slow,6872.030283,6960.842696,2357.879689,0.343112529,4448.496632,12,88.8124127
Leg,btbet,fast,8072.353638,8557.944727,1683.062196,0.208497084,1881.892151,12,485.5910881
Leg,inost,slow,751.1743605,416.096607,1162.663203,1.547794047,946.4491107,24,335.0777535
Leg,inost,fast,572.33924,368.9148492,581.6512511,1.01627009,935.6928475,24,203.4243908
Leg,taur,slow,16941.33743,13672.03682,9736.161027,0.574698489,5052.65574,12,3269.30061
Leg,taur,fast,15263.29527,14202.86277,6366.167396,0.417089972,5002.124165,12,1060.432491
Leg,gly,slow,2507.823197,2541.357333,599.6020167,0.239092619,498.3352144,12,33.53413656
Leg,gly,fast,2778.40186,2909.433847,739.1557518,0.2660363,973.0555099,12,131.0319874
Leg,thr__L,slow,670.6221069,686.7485151,159.2688108,0.237494125,219.8483223,12,16.12640819
Leg,thr__L,fast,700.0242872,709.5663491,129.7547039,0.185357432,237.4637684,12,9.542061926
Leg,glyc,slow,449.1921696,414.3120259,189.7704742,0.422470575,311.9786933,12,34.88014374
Leg,glyc,fast,473.6425421,351.197623,275.1822522,0.580991418,266.779991,12,122.4449191
Leg,ethe,slow,13.38813373,9.16525438,9.696273187,0.724243825,5.130227374,12,4.222879352
Leg,ethe,fast,11.57970169,10.94842231,4.311436749,0.3723271,6.936116897,12,0.631279385
Leg,ser__D,slow,1940.849595,2017.525199,326.5300532,0.168240782,445.4957949,12,76.67560364
Leg,ser__D,fast,1969.438546,1755.247376,613.5112267,0.311515801,593.4460078,12,214.1911701
Leg,glc__D,slow,486.6502892,310.6213616,469.375986,0.964503662,537.0441497,12,176.0289276
Leg,glc__D,fast,597.6312942,376.7163906,516.8348926,0.864805604,517.6099947,12,220.9149036
Leg,man,slow,30.16672429,15.58563648,46.67995641,1.547398914,34.94202369,12,14.58108781
Leg,man,fast,24.87835199,23.0356573,21.31568131,0.856796355,28.49692045,12,1.842694689
Leg,udpg,slow,189.1169261,191.4752023,40.86982119,0.216108743,54.96431249,12,2.3582762
Leg,udpg,fast,188.2083804,191.1822213,47.32047105,0.251425951,39.28249961,12,2.973840853
Leg,ura,slow,40.75720156,32.48367322,23.16310646,0.568319354,20.78674391,12,8.273528335
Leg,ura,fast,30.91639646,29.20108053,19.02331076,0.615314621,14.94346423,12,1.715315925
Leg,uri,slow,65.55190944,69.38244683,29.60935988,0.451693324,46.50890199,12,3.830537384
Leg,uri,fast,59.94182933,63.78191184,19.69777896,0.328614912,26.22439393,12,3.840082508
Leg,gmp,slow,86.47401752,86.2026281,23.04245527,0.266466806,31.32389485,12,0.271389426
Leg,gmp,fast,91.89640649,87.10364682,19.25543639,0.209534161,16.20680927,12,4.792759676
Leg,ins,slow,3582.248845,2488.163603,2528.366337,0.705804216,5095.355364,24,1094.085241
Leg,ins,fast,3666.236138,2862.69331,2617.840198,0.714040258,4723.114648,24,803.5428276
Leg,fum,slow,37.1405118,35.60656802,14.74873729,0.397106463,19.7239905,12,1.533943773
Leg,fum,fast,45.68252946,33.77571253,30.04044304,0.657591499,29.19370754,12,11.90681694
Leg,tyr__L,slow,234.4331557,226.0408242,36.01151855,0.15361103,64.58108214,12,8.392331499
Leg,tyr__L,fast,222.7691734,222.1166397,46.47402818,0.208619655,37.96013671,12,0.652533691
Leg,his__L,slow,141.0258935,126.2364032,55.87923347,0.396233855,43.47714799,12,14.78949037
Leg,his__L,fast,132.386877,134.6812933,33.82150569,0.25547476,24.67934128,12,2.294416326
Leg,g3p,slow,150.2075799,162.0622255,63.23109332,0.420958072,67.1409084,12,11.85464554
Leg,g3p,fast,131.9285584,131.0084693,30.013766,0.227500144,54.03690476,12,0.920089037
Leg,carn,slow,7284.276153,7956.881332,3552.614605,0.487710039,5265.56474,12,672.6051784
Leg,carn,fast,7562.335928,8028.371983,3061.058519,0.404776851,4385.750352,12,466.0360558
Leg,ans,slow,14748.66359,15560.24549,4724.024943,0.320301898,4515.491672,12,811.581899
Leg,ans,fast,14762.81938,14215.71193,1811.017169,0.122674208,1845.805115,12,547.107451
Leg,phe__L,slow,154.8255102,149.7175108,28.10663899,0.181537519,49.21868101,12,5.107999363
Leg,phe__L,fast,148.6607527,146.0052197,26.30239607,0.176928985,33.99616569,12,2.65553302
Leg,hxan,slow,317.8078894,274.2846173,141.0532055,0.443831667,94.56339455,12,43.52327216
Leg,hxan,fast,271.1865325,279.1977587,74.28921223,0.273941377,117.2132217,12,8.011226153
Leg,ade,slow,59.97487674,65.10458329,21.65763185,0.361111736,35.37079373,12,5.129706551
Leg,ade,fast,54.70663927,55.43374077,21.07693436,0.385271964,26.27309508,12,0.727101503
Leg,nad,slow,223.352509,243.5966279,113.0638161,0.506212429,142.496078,12,20.24411893
Leg,nad,fast,251.0724213,267.6031639,92.00041973,0.36642981,111.9722954,12,16.53074262
Leg,for,slow,36.85790075,36.45015536,6.124651893,0.166169309,10.73731813,12,0.407745389
Leg,for,fast,41.20893343,40.47003864,7.490955093,0.181779883,5.578727707,12,0.738894789
Leg,ncam,slow,161.8071836,159.8699441,43.43524192,0.268438279,24.64897844,12,1.937239416
Leg,ncam,fast,164.9050497,152.0854923,46.84613289,0.284079432,64.04367399,12,12.81955742
Leg,amp,slow,195.6065266,151.5553864,136.0512776,0.695535471,247.3464963,12,44.05114019
Leg,amp,fast,297.2911928,163.0395,337.2269283,1.13433205,265.0558587,12,134.2516928
Leg,adp,slow,421.34512,424.4860173,39.69028763,0.094198997,51.19704378,12,3.140897322
Leg,adp,fast,390.4248049,379.2252532,75.5026361,0.193385859,104.3776294,12,11.19955167
Liver,C02528,slow,48.464718,46.94589655,24.15132395,0.498327958,13.56428438,12,1.518821447
Liver,C02528,fast,73.1739528,84.07991897,44.44861795,0.607437705,65.6551865,12,10.90596618
Liver,coa,slow,20.3978209,15.24520777,13.78825229,0.675966926,11.03733269,12,5.152613125
Liver,coa,fast,22.58044091,17.72270918,14.69960405,0.650988353,17.26657493,12,4.85773173
Liver,pnto_R,slow,75.62502108,60.27817723,52.5669983,0.69510061,85.70605054,12,15.34684384
Liver,pnto_R,fast,86.96620702,70.92577924,56.55621925,0.650324088,109.7271506,12,16.04042778
Liver,2hb,slow,42.39707528,38.61234317,25.16677861,0.593597045,45.04627102,12,3.784732111
Liver,2hb,fast,38.48308959,41.55185233,17.82363609,0.463155019,31.14282644,12,3.068762739
Liver,2hiv,slow,56.3323434,53.79014901,43.36086261,0.769732981,66.27817787,12,2.542194394
Liver,2hiv,fast,64.64085238,64.79439252,42.37284359,0.655511832,65.24801038,12,0.153540133
Liver,leu__L,slow,1679.947275,1477.323077,548.3356198,0.326400494,785.6322253,12,202.6241979
Liver,leu__L,fast,1828.206235,1469.777803,1072.751731,0.586778291,1094.875442,12,358.4284316
Liver,CE1661,slow,210.8671213,242.9940852,66.86540871,0.317097366,79.16248457,12,32.12696391
Liver,CE1661,fast,201.9227069,208.839386,70.80701634,0.350663962,83.73974504,12,6.916679109
Liver,val__L,slow,1343.877699,1178.125357,430.1544541,0.320084524,530.1819181,12,165.7523424
Liver,val__L,fast,1450.048981,1166.395874,875.9591207,0.604089332,950.5228312,12,283.6531071
Liver,ile__L,slow,649.9530251,589.5297456,216.426388,0.332987739,243.7696277,12,60.42327959
Liver,ile__L,fast,696.915252,540.4012983,401.7090103,0.576410129,452.4023034,12,156.5139536
Liver,23btdl,slow,53.18699926,50.18917935,14.57908129,0.274109867,24.35886604,12,2.997819912
Liver,23btdl,fast,54.07592398,56.88457123,14.54676726,0.269006356,10.46706385,12,2.808647247
Liver,bhb,slow,1084.811729,889.9384162,495.0614456,0.456357018,571.0823971,12,194.8733132
Liver,bhb,fast,1108.597985,922.4773013,542.8610226,0.489682491,711.4422199,12,186.1206837
Liver,lac__L,slow,11426.19972,11165.50277,4431.996772,0.387880212,3948.76062,12,260.6969442
Liver,lac__L,fast,10831.07535,9638.964781,3219.920254,0.297285371,5649.609784,12,1192.110569
Liver,lac___D,slow,220.4160905,223.3057611,131.0131131,0.594389968,218.7054768,12,2.889670558
Liver,lac___D,fast,188.3863645,133.5073117,109.5099524,0.581305089,211.6325154,12,54.87905281
Liver,ala__L,slow,5914.302635,5492.645827,2829.133576,0.47835455,1778.880307,12,421.6568083
Liver,ala__L,fast,5586.005365,5462.285504,2572.474433,0.460521297,4076.675661,12,123.7198606
Liver,ac,slow,268.7612852,274.7294443,34.78621045,0.129431627,66.17152006,12,5.96815911
Liver,ac,fast,270.3616953,262.91761,75.39314502,0.278860306,110.4331064,12,7.444085317
Liver,glu__L,slow,6430.599242,6447.59072,1251.247622,0.194577142,1232.657935,12,16.99147763
Liver,glu__L,fast,7516.76995,7394.101486,1573.515088,0.209333942,2323.790796,12,122.6684642
Liver,succ,slow,1839.886696,1689.716362,689.9562558,0.374999318,692.6097006,12,150.1703343
Liver,succ,fast,2450.16381,2116.955613,1194.444005,0.487495571,1680.658109,12,333.2081971
Liver,gln__L,slow,2239.964921,2266.052726,818.4309227,0.365376669,1140.209338,12,26.08780483
Liver,gln__L,fast,2166.054718,1866.675557,922.5946421,0.425933211,1569.791396,12,299.3791606
Liver,ala_B,slow,770.2734516,740.5465469,177.868913,0.230916582,255.9868569,12,29.72690468
Liver,ala_B,fast,743.7581406,750.0653316,142.1819464,0.191166911,132.1498927,12,6.307191062
Liver,glyb,slow,30.62752777,25.56635213,12.55017147,0.409767695,24.9048499,12,5.061175642
Liver,glyb,fast,34.45346615,35.29368156,9.806165144,0.284620569,11.35590998,12,0.840215415
Liver,dma,slow,36.45996631,37.66508177,8.76386395,0.240369502,10.0623717,12,1.205115458
Liver,dma,fast,33.65856631,30.9365734,10.16490579,0.302000557,8.854865419,12,2.721992905
Liver,sarcs,slow,91.11857591,89.79762159,25.90860061,0.284339394,34.28379382,12,1.320954316
Liver,sarcs,fast,92.16954029,90.34209026,37.54467827,0.407343664,35.11215872,12,1.827450028
Liver,metsox_S__L,slow,406.2789217,343.8160096,181.6112939,0.447011361,110.8502332,12,62.46291206
Liver,metsox_S__L,fast,460.0955657,319.2718324,351.2848829,0.76350417,322.6376735,12,140.8237333
Liver,asp__L,slow,3162.281034,3494.541882,1076.023767,0.340268229,1220.453281,12,332.2608481
Liver,asp__L,fast,3512.245656,3480.165089,1080.774632,0.307716128,1180.036651,12,32.08056761
Liver,asn__L,slow,457.2245555,510.153783,247.9739676,0.542346129,368.8901855,12,52.9292275
Liver,asn__L,fast,403.6189451,380.0898969,187.3746447,0.464236496,228.8887276,12,23.52904821
Liver,tma,slow,28.4259555,27.35730144,5.607317056,0.19726046,8.569563043,12,1.068654054
Liver,tma,fast,27.43910854,26.20881717,8.013991012,0.292064554,10.61383046,12,1.230291373
Liver,dmgly,slow,84.02928406,87.61138462,18.33409873,0.218187016,25.8081198,12,3.582100561
Liver,dmgly,fast,77.19682716,72.47113154,20.5631989,0.266373628,25.29408919,12,4.725695618
Liver,lys__L,slow,1409.838985,1399.903363,402.4966768,0.285491238,365.3367048,12,9.935622182
Liver,lys__L,fast,1562.55115,1246.537178,906.0898751,0.579878537,1087.270109,12,316.0139722
Liver,crtn,slow,705.1509237,560.536317,599.0019663,0.849466329,570.6340279,24,144.6146066
Liver,crtn,fast,731.620568,558.0435127,637.9586821,0.871980245,502.2764739,24,173.5770553
Liver,etha,slow,1419.956798,1333.43765,339.6830886,0.239220721,309.3614577,12,86.51914819
Liver,etha,fast,1279.215243,1401.748816,479.9613934,0.37519987,637.5147682,12,122.5335727
Liver,acrn,slow,68.31511065,65.90593232,36.33829342,0.531921753,25.43646695,12,2.409178337
Liver,acrn,fast,58.93591386,56.18727589,25.14512752,0.426652034,27.21753932,12,2.74863797
Liver,chol,slow,1790.182892,1653.619798,616.5069594,0.344382109,1085.024924,12,136.563094
Liver,chol,fast,1916.40235,1649.439825,809.2880186,0.422295464,1136.025384,12,266.9625248
Liver,peho,slow,1017.698816,937.1897328,619.5395795,0.608765157,896.5503057,12,80.50908269
Liver,peho,fast,907.9687071,1001.72568,468.2263203,0.515685526,876.458076,12,93.7569731
Liver,cholp,slow,761.8851117,786.5486548,307.564986,0.403689456,457.3773481,12,24.66354304
Liver,cholp,fast,665.346705,547.4025571,401.8927114,0.604035022,556.066718,12,117.9441478
Liver,crn,slow,53.1137384,41.86746834,37.6648368,0.709135488,32.78944441,12,11.24627006
Liver,crn,fast,50.16759242,44.20607487,31.32924688,0.624491736,46.83673365,12,5.961517553
Liver,g3pc,slow,314.529815,253.6847527,232.5422489,0.739332927,119.3622558,12,60.84506229
Liver,g3pc,fast,319.5852952,214.6823315,329.2407284,1.030212382,99.63178994,12,104.9029637
Liver,btbet,slow,4439.789893,4191.830641,1276.186176,0.287442921,2060.592034,12,247.9592512
Liver,btbet,fast,4471.213067,3914.761586,1182.64678,0.264502443,1769.846909,12,556.4514815
Liver,inost,slow,5965.184631,4593.392451,5747.993236,0.963590164,11094.60736,24,1371.792179
Liver,inost,fast,6399.69773,5194.618442,6137.89621,0.95909158,12428.45403,24,1205.079289
Liver,taur,slow,8424.772377,7505.489654,1759.219616,0.208815092,2148.16358,12,919.2827229
Liver,taur,fast,7977.038645,8654.153703,2244.974515,0.281429565,3808.619622,12,677.115058
Liver,gly,slow,4382.810626,4602.694037,858.4969434,0.195878174,1302.08346,12,219.8834112
Liver,gly,fast,4469.129564,4415.199332,1339.407912,0.299702189,1461.285654,12,53.93023213
Liver,thr__L,slow,1658.57098,1620.974086,431.3193849,0.260054824,554.2196336,12,37.59689357
Liver,thr__L,fast,1816.962582,1435.551152,950.6436698,0.523204869,945.4302114,12,381.4114307
Liver,glyc,slow,4273.65849,3641.533176,1600.821216,0.374578647,2939.759563,12,632.1253136
Liver,glyc,fast,4655.941539,4556.497477,1997.142736,0.428944977,3556.468381,12,99.44406256
Liver,ethe,slow,131.0279617,133.4400231,41.67424782,0.318056141,54.42531751,12,2.412061496
Liver,ethe,fast,129.3259597,131.5313806,46.92254617,0.362823878,66.3898328,12,2.205420943
Liver,ser__D,slow,4390.74102,3838.829899,1230.788376,0.2803145,1329.513928,12,551.911121
Liver,ser__D,fast,4125.182311,3538.572226,1657.508138,0.401802396,2146.561778,12,586.6100845
Liver,pro__L,slow,1390.668499,1420.975581,388.6434851,0.279465225,356.7987605,12,30.30708227
Liver,pro__L,fast,1569.623865,1286.178086,794.8445797,0.506391752,789.9245419,12,283.4457792
Liver,mal__L,slow,966.0219495,841.9141414,329.632111,0.341226316,447.5247159,12,124.1078081
Liver,mal__L,fast,920.6586958,927.9201019,283.2905143,0.307704164,371.6104701,12,7.261406072
Liver,glc__D,slow,10575.59448,9755.501968,4243.522158,0.401256134,3771.01412,12,820.0925131
Liver,glc__D,fast,13638.79028,15572.32091,6267.772495,0.45955487,7594.770771,12,1933.530631
Liver,man,slow,152.3273133,141.1677136,50.5421281,0.331799511,85.9517776,12,11.15959976
Liver,man,fast,165.767367,135.9783538,92.29725984,0.556787874,103.1640636,12,29.78901316
Liver,g6p,slow,201.3058902,121.719467,166.5363181,0.827279907,222.5775571,12,79.5864232
Liver,g6p,fast,204.7618847,94.94718745,227.382432,1.110472451,218.8115554,12,109.8146973
Liver,ura,slow,184.5037218,175.1913711,51.7859366,0.280676921,53.00562995,12,9.312350732
Liver,ura,fast,156.7382702,127.5082214,76.78926355,0.48992032,92.18522587,12,29.23004882
Liver,uri,slow,491.7990025,478.4290262,114.9242214,0.233681282,162.8609803,12,13.36997626
Liver,uri,fast,550.2469561,559.7238847,118.5189642,0.215392312,115.11178,12,9.476928617
Liver,cytd,slow,50.42876477,41.52739751,34.94390125,0.692935895,35.58843916,12,8.90136726
Liver,cytd,fast,47.27956452,47.85088925,37.838079,0.800305151,63.53596721,12,0.571324734
Liver,ump,slow,30.05095487,30.70710023,24.45974794,0.813942453,39.10382109,12,0.656145363
Liver,ump,fast,28.14438764,21.00077324,27.62713749,0.981621553,37.02225788,12,7.143614397
Liver,cmp,slow,57.86521091,59.13424666,38.95310061,0.673169595,61.18074562,12,1.269035754
Liver,cmp,fast,57.9701252,69.93042582,29.86890535,0.515246521,49.74247042,12,11.96030062
Liver,ins,slow,45.96602583,21.48912415,75.17970395,1.635549356,20.55111722,12,24.47690168
Liver,ins,fast,29.21067903,14.56709494,40.12644637,1.373690982,29.75846462,12,14.64358409
Liver,fum,slow,82.40467498,77.33319616,23.77292694,0.288490027,30.01162861,12,5.071478827
Liver,fum,fast,90.13934836,75.04227482,45.58388353,0.505704605,34.70866654,12,15.09707354
Liver,tyr__L,slow,812.9223197,790.6271815,218.1662175,0.268372773,245.1281926,12,22.29513822
Liver,tyr__L,fast,862.0497577,738.1815448,443.6403437,0.514634265,656.0879685,12,123.8682129
Liver,ans,slow,692.1949925,728.6772203,152.2597175,0.219966511,187.2676493,12,36.48222774
Liver,ans,fast,705.3527513,596.006196,240.5867596,0.34108715,278.6489916,12,109.3465554
Liver,carn,slow,189.8003027,171.2379311,78.94767606,0.415951265,56.4137412,12,18.56237159
Liver,carn,fast,203.2293768,187.7908126,99.84644366,0.491299266,67.07357762,12,15.43856421
Liver,phe__L,slow,593.8654152,525.149363,192.4294836,0.324028776,344.966174,12,68.71605224
Liver,phe__L,fast,630.8688386,515.163222,353.1278713,0.559748477,406.7595796,12,115.7056166
Liver,xan,slow,942.0103118,826.8076936,446.3039729,0.473778224,635.5904772,12,115.2026181
Liver,xan,fast,1135.99725,1034.857739,467.2656941,0.411326431,852.1515337,12,101.1395112
Liver,oxyp,slow,17.75842186,12.0894724,23.46648645,1.321428595,20.12895375,12,5.668949464
Liver,oxyp,fast,21.17903005,9.1535721,26.56254381,1.254190761,32.46936226,12,12.02545795
Liver,hxan,slow,206.9520984,146.6958059,138.690606,0.670158008,260.764571,12,60.25629246
Liver,hxan,fast,167.0716952,101.4244881,103.7225936,0.620826846,162.2120245,12,65.64720714
Liver,ade,slow,256.1317205,169.7522186,249.2575608,0.973161623,436.6411874,12,86.37950184
Liver,ade,fast,285.2857489,237.7880803,261.7713361,0.917575929,442.3349632,12,47.49766858
Liver,nad,slow,54.80522721,46.57899791,45.38502629,0.828114919,22.74615536,12,8.226229305
Liver,nad,fast,57.4385021,40.5702016,46.27123244,0.805578675,57.81587639,12,16.8683005
Liver,for,slow,88.82404831,60.51162509,65.3056105,0.735224432,130.7409746,12,28.31242323
Liver,for,fast,72.87168605,68.54729522,44.84493528,0.615395879,71.82037969,12,4.324390829
Liver,ncam,slow,244.2753628,238.6009368,193.0220064,0.790182048,324.4059044,24,5.674425964
Liver,ncam,fast,236.8271331,194.9295078,179.0450243,0.756015672,323.2833817,24,41.8976253
Liver,amp,slow,74.90304184,76.62283043,43.58976073,0.581949139,60.9581218,12,1.71978859
Liver,amp,fast,75.94776758,78.99991753,30.06952298,0.395923724,46.02151787,12,3.052149945
Liver,pyr,slow,50.844524,12.06241309,99.43059197,1.955581136,6.847198883,12,38.78211091
Liver,pyr,fast,15.58461909,9.787011584,12.95774666,0.831444554,11.36268274,12,5.797607507
Liver,trp__L,slow,76.5740748,73.12664411,52.26497161,0.68254134,62.52891248,12,3.447430686
Liver,trp__L,fast,96.03942431,80.42781421,77.34884407,0.805386378,84.29167162,12,15.6116101
Liver,his__L,slow,96.02937251,86.24951345,43.56172965,0.453629223,42.94363505,12,9.779859068
Liver,his__L,fast,83.13346406,65.64590874,55.99872332,0.673600264,32.68704656,12,17.48755533
