reaction_id,flux_slow,flux_fast,flux_ratio,DRF_category,Formula,Pathways_list,Pathways,Pathway_Groups_list,Pathway Groups
2HCO3_NAt,-1.2268756180195113,-1.273545996531009,1.0380400244540156,Unchanged,2.0 Bicarbonate + Sodium <==> 2.0 Bicarbonate + Sodium,['Extracellular Transport'],Extracellular Transport,['Extracellular Transport'],Extracellular Transport
2OXOADOXm,0.0063728468602393,0.029665058879608,4.6549147547684955,Increased,2-oxoadipate(2-) + Coenzyme A + Nicotinamide adenine dinucleotide --> carbon dioxide + glutaryl-CoA(5-) + Nicotinamide adenine dinucleotide - reduced,"['2-oxocarboxylic Acid Metabolism', 'Lysine Metabolism', 'Tryptophan Metabolism']",2-oxocarboxylic Acid Metabolism; Lysine Metabolism; Tryptophan Metabolism,"['2-oxocarboxylic Acid Metabolism', 'Lysine Metabolism', 'AAA metabolism (Trp/Phe/Tyr)']",2-oxocarboxylic Acid Metabolism; Lysine Metabolism; AAA metabolism (Trp/Phe/Tyr)
3DSPHR,0.000507068726273,0.0005698538331487,1.1238197183588428,Unchanged,(2S)-1-hydroxy-3-oxooctadecan-2-aminium + proton + Nicotinamide adenine dinucleotide phosphate - reduced --> Nicotinamide adenine dinucleotide phosphate + sphinganine(1+),['Sphingolipid Metabolism'],Sphingolipid Metabolism,['Lipid metabolism'],Lipid metabolism
3HBCOAHLm,0.0259282628238054,0.0229477071062386,0.8850460696954107,Unchanged,(S)-3-Hydroxyisobutyryl-CoA + Water --> 3-hydroxy-2-methylpropanoate + Coenzyme A + proton,"['Valine, Leucine And Isoleucine Biosynthesis', 'Valine, Leucine And Isoleucine Degradation']","Valine, Leucine And Isoleucine Biosynthesis; Valine, Leucine And Isoleucine Degradation",['BCAA metabolism (Val/Leu/Iso)'],BCAA metabolism (Val/Leu/Iso)
3HKYNAKGAT,0.0093048059069925,0.0104569243537093,1.123819718351244,Unchanged,"2-Oxoglutarate + 3-hydroxy-L-kynurenine --> 4-(2-Amino-3-hydroxyphenyl)-2,4-dioxobutanoate + L-glutamate(1-)",['Tryptophan Metabolism'],Tryptophan Metabolism,['AAA metabolism (Trp/Phe/Tyr)'],AAA metabolism (Trp/Phe/Tyr)
3MOBt2im,0.0259282628238054,0.0229477071062386,0.8850460696954107,Unchanged,3-methyl-2-oxobutanoate + proton --> 3-methyl-2-oxobutanoate + proton,"['Transport, Mitochondrial']","Transport, Mitochondrial",['Mitochondrial transport'],Mitochondrial transport
AACOAT,0.0063728468602393,0.0071619309636188,1.1238197183589422,Unchanged,acetoacetate + ATP + Coenzyme A --> Acetoacetyl-CoA + AMP + Diphosphate,"['Butanoate Metabolism', 'Valine, Leucine And Isoleucine Degradation']","Butanoate Metabolism; Valine, Leucine And Isoleucine Degradation","['AA other', 'BCAA metabolism (Val/Leu/Iso)']",AA other; BCAA metabolism (Val/Leu/Iso)
ACACT10m,0.0375168209719687,0.0359711572605039,0.9588007813183407,Unchanged,2-methylacetoacetyl-CoA(4-) + Coenzyme A <==> Acetyl-CoA + Propanoyl-CoA,"['Valine, Leucine And Isoleucine Biosynthesis', 'Valine, Leucine And Isoleucine Degradation']","Valine, Leucine And Isoleucine Biosynthesis; Valine, Leucine And Isoleucine Degradation",['BCAA metabolism (Val/Leu/Iso)'],BCAA metabolism (Val/Leu/Iso)
ACACT1r,-0.0063728468602393,-0.0071619309636188,1.1238197183589422,Unchanged,2.0 Acetyl-CoA <==> Acetoacetyl-CoA + Coenzyme A,"['Butanoate Metabolism', 'Fatty Acid Degradation', 'Fatty Acid Metabolism', 'Glyoxylate And Dicarboxylate Metabolism', 'Lysine Degradation', 'Pyruvate Metabolism', 'Terpenoid Backbone Biosynthesis', 'Tryptophan Metabolism', 'Valine, Leucine And Isoleucine Degradation']","Butanoate Metabolism; Fatty Acid Degradation; Fatty Acid Metabolism; Glyoxylate And Dicarboxylate Metabolism; Lysine Degradation; Pyruvate Metabolism; Terpenoid Backbone Biosynthesis; Tryptophan Metabolism; Valine, Leucine And Isoleucine Degradation","['AA other', 'Lipid metabolism', 'Glyoxylate And Dicarboxylate Metabolism', 'Central Energy Metabolism', 'Terpenoid Backbone Biosynthesis', 'AAA metabolism (Trp/Phe/Tyr)', 'BCAA metabolism (Val/Leu/Iso)']",AA other; Lipid metabolism; Glyoxylate And Dicarboxylate Metabolism; Central Energy Metabolism; Terpenoid Backbone Biosynthesis; AAA metabolism (Trp/Phe/Tyr); BCAA metabolism (Val/Leu/Iso)
ACACt2,0.0,-0.0225031279159892,1000.0,On,Acetoacetate + proton <==> acetoacetate + proton,"['Extracellular Transport', 'Fatty Acid Degradation', 'Fatty Acid Elongation', 'Fatty Acid Metabolism']",Extracellular Transport; Fatty Acid Degradation; Fatty Acid Elongation; Fatty Acid Metabolism,"['Extracellular Transport', 'Lipid metabolism', 'Fatty Acid Elongation']",Extracellular Transport; Lipid metabolism; Fatty Acid Elongation
ACCOACm,0.0892198560433508,0.1002670334906631,1.1238197183589338,Unchanged,Acetyl-CoA + ATP + Bicarbonate --> ADP + proton + Malonyl-CoA + hydrogenphosphate,"['Fatty Acid Biosynthesis', 'Fatty Acid Degradation', 'Fatty Acid Metabolism', 'Propanoate Metabolism', 'Pyruvate Metabolism']",Fatty Acid Biosynthesis; Fatty Acid Degradation; Fatty Acid Metabolism; Propanoate Metabolism; Pyruvate Metabolism,"['Lipid metabolism', 'Propanoate Metabolism', 'Central Energy Metabolism']",Lipid metabolism; Propanoate Metabolism; Central Energy Metabolism
ACONTm,0.5501629958172702,0.5599733315170397,1.017831689470856,Unchanged,Citrate <==> Isocitrate,"['2-oxocarboxylic Acid Metabolism', 'Biosynthesis Of Amino Acids', 'Citric Acid Cycle']",2-oxocarboxylic Acid Metabolism; Biosynthesis Of Amino Acids; Citric Acid Cycle,"['2-oxocarboxylic Acid Metabolism', 'AA other', 'Central Energy Metabolism']",2-oxocarboxylic Acid Metabolism; AA other; Central Energy Metabolism
ADK1,0.259790631579644,0.2919578344140974,1.1238197183588274,Unchanged,AMP + ATP <==> 2.0 ADP,"['Nucleotide Interconversion', 'Nucleotide Metabolism', 'Purine Metabolism']",Nucleotide Interconversion; Nucleotide Metabolism; Purine Metabolism,"['Nucleotide metabolism', 'Nitrogen disposal']",Nucleotide metabolism; Nitrogen disposal
ADKd,0.0008293180102596,0.0009320039327199,1.1238197183588914,Unchanged,dAMP(2-) + dATP <==> 2.0 dADP,['Nucleotide Interconversion'],Nucleotide Interconversion,['Nucleotide metabolism'],Nucleotide metabolism
ADSL1,0.0031987980399136,0.0035948723122669,1.1238197183477074,Unchanged,"N6-(1,2-Dicarboxyethyl)-AMP --> AMP + Fumarate","['Alanine, Aspartate And Glutamate Metabolism', 'Nucleotide Interconversion', 'Nucleotide Metabolism', 'Purine Metabolism']","Alanine, Aspartate And Glutamate Metabolism; Nucleotide Interconversion; Nucleotide Metabolism; Purine Metabolism","['AA other', 'Nucleotide metabolism', 'Nitrogen disposal']",AA other; Nucleotide metabolism; Nitrogen disposal
ADSL2,0.0046524029534963,0.0052284621768546,1.1238197183512209,Unchanged,(S)-2-[5-Amino-1-(5-phospho-D-ribosyl)imidazole-4-carboxamido]succinate --> 5-Amino-1-(5-Phospho-D-ribosyl)imidazole-4-carboxamide + Fumarate,"['Purine Metabolism', 'Purine Synthesis']",Purine Metabolism; Purine Synthesis,"['Nitrogen disposal', 'Nucleotide metabolism']",Nitrogen disposal; Nucleotide metabolism
ADSS,0.0031987980399136,0.0035948723122669,1.1238197183477074,Unchanged,"L-aspartate(1-) + GTP + IMP --> N6-(1,2-Dicarboxyethyl)-AMP + GDP + 2.0 proton + hydrogenphosphate","['Alanine, Aspartate And Glutamate Metabolism', 'Nucleotide Interconversion', 'Nucleotide Metabolism', 'Purine Metabolism']","Alanine, Aspartate And Glutamate Metabolism; Nucleotide Interconversion; Nucleotide Metabolism; Purine Metabolism","['AA other', 'Nucleotide metabolism', 'Nitrogen disposal']",AA other; Nucleotide metabolism; Nitrogen disposal
AGPAT1,0.011981844443429,0.0134654330478349,1.123819718358931,Unchanged,R total 2 coenzyme A + lysophosphatidic acid --> Coenzyme A + phosphatidate(2-),['Triacylglycerol Synthesis'],Triacylglycerol Synthesis,['Lipid metabolism'],Lipid metabolism
AICART,0.0046524029534963,0.0052284621768546,1.1238197183512209,Unchanged,"10-Formyltetrahydrofolate + 5-Amino-1-(5-Phospho-D-ribosyl)imidazole-4-carboxamide <==> 5-Formamido-1-(5-phospho-D-ribosyl)imidazole-4-carboxamide + 5,6,7,8-Tetrahydrofolate","['Folate Metabolism', 'Purine Metabolism', 'Purine Synthesis']",Folate Metabolism; Purine Metabolism; Purine Synthesis,"['Folate Metabolism', 'Nitrogen disposal', 'Nucleotide metabolism']",Folate Metabolism; Nitrogen disposal; Nucleotide metabolism
AIRCr,0.0046524029534963,0.0052284621768546,1.1238197183512209,Unchanged,5-amino-1-(5-phospho-D-ribosyl)imidazole + carbon dioxide <==> 5-amino-1-(5-phospho-D-ribosyl)imidazole-4-carboxylate + proton,"['Purine Metabolism', 'Purine Synthesis']",Purine Metabolism; Purine Synthesis,"['Nitrogen disposal', 'Nucleotide metabolism']",Nitrogen disposal; Nucleotide metabolism
AKGDm,1.1074543041525975,1.1240274310383245,1.014965066119282,Unchanged,2-Oxoglutarate + Coenzyme A + Nicotinamide adenine dinucleotide --> carbon dioxide + Nicotinamide adenine dinucleotide - reduced + Succinyl-CoA,"['2-oxocarboxylic Acid Metabolism', 'Citric Acid Cycle']",2-oxocarboxylic Acid Metabolism; Citric Acid Cycle,"['2-oxocarboxylic Acid Metabolism', 'Central Energy Metabolism']",2-oxocarboxylic Acid Metabolism; Central Energy Metabolism
AKGMALtm,9.958160096774256,10.156097725015725,1.0198769276972748,Unchanged,2-Oxoglutarate + (S)-malate(2-) <==> 2-Oxoglutarate + (S)-malate(2-),"['Transport, Mitochondrial']","Transport, Mitochondrial",['Mitochondrial transport'],Mitochondrial transport
ALATA__L,-0.0215620787083472,-0.024231889221248,1.1238197183589378,Unchanged,2-Oxoglutarate + L-alanine <==> L-glutamate(1-) + pyruvate,"['2-oxocarboxylic Acid Metabolism', 'Alanine, Aspartate And Glutamate Metabolism', 'Arginine Biosynthesis', 'Biosynthesis Of Amino Acids']","2-oxocarboxylic Acid Metabolism; Alanine, Aspartate And Glutamate Metabolism; Arginine Biosynthesis; Biosynthesis Of Amino Acids","['2-oxocarboxylic Acid Metabolism', 'AA other']",2-oxocarboxylic Acid Metabolism; AA other
AMPTASECG,0.0061799830332533,0.0258110500565122,4.176556783024792,Increased,L-cysteinylglycine + Water --> L-cysteine + Glycine,['Glutathione Metabolism'],Glutathione Metabolism,['Redox & Pentose Metabolism'],Redox & Pentose Metabolism
ARGLYSex,0.0138314131647102,0.0155440148472707,1.1238197183589362,Unchanged,L-Arginine + L-lysinium(1+) --> L-argininium(1+) + L-lysinium(1+),['Extracellular Transport'],Extracellular Transport,['Extracellular Transport'],Extracellular Transport
ARTPLM2,-0.011981844443429,-0.0134654330478349,1.123819718358931,Unchanged,R total 2 coenzyme A <==> Palmitoyl-CoA (n-C16:0CoA),['Unknown'],Unknown,['Unknown'],Unknown
ARTPLM3,-0.0002567805507766,-0.0002885750462538,1.1238197183588927,Unchanged,R total 3 Coenzyme A <==> Palmitoyl-CoA (n-C16:0CoA),['Unknown'],Unknown,['Unknown'],Unknown
ASCBOX,0.032619491313498,0.0334253061759623,1.0247034772774295,Unchanged,L-ascorbate + 3.0 proton + 2.0 superoxide --> dehydroascorbide(1-) + 2.0 Hydrogen peroxide,['Vitamin C Metabolism'],Vitamin C Metabolism,['Vitamin C Metabolism'],Vitamin C Metabolism
ASNtN1,0.0118078772196767,0.013269925251434,1.123819718358939,Unchanged,L-Asparagine + proton + 2.0 Sodium <==> L-asparagine + proton + 2.0 Sodium,['Extracellular Transport'],Extracellular Transport,['Extracellular Transport'],Extracellular Transport
ASPCTr,0.0036184803423646,0.0040665195592437,1.1238197183589826,Unchanged,L-aspartate(1-) + Carbamoyl phosphate <==> N-Carbamoyl-L-aspartate + proton + hydrogenphosphate,"['Alanine, Aspartate And Glutamate Metabolism', 'Pyrimidine Metabolism', 'Pyrimidine Synthesis']","Alanine, Aspartate And Glutamate Metabolism; Pyrimidine Metabolism; Pyrimidine Synthesis","['AA other', 'Nucleotide metabolism']",AA other; Nucleotide metabolism
ASPTA,-0.0330944090960969,-0.0371921495095595,1.1238197183567746,Unchanged,2-Oxoglutarate + L-aspartate(1-) <==> L-glutamate(1-) + Oxaloacetate,"['2-oxocarboxylic Acid Metabolism', 'Alanine, Aspartate And Glutamate Metabolism', 'Arginine Biosynthesis', 'Biosynthesis Of Amino Acids']","2-oxocarboxylic Acid Metabolism; Alanine, Aspartate And Glutamate Metabolism; Arginine Biosynthesis; Biosynthesis Of Amino Acids","['2-oxocarboxylic Acid Metabolism', 'AA other']",2-oxocarboxylic Acid Metabolism; AA other
ATPM,18.5,18.5,1.0,Unchanged,ATP + Water --> ADP + proton + hydrogenphosphate,"['Biomass And Maintenance Functions', 'Nucleotide Metabolism', 'Purine Metabolism']",Biomass And Maintenance Functions; Nucleotide Metabolism; Purine Metabolism,"['Biomass And Maintenance Functions', 'Nucleotide metabolism', 'Nitrogen disposal']",Biomass And Maintenance Functions; Nucleotide metabolism; Nitrogen disposal
ATPS4m,10.06424969537668,10.337564169493522,1.027156964740491,Unchanged,ADP + 4.0 proton + hydrogenphosphate --> ATP + Water + 3.0 proton,['Oxidative Phosphorylation'],Oxidative Phosphorylation,['Oxidative Phosphorylation'],Oxidative Phosphorylation
ATPtm,10.52455479775555,10.792623258352265,1.0254707648682566,Unchanged,ADP + ATP --> ADP + ATP,"['Transport, Mitochondrial']","Transport, Mitochondrial",['Mitochondrial transport'],Mitochondrial transport
BILGLCURtr,-0.0061799830332533,-0.0258110500565122,4.176556783024792,Increased,mono(glucosyluronic acid)bilirubin(2-) <==> mono(glucosyluronic acid)bilirubin(2-),"['Transport, Endoplasmic Reticulum']","Transport, Endoplasmic Reticulum","['Transport, Endoplasmic Reticulum']","Transport, Endoplasmic Reticulum"
BIOMASS_maintenance,0.0236948002931315,0.0266286837919982,1.1238197183589327,Unchanged,"0.3449 L-alanine + 0.2755 L-argininium(1+) + 0.1901 L-asparagine + 0.2448 L-aspartate(1-) + 29.93 ATP + 0.020401 cholesterol + 0.0066 cardiolipin + 0.039036 CTP + 0.1067 L-cysteine + 0.035 dATP + 0.02523 dCTP + 0.02523 dGTP + 0.035 dTTP + 0.27519 D-Glucose 6-phosphate + 0.2424 L-glutamine + 0.3626 L-glutamate(1-) + 0.3106 Glycine + 0.025686 glycogen, structure 2 (glycogenin-1,6-{7[1,4-Glc], 4[1,4-Glc]}) + 0.036117 GTP + 29.83 Water + 0.1255 L-histidine + 0.2186 L-isoleucine + 0.4616 L-leucine + 0.3013 L-lysinium(1+) + 0.1088 L-methionine + 0.0017 phosphatidate(2-) + 0.0182 1-phosphatidyl-1D-myo-inositol(1-) + 0.1302 Phosphatidylcholine + 0.05 Phosphatidylethanolamine (gallus gallus) + 0.0015 phosphatidylglycerol(1-) + 0.1674 L-phenylalanine + 0.2936 L-proline + 0.0165 phosphatidylserine + 0.433 L-serine + 0.0214 sphingomyelin betaine + 0.010837 triglyceride + 0.2674 L-Threonine + 0.0552 L-tryptophan + 0.131 L-tyrosine + 0.053446 UTP + 0.2967 L-valine --> 29.83 ADP + 29.83 proton + 29.83 hydrogenphosphate",['Biomass And Maintenance Functions'],Biomass And Maintenance Functions,['Biomass And Maintenance Functions'],Biomass And Maintenance Functions
BTNt2,-0.0973132515119988,-0.0554675064746254,0.5699892420898732,Decreased,Biotin + proton <==> Biotin + proton,['Extracellular Transport'],Extracellular Transport,['Extracellular Transport'],Extracellular Transport
BTNt4i,0.0973132515119988,0.0554675064746376,0.5699892420899986,Decreased,Biotin + proton --> Biotin + proton,['Extracellular Transport'],Extracellular Transport,['Extracellular Transport'],Extracellular Transport
CA2t,-0.0187331147445824,0.0,2000.0,Off,Calcium <==> Calcium,['Extracellular Transport'],Extracellular Transport,['Extracellular Transport'],Extracellular Transport
CAt7r,-0.0187331147445824,0.0,2000.0,Off,Calcium + 3.0 Sodium <==> Calcium + 3.0 Sodium,['Extracellular Transport'],Extracellular Transport,['Extracellular Transport'],Extracellular Transport
CDIPTr,0.0004312453653349,0.0004846420450143,1.12381971835902,Unchanged,CDP-diacylglycerol(2-) + myo-inositol <==> CMP + proton + 1-phosphatidyl-1D-myo-inositol(1-),['Glycerophospholipid Metabolism'],Glycerophospholipid Metabolism,['Lipid metabolism'],Lipid metabolism
CDS,0.000779558929644,0.0008760836967567,1.1238197183589185,Unchanged,CTP + proton + phosphatidate(2-) --> CDP-diacylglycerol(2-) + Diphosphate,['Glycerophospholipid Metabolism'],Glycerophospholipid Metabolism,['Lipid metabolism'],Lipid metabolism
CEPTC,0.011412292528783,0.0128253593755266,1.1238197183589274,Unchanged,CDPcholine + diglyceride --> CMP + proton + Phosphatidylcholine,['Glycerophospholipid Metabolism'],Glycerophospholipid Metabolism,['Lipid metabolism'],Lipid metabolism
CHLPCTD,0.011412292528783,0.0128253593755266,1.1238197183589274,Unchanged,choline phosphate(1-) + CTP + proton --> CDPcholine + Diphosphate,['Glycerophospholipid Metabolism'],Glycerophospholipid Metabolism,['Lipid metabolism'],Lipid metabolism
CHOLESTTDe,-0.0004833976207801,-0.0005432517780405,1.1238197183589944,Unchanged,cholesterol <==> Chsterol c,['Extracellular Transport'],Extracellular Transport,['Extracellular Transport'],Extracellular Transport
CHOLESTle,0.006244456584851,0.0070176434404918,1.1238197183589274,Unchanged,Water + cholesterol ester --> R total + Chsterol c + proton,['Extracellular Transport'],Extracellular Transport,['Extracellular Transport'],Extracellular Transport
CHOLK,0.011412292528783,0.0128253593755266,1.1238197183589274,Unchanged,ATP + Choline --> ADP + choline phosphate(1-) + proton,['Glycerophospholipid Metabolism'],Glycerophospholipid Metabolism,['Lipid metabolism'],Lipid metabolism
CHOLtu,0.0035921317244387,0.0040369084628668,1.1238197183589085,Unchanged,Choline <==> Choline,['Extracellular Transport'],Extracellular Transport,['Extracellular Transport'],Extracellular Transport
CLSm_hs,0.0001563856819346,0.0001757493130271,1.1238197183588572,Unchanged,CDP-diacylglycerol(2-) + phosphatidylglycerol(1-) --> cardiolipin + CMP + proton,['Glycerophospholipid Metabolism'],Glycerophospholipid Metabolism,['Lipid metabolism'],Lipid metabolism
CO2t,-0.4518041665138707,-0.4703048105784553,1.0409483697490793,Unchanged,carbon dioxide <==> carbon dioxide,['Extracellular Transport'],Extracellular Transport,['Extracellular Transport'],Extracellular Transport
CO2tm,-2.802411534065288,-2.8826158271416618,1.0286197412840454,Unchanged,carbon dioxide <==> carbon dioxide,"['Transport, Mitochondrial']","Transport, Mitochondrial",['Mitochondrial transport'],Mitochondrial transport
COAtim,0.0892198560433508,0.1002670334906631,1.1238197183589338,Unchanged,Coenzyme A <==> Coenzyme A,"['Transport, Mitochondrial']","Transport, Mitochondrial",['Mitochondrial transport'],Mitochondrial transport
CSm,0.5501629958172702,0.5599733315170398,1.0178316894708561,Unchanged,Acetyl-CoA + Water + Oxaloacetate --> Citrate + Coenzyme A + proton,"['2-oxocarboxylic Acid Metabolism', 'Biosynthesis Of Amino Acids', 'Citric Acid Cycle', 'Glyoxylate And Dicarboxylate Metabolism']",2-oxocarboxylic Acid Metabolism; Biosynthesis Of Amino Acids; Citric Acid Cycle; Glyoxylate And Dicarboxylate Metabolism,"['2-oxocarboxylic Acid Metabolism', 'AA other', 'Central Energy Metabolism', 'Glyoxylate And Dicarboxylate Metabolism']",2-oxocarboxylic Acid Metabolism; AA other; Central Energy Metabolism; Glyoxylate And Dicarboxylate Metabolism
CTPS2,0.0127684881183608,0.0143494787210455,1.1238197183589238,Unchanged,ATP + L-glutamine + Water + UTP --> ADP + CTP + L-glutamate(1-) + 2.0 proton + hydrogenphosphate,"['Nucleotide Metabolism', 'Pyrimidine Metabolism', 'Pyrimidine Synthesis']",Nucleotide Metabolism; Pyrimidine Metabolism; Pyrimidine Synthesis,['Nucleotide metabolism'],Nucleotide metabolism
CYOOm3,3.2619491313498004,3.3425306175962306,1.0247034772774293,Unchanged,4.0 Ferrocytochrome C + 7.92 proton + O2 --> 4.0 Ferricytochrome c + 1.96 Water + 4.0 proton + 0.02 superoxide,['Oxidative Phosphorylation'],Oxidative Phosphorylation,['Oxidative Phosphorylation'],Oxidative Phosphorylation
CYOR_u10m,6.5238982626996,6.68506123519246,1.0247034772774293,Unchanged,2.0 Ferricytochrome c + 2.0 proton + Ubiquinol-10 --> 2.0 Ferrocytochrome C + 4.0 proton + ubiquinone-10,['Oxidative Phosphorylation'],Oxidative Phosphorylation,['Oxidative Phosphorylation'],Oxidative Phosphorylation
CYSGLUexR,0.0,-0.0037173539148796,1000.0,On,L-Cysteine + L-glutamine <==> L-cysteine + L-Glutamine,['Extracellular Transport'],Extracellular Transport,['Extracellular Transport'],Extracellular Transport
CYStec,0.0,-0.0151485093497387,1000.0,On,L-Cysteine <==> L-cysteine,['Extracellular Transport'],Extracellular Transport,['Extracellular Transport'],Extracellular Transport
CYTDK1,0.0052128560644891,0.0058583104342397,1.1238197183589145,Unchanged,ATP + Cytidine --> ADP + CMP + proton,"['Nucleotide Interconversion', 'Nucleotide Metabolism', 'Pyrimidine Metabolism']",Nucleotide Interconversion; Nucleotide Metabolism; Pyrimidine Metabolism,['Nucleotide metabolism'],Nucleotide metabolism
CYTDe,0.0106478982713265,0.0119663180363967,1.1238197183589314,Unchanged,Cytidine + Water + proton --> Ammonium + Uridine,['Pyrimidine Catabolism'],Pyrimidine Catabolism,['Nucleotide metabolism'],Nucleotide metabolism
CYTDt,-0.0106478982713265,-0.0119663180363967,1.1238197183589314,Unchanged,Cytidine <==> Cytidine,['Extracellular Transport'],Extracellular Transport,['Extracellular Transport'],Extracellular Transport
CYTK1,0.0011956396227914,0.0013436833841442,1.123819718358923,Unchanged,ATP + CMP <==> ADP + CDP,"['Nucleotide Interconversion', 'Nucleotide Metabolism', 'Pyrimidine Metabolism']",Nucleotide Interconversion; Nucleotide Metabolism; Pyrimidine Metabolism,['Nucleotide metabolism'],Nucleotide metabolism
CYTK12,-0.0005978198113957,-0.0006718416920721,1.123819718358923,Unchanged,dCMP + dCTP <==> 2.0 dCDP,['Nucleotide Interconversion'],Nucleotide Interconversion,['Nucleotide metabolism'],Nucleotide metabolism
CYTK1m,0.000348313564309,0.0003914416517423,1.1238197183588283,Unchanged,ATP + CMP <==> ADP + CDP,"['Nucleotide Interconversion', 'Nucleotide Metabolism', 'Pyrimidine Metabolism']",Nucleotide Interconversion; Nucleotide Metabolism; Pyrimidine Metabolism,['Nucleotide metabolism'],Nucleotide metabolism
ECOAH12m,0.0259282628238054,0.0229477071062386,0.8850460696954107,Unchanged,2-Methylprop-2-enoyl-CoA + Water <==> (S)-3-Hydroxyisobutyryl-CoA,"['Valine, Leucine And Isoleucine Biosynthesis', 'Valine, Leucine And Isoleucine Degradation']","Valine, Leucine And Isoleucine Biosynthesis; Valine, Leucine And Isoleucine Degradation",['BCAA metabolism (Val/Leu/Iso)'],BCAA metabolism (Val/Leu/Iso)
ECOAH1m,-0.0063728468602393,-0.0296650588796081,4.6549147547685115,Increased,(S)-3-hydroxybutanoyl-CoA(4-) <==> crotonoyl-CoA(4-) + Water,"['Butanoate Metabolism', 'Fatty Acid Degradation', 'Fatty Acid Metabolism', 'Lysine Degradation', 'Tryptophan Metabolism']",Butanoate Metabolism; Fatty Acid Degradation; Fatty Acid Metabolism; Lysine Degradation; Tryptophan Metabolism,"['AA other', 'Lipid metabolism', 'AAA metabolism (Trp/Phe/Tyr)']",AA other; Lipid metabolism; AAA metabolism (Trp/Phe/Tyr)
ECOAH9m,0.0375168209719689,0.0359711572605039,0.9588007813183356,Unchanged,"2-methylcrotonoyl-CoA(4-) + Water <==> (2S,3S)-3-hydroxy-2-methylbutanoyl-CoA(4-)","['Valine, Leucine And Isoleucine Biosynthesis', 'Valine, Leucine And Isoleucine Degradation']","Valine, Leucine And Isoleucine Biosynthesis; Valine, Leucine And Isoleucine Degradation",['BCAA metabolism (Val/Leu/Iso)'],BCAA metabolism (Val/Leu/Iso)
ENO,9.960421366634884,9.938132095661592,0.9977622160596582,Unchanged,D-Glycerate 2-phosphate <==> Water + Phosphoenolpyruvate,"['Biosynthesis Of Amino Acids', 'Glycolysis/Gluconeogenesis', 'Methane Metabolism']",Biosynthesis Of Amino Acids; Glycolysis/Gluconeogenesis; Methane Metabolism,"['AA other', 'Central Energy Metabolism', 'Methane Metabolism']",AA other; Central Energy Metabolism; Methane Metabolism
EX_C02470_e,0.0093048059069925,0.0104569243537093,1.123819718351244,Unchanged,Xanthurenic acid -->,['Unknown'],Unknown,['Unknown'],Unknown
EX_acac_e,0.0,0.0225031279159892,1000.0,On,Acetoacetate -->,['Unknown'],Unknown,['Unknown'],Unknown
EX_arg__L_e,-0.0138314131647102,-0.0155440148472707,1.1238197183589362,Unchanged,L-Arginine <==>,['Unknown'],Unknown,['Unknown'],Unknown
EX_asn__L_e,-0.0118078772196767,-0.013269925251434,1.123819718358939,Unchanged,L-Asparagine <==>,['Unknown'],Unknown,['Unknown'],Unknown
EX_cgly_e,0.0,0.0241889499434889,1000.0,On,L-cysteinylglycine -->,['Unknown'],Unknown,['Unknown'],Unknown
EX_chol_e,-0.0035921317244387,-0.0040369084628668,1.1238197183589085,Unchanged,Choline <==>,['Unknown'],Unknown,['Unknown'],Unknown
EX_chsterol_e,-0.0004833976207801,-0.0005432517780405,1.1238197183589944,Unchanged,Chsterol c <==>,['Unknown'],Unknown,['Unknown'],Unknown
EX_co2_e,0.4686965213700483,0.5134777219988329,1.0955441284221281,Unchanged,carbon dioxide -->,['Unknown'],Unknown,['Unknown'],Unknown
EX_cys__L_e,0.0,0.0188658632646183,1000.0,On,L-Cysteine <==>,['Unknown'],Unknown,['Unknown'],Unknown
EX_glc__D_e,-5.0,-4.991305672131468,0.9982611344262937,Unchanged,D-glucose <==>,['Unknown'],Unknown,['Unknown'],Unknown
EX_gln__L_e,-0.4991829570199727,-0.5,1.001636760567518,Unchanged,L-Glutamine <==>,['Unknown'],Unknown,['Unknown'],Unknown
EX_glu__L_e,-0.05,-0.05,1.0,Unchanged,L-glutamate(1-) <==>,['Unknown'],Unknown,['Unknown'],Unknown
EX_gly_e,-0.0167872684172182,0.0,2000.0,Off,Glycine <==>,['Unknown'],Unknown,['Unknown'],Unknown
EX_gthrd_e,-0.0061799830332533,-0.05,8.090637098995193,Increased,Reduced glutathione <==>,['Unknown'],Unknown,['Unknown'],Unknown
EX_h2o2_e,0.065238982626996,0.0668506123519246,1.0247034772774295,Unchanged,Hydrogen peroxide -->,['Unknown'],Unknown,['Unknown'],Unknown
EX_h_e,10.624828055621704,10.488117390864076,0.9871329056769731,Unchanged,proton <==>,['Unknown'],Unknown,['Unknown'],Unknown
EX_hco3_e,2.4306788981495915,2.4781080315851285,1.0195127104084556,Unchanged,Bicarbonate -->,['Unknown'],Unknown,['Unknown'],Unknown
EX_his__L_e,-0.0084513191997523,-0.0094977591628272,1.123819718358948,Unchanged,L-Histidine <==>,['Unknown'],Unknown,['Unknown'],Unknown
EX_ile__L_e,-0.05,-0.05,1.0,Unchanged,L-Isoleucine <==>,['Unknown'],Unknown,['Unknown'],Unknown
EX_inost_e,-0.0004312453653349,-0.0004846420450143,1.12381971835902,Unchanged,Myo-Inositol <==>,['Unknown'],Unknown,['Unknown'],Unknown
EX_lac__L_e,8.734821505051944,8.654620153588919,0.9908182037358589,Unchanged,L-Lactate <==>,['Unknown'],Unknown,['Unknown'],Unknown
EX_leu__L_e,-0.0346738807881551,-0.0389671909417558,1.1238197183589362,Unchanged,L-Leucine <==>,['Unknown'],Unknown,['Unknown'],Unknown
EX_lys__L_e,-0.0244673337144884,-0.05,2.043541016093321,Increased,L-lysinium(1+) <==>,['Unknown'],Unknown,['Unknown'],Unknown
EX_met__L_e,-0.0074469913945277,-0.0083690757716195,1.1238197183589307,Unchanged,L-Methionine <==>,['Unknown'],Unknown,['Unknown'],Unknown
EX_nh4_e,1.0571493352198549,1.0974370403425115,1.0381097577990512,Unchanged,Ammonium -->,['Unknown'],Unknown,['Unknown'],Unknown
EX_o2_e,-3.281065811890058,-3.3640143201366848,1.0252809644799061,Unchanged,O2 <==>,['Unknown'],Unknown,['Unknown'],Unknown
EX_phe__L_e,-0.0161390023756565,-0.0181373291044062,1.1238197183590422,Unchanged,L-phenylalanine <==>,['Unknown'],Unknown,['Unknown'],Unknown
EX_pi_e,-0.0373208980139716,-0.0419419610949673,1.1238197183590206,Unchanged,hydrogenphosphate <==>,['Unknown'],Unknown,['Unknown'],Unknown
EX_pro__L_e,-0.05,-0.0180779471395497,0.36155894279099393,Decreased,L-Proline <==>,['Unknown'],Unknown,['Unknown'],Unknown
EX_pyr_e,1.1976649360143523,1.229614993971815,1.026676958635683,Unchanged,Pyruvate -->,['Unknown'],Unknown,['Unknown'],Unknown
EX_ser__L_e,-0.0312099853229028,-0.0350743969155712,1.1238197183589376,Unchanged,L-Serine <==>,['Unknown'],Unknown,['Unknown'],Unknown
EX_thr__L_e,-0.0215516056066177,-0.024220119343012,1.1238197183589373,Unchanged,L-Threonine <==>,['Unknown'],Unknown,['Unknown'],Unknown
EX_trp__L_e,-0.014873131365479,-0.0167147183021965,1.123819718354124,Unchanged,L-Tryptophan <==>,['Unknown'],Unknown,['Unknown'],Unknown
EX_tyr__L_e,-0.011016139162682,-0.0123801544112082,1.1238197183589425,Unchanged,L-Tyrosine <==>,['Unknown'],Unknown,['Unknown'],Unknown
EX_val__L_e,-0.05,-0.05,1.0,Unchanged,L-Valine <==>,['Unknown'],Unknown,['Unknown'],Unknown
FAS100COA,0.0127456937204786,0.0143238619272376,1.1238197183589422,Unchanged,3.0 proton + Malonyl-CoA + 2.0 Nicotinamide adenine dinucleotide phosphate - reduced + Octanoyl-CoA (n-C8:0CoA) --> carbon dioxide + Coenzyme A + Decanoyl-CoA (n-C10:0CoA) + Water + 2.0 Nicotinamide adenine dinucleotide phosphate,['Fatty Acid Biosynthesis'],Fatty Acid Biosynthesis,['Lipid metabolism'],Lipid metabolism
FAS120COA,0.0127456937204786,0.0143238619272375,1.1238197183589347,Unchanged,Decanoyl-CoA (n-C10:0CoA) + 3.0 proton + Malonyl-CoA + 2.0 Nicotinamide adenine dinucleotide phosphate - reduced --> carbon dioxide + Coenzyme A + Dodecanoyl-CoA (n-C12:0CoA) + Water + 2.0 Nicotinamide adenine dinucleotide phosphate,['Fatty Acid Biosynthesis'],Fatty Acid Biosynthesis,['Lipid metabolism'],Lipid metabolism
FAS140COA,0.0127456937204786,0.0143238619272375,1.1238197183589347,Unchanged,Dodecanoyl-CoA (n-C12:0CoA) + 3.0 proton + Malonyl-CoA + 2.0 Nicotinamide adenine dinucleotide phosphate - reduced --> carbon dioxide + Coenzyme A + Water + 2.0 Nicotinamide adenine dinucleotide phosphate + Tetradecanoyl-CoA (n-C14:0CoA),['Fatty Acid Biosynthesis'],Fatty Acid Biosynthesis,['Lipid metabolism'],Lipid metabolism
FAS160COA,0.0127456937204786,0.0143238619272375,1.1238197183589347,Unchanged,3.0 proton + Malonyl-CoA + 2.0 Nicotinamide adenine dinucleotide phosphate - reduced + Tetradecanoyl-CoA (n-C14:0CoA) --> carbon dioxide + Coenzyme A + Water + 2.0 Nicotinamide adenine dinucleotide phosphate + Palmitoyl-CoA (n-C16:0CoA),['Fatty Acid Biosynthesis'],Fatty Acid Biosynthesis,['Lipid metabolism'],Lipid metabolism
FAS80COA__L,0.0127456937204786,0.0143238619272376,1.1238197183589422,Unchanged,Acetyl-CoA + 9.0 proton + 3.0 Malonyl-CoA + 6.0 Nicotinamide adenine dinucleotide phosphate - reduced --> 3.0 carbon dioxide + 3.0 Coenzyme A + 3.0 Water + 6.0 Nicotinamide adenine dinucleotide phosphate + Octanoyl-CoA (n-C8:0CoA),['Fatty Acid Biosynthesis'],Fatty Acid Biosynthesis,['Lipid metabolism'],Lipid metabolism
FBA,4.983382670690483,4.972630789787005,0.9978424532864565,Unchanged,"D-Fructose 1,6-bisphosphate <==> Dihydroxyacetone phosphate + Glyceraldehyde 3-phosphate",['Pentose Phosphate Pathway'],Pentose Phosphate Pathway,['Redox & Pentose Metabolism'],Redox & Pentose Metabolism
FKYNH,0.0093048059069925,0.0104569243537093,1.123819718351244,Unchanged,N-formyl-L-kynurenine + Water --> L-kynurenine + Formate + proton,['Tryptophan Metabolism'],Tryptophan Metabolism,['AAA metabolism (Trp/Phe/Tyr)'],AAA metabolism (Trp/Phe/Tyr)
FTHFL,0.0093048059069925,0.0104569243537093,1.123819718351244,Unchanged,"ATP + Formate + 5,6,7,8-Tetrahydrofolate --> 10-Formyltetrahydrofolate + ADP + hydrogenphosphate",['Folate Metabolism'],Folate Metabolism,['Folate Metabolism'],Folate Metabolism
FUM,-12.52198356090388,-12.845756921714225,1.0258563956130105,Unchanged,Fumarate + Water <==> (S)-malate(2-),"['Citric Acid Cycle', 'Pyruvate Metabolism']",Citric Acid Cycle; Pyruvate Metabolism,['Central Energy Metabolism'],Central Energy Metabolism
FUMSO4tm,12.529834761897288,12.854580256203343,1.0259177794821042,Unchanged,Fumarate + sulfate <==> Fumarate + sulfate,"['Transport, Mitochondrial']","Transport, Mitochondrial",['Mitochondrial transport'],Mitochondrial transport
FUMm,13.700734149845658,14.037526551608412,1.0245820696963561,Unchanged,Fumarate + Water <==> (S)-malate(2-),"['Citric Acid Cycle', 'Pyruvate Metabolism']",Citric Acid Cycle; Pyruvate Metabolism,['Central Energy Metabolism'],Central Energy Metabolism
G6PDH2r,0.0082708832958609,0.0092949817360983,1.1238197183546166,Unchanged,"D-Glucose 6-phosphate + Nicotinamide adenine dinucleotide phosphate <==> 6-phospho-D-glucono-1,5-lactone + proton + Nicotinamide adenine dinucleotide phosphate - reduced",['Pentose Phosphate Pathway'],Pentose Phosphate Pathway,['Redox & Pentose Metabolism'],Redox & Pentose Metabolism
GALU,0.0018258739209881,0.0020519531156438,1.1238197183589511,Unchanged,D-Glucose 1-phosphate + proton + UTP --> Diphosphate + UDPglucose,['Pentose And Glucuronate Interconversions'],Pentose And Glucuronate Interconversions,['Redox & Pentose Metabolism'],Redox & Pentose Metabolism
GAPD,9.960836025640017,9.938598097627953,0.99776746369935,Unchanged,Glyceraldehyde 3-phosphate + Nicotinamide adenine dinucleotide + hydrogenphosphate <==> 3-Phospho-D-glyceroyl phosphate + proton + Nicotinamide adenine dinucleotide - reduced,['Glycolysis/Gluconeogenesis'],Glycolysis/Gluconeogenesis,['Central Energy Metabolism'],Central Energy Metabolism
GARFT,0.0046524029534962,0.0052284621768547,1.1238197183512664,Unchanged,"10-Formyltetrahydrofolate + N1-(5-Phospho-D-ribosyl)glycinamide <==> N2-Formyl-N1-(5-phospho-D-ribosyl)glycinamide + proton + 5,6,7,8-Tetrahydrofolate","['Folate Metabolism', 'Purine Metabolism', 'Purine Synthesis']",Folate Metabolism; Purine Metabolism; Purine Synthesis,"['Folate Metabolism', 'Nitrogen disposal', 'Nucleotide metabolism']",Folate Metabolism; Nitrogen disposal; Nucleotide metabolism
GCC2am,0.0004146590051297,0.0004660019663599,1.123819718359042,Unchanged,Glycine + proton + lipoamide <==> S-aminomethyldihydrolipoamide + carbon dioxide,"['Alanine, Aspartate And Glutamate Metabolism', 'Glycine, Serine And Threonine Metabolism']","Alanine, Aspartate And Glutamate Metabolism; Glycine, Serine And Threonine Metabolism",['AA other'],AA other
GCC2bim,0.0004146590051297,0.0004660019663599,1.123819718359042,Unchanged,"S-aminomethyldihydrolipoamide + 5,6,7,8-Tetrahydrofolate --> dihydrolipoamide + 5,10-Methylenetetrahydrofolate + Ammonium","['Alanine, Aspartate And Glutamate Metabolism', 'Glycine, Serine And Threonine Metabolism']","Alanine, Aspartate And Glutamate Metabolism; Glycine, Serine And Threonine Metabolism",['AA other'],AA other
GCC2cm,0.0638597428009041,0.0593848663331025,0.9299264877756719,Unchanged,dihydrolipoamide + Nicotinamide adenine dinucleotide <==> proton + lipoamide + Nicotinamide adenine dinucleotide - reduced,['Glycolysis/Gluconeogenesis'],Glycolysis/Gluconeogenesis,['Central Energy Metabolism'],Central Energy Metabolism
GHMT2rm,0.0004146590051298,0.0004660019663599,1.1238197183587708,Unchanged,"L-serine + 5,6,7,8-Tetrahydrofolate <==> Glycine + Water + 5,10-Methylenetetrahydrofolate","['Alanine, Aspartate And Glutamate Metabolism', 'Biosynthesis Of Amino Acids', 'Cyanoamino Acid Metabolism', 'Folate Metabolism', 'Glycine, Serine And Threonine Metabolism', 'Glyoxylate And Dicarboxylate Metabolism', 'Methane Metabolism']","Alanine, Aspartate And Glutamate Metabolism; Biosynthesis Of Amino Acids; Cyanoamino Acid Metabolism; Folate Metabolism; Glycine, Serine And Threonine Metabolism; Glyoxylate And Dicarboxylate Metabolism; Methane Metabolism","['AA other', 'Cyanoamino Acid Metabolism', 'Folate Metabolism', 'Glyoxylate And Dicarboxylate Metabolism', 'Methane Metabolism']",AA other; Cyanoamino Acid Metabolism; Folate Metabolism; Glyoxylate And Dicarboxylate Metabolism; Methane Metabolism
GK1,0.0183751754585216,0.0206503845085917,1.1238197183589318,Unchanged,ATP + GMP <==> ADP + GDP,"['Nucleotide Interconversion', 'Nucleotide Metabolism', 'Purine Metabolism']",Nucleotide Interconversion; Nucleotide Metabolism; Purine Metabolism,"['Nucleotide metabolism', 'Nitrogen disposal']",Nucleotide metabolism; Nitrogen disposal
GLBRAN,0.0006086246403293,0.0006839843718812,1.1238197183589644,Unchanged,"glycogen, structure 1 (glycogenin-11[1,4-Glc]) --> glycogen, structure 2 (glycogenin-1,6-{7[1,4-Glc], 4[1,4-Glc]})",['Starch And Sucrose Metabolism'],Starch And Sucrose Metabolism,['Starch And Sucrose Metabolism'],Starch And Sucrose Metabolism
GLCt1,5.0,4.991305672131468,0.9982611344262937,Unchanged,D-glucose <==> D-glucose,['Extracellular Transport'],Extracellular Transport,['Extracellular Transport'],Extracellular Transport
GLGNS1,0.0006086246403293,0.0006839843718812,1.1238197183589644,Unchanged,"primed glycogenin (glycogenin-8[1,4-Glc]) + 3.0 UDPglucose --> glycogen, structure 1 (glycogenin-11[1,4-Glc]) + 3.0 proton + 3.0 UDP",['Starch And Sucrose Metabolism'],Starch And Sucrose Metabolism,['Starch And Sucrose Metabolism'],Starch And Sucrose Metabolism
GLNtN1,0.4991829570199727,0.4962826460851239,0.994189883901159,Unchanged,L-Glutamine + proton + 2.0 Sodium <==> L-glutamine + proton + 2.0 Sodium,['Extracellular Transport'],Extracellular Transport,['Extracellular Transport'],Extracellular Transport
GLNtm,0.462845298438953,0.4591630227677269,0.9920442625567433,Unchanged,L-glutamine --> L-glutamine,"['Transport, Mitochondrial']","Transport, Mitochondrial",['Mitochondrial transport'],Mitochondrial transport
GLUDxm,0.587715744948997,0.6308699653037875,1.0734270278202866,Unchanged,L-glutamate(1-) + Water + Nicotinamide adenine dinucleotide <==> 2-Oxoglutarate + proton + Nicotinamide adenine dinucleotide - reduced + Ammonium,"['Alanine, Aspartate And Glutamate Metabolism', 'Arginine Biosynthesis', 'Nitrogen Metabolism', 'Taurine And Hypotaurine Metabolism']","Alanine, Aspartate And Glutamate Metabolism; Arginine Biosynthesis; Nitrogen Metabolism; Taurine And Hypotaurine Metabolism","['AA other', 'Nitrogen disposal', 'Taurine And Hypotaurine Metabolism']",AA other; Nitrogen disposal; Taurine And Hypotaurine Metabolism
GLUNm,0.462845298438953,0.4591630227677269,0.9920442625567433,Unchanged,L-glutamine + Water --> L-glutamate(1-) + Ammonium,"['Alanine, Aspartate And Glutamate Metabolism', 'Arginine Biosynthesis']","Alanine, Aspartate And Glutamate Metabolism; Arginine Biosynthesis",['AA other'],AA other
GLUPRT,0.0046524029534962,0.0052284621768547,1.1238197183512664,Unchanged,L-glutamine + Water + 5-Phospho-alpha-D-ribose 1-diphosphate --> L-glutamate(1-) + Diphosphate + 5-Phospho-beta-D-ribosylamine,"['Alanine, Aspartate And Glutamate Metabolism', 'Purine Metabolism', 'Purine Synthesis']","Alanine, Aspartate And Glutamate Metabolism; Purine Metabolism; Purine Synthesis","['AA other', 'Nitrogen disposal', 'Nucleotide metabolism']",AA other; Nitrogen disposal; Nucleotide metabolism
GLUt2m,10.018692269641637,10.260988801769283,1.0241844469923331,Unchanged,L-glutamate(1-) + proton <==> L-glutamate(1-) + proton,"['Transport, Mitochondrial']","Transport, Mitochondrial",['Mitochondrial transport'],Mitochondrial transport
GLUt4,0.05,0.0741889499434889,1.483778998869778,Increased,L-glutamate(1-) + Sodium --> L-glutamate(1-) + Sodium,['Extracellular Transport'],Extracellular Transport,['Extracellular Transport'],Extracellular Transport
GLYt4,0.0167872684172182,0.0,2000.0,Off,Glycine + Sodium --> Glycine + Sodium,['Extracellular Transport'],Extracellular Transport,['Extracellular Transport'],Extracellular Transport
GMPR,1.0459036171371323,1.084798880614043,1.0371881909954337,Unchanged,GMP + 2.0 proton + Nicotinamide adenine dinucleotide phosphate - reduced --> IMP + Nicotinamide adenine dinucleotide phosphate + Ammonium,"['Nucleotide Interconversion', 'Nucleotide Metabolism', 'Purine Metabolism']",Nucleotide Interconversion; Nucleotide Metabolism; Purine Metabolism,"['Nucleotide metabolism', 'Nitrogen disposal']",Nucleotide metabolism; Nitrogen disposal
GND,0.0082708832958608,0.0092949817360983,1.1238197183546301,Unchanged,6-Phospho-D-gluconate + Nicotinamide adenine dinucleotide phosphate --> carbon dioxide + Nicotinamide adenine dinucleotide phosphate - reduced + D-ribulose 5-phosphate(2-),"['Glutathione Metabolism', 'Pentose Phosphate Pathway']",Glutathione Metabolism; Pentose Phosphate Pathway,['Redox & Pentose Metabolism'],Redox & Pentose Metabolism
GPAM_hs,0.011981844443429,0.0134654330478349,1.123819718358931,Unchanged,R total Coenzyme A + Glycerol 3-phosphate --> lysophosphatidic acid + Coenzyme A,['Triacylglycerol Synthesis'],Triacylglycerol Synthesis,['Lipid metabolism'],Lipid metabolism
GPDDA1,0.006244456584851,0.0070176434404918,1.1238197183589274,Unchanged,sn-Glycero-3-phosphocholine + Water --> Choline + Glycerol 3-phosphate + proton,['Glycerophospholipid Metabolism'],Glycerophospholipid Metabolism,['Lipid metabolism'],Lipid metabolism
GUAPRT,0.017269884109248,0.0194082362957464,1.1238197183589271,Unchanged,Guanine + 5-Phospho-alpha-D-ribose 1-diphosphate --> GMP + Diphosphate,"['Nucleotide Metabolism', 'Nucleotide Salvage Pathway', 'Purine Metabolism']",Nucleotide Metabolism; Nucleotide Salvage Pathway; Purine Metabolism,"['Nucleotide metabolism', 'Nucleotide Salvage Pathway', 'Nitrogen disposal']",Nucleotide metabolism; Nucleotide Salvage Pathway; Nitrogen disposal
H2O2t,-0.065238982626996,-0.0668506123519246,1.0247034772774295,Unchanged,Hydrogen peroxide <==> Hydrogen peroxide,['Extracellular Transport'],Extracellular Transport,['Extracellular Transport'],Extracellular Transport
HACD1m,-0.0063728468602393,-0.029665058879608,4.6549147547684955,Increased,Acetoacetyl-CoA + proton + Nicotinamide adenine dinucleotide - reduced <==> (S)-3-hydroxybutanoyl-CoA(4-) + Nicotinamide adenine dinucleotide,"['Butanoate Metabolism', 'Fatty Acid Degradation', 'Fatty Acid Metabolism', 'Lysine Degradation', 'Tryptophan Metabolism']",Butanoate Metabolism; Fatty Acid Degradation; Fatty Acid Metabolism; Lysine Degradation; Tryptophan Metabolism,"['AA other', 'Lipid metabolism', 'AAA metabolism (Trp/Phe/Tyr)']",AA other; Lipid metabolism; AAA metabolism (Trp/Phe/Tyr)
HACD9m,0.0375168209719689,0.0359711572605039,0.9588007813183356,Unchanged,"(2S,3S)-3-hydroxy-2-methylbutanoyl-CoA(4-) + Nicotinamide adenine dinucleotide <==> 2-methylacetoacetyl-CoA(4-) + proton + Nicotinamide adenine dinucleotide - reduced","['Valine, Leucine And Isoleucine Biosynthesis', 'Valine, Leucine And Isoleucine Degradation']","Valine, Leucine And Isoleucine Biosynthesis; Valine, Leucine And Isoleucine Degradation",['BCAA metabolism (Val/Leu/Iso)'],BCAA metabolism (Val/Leu/Iso)
HEX1,4.999999999999999,4.991305672131468,0.9982611344262938,Unchanged,ATP + D-glucose --> ADP + D-Glucose 6-phosphate + proton,"['Glycolysis/Gluconeogenesis', 'Starch And Sucrose Metabolism']",Glycolysis/Gluconeogenesis; Starch And Sucrose Metabolism,"['Central Energy Metabolism', 'Starch And Sucrose Metabolism']",Central Energy Metabolism; Starch And Sucrose Metabolism
HIBDm,0.0259282628238054,0.0229477071062386,0.8850460696954107,Unchanged,3-hydroxy-2-methylpropanoate + Nicotinamide adenine dinucleotide <==> 2-methyl-3-oxopropanoate + proton + Nicotinamide adenine dinucleotide - reduced,"['Valine, Leucine And Isoleucine Biosynthesis']","Valine, Leucine And Isoleucine Biosynthesis",['BCAA metabolism (Val/Leu/Iso)'],BCAA metabolism (Val/Leu/Iso)
HIStN1,0.0084513191997523,0.0094977591628271,1.1238197183589362,Unchanged,proton + L-Histidine + 2.0 Sodium <==> proton + L-histidine + 2.0 Sodium,['Extracellular Transport'],Extracellular Transport,['Extracellular Transport'],Extracellular Transport
HMGCOASim,0.0063728468602393,0.0296650588796081,4.6549147547685115,Increased,Acetoacetyl-CoA + Acetyl-CoA + Water --> Coenzyme A + proton + Hydroxymethylglutaryl-CoA,"['Butanoate Metabolism', 'Synthesis And Degradation Of Ketone Bodies', 'Terpenoid Backbone Biosynthesis', 'Valine, Leucine And Isoleucine Degradation']","Butanoate Metabolism; Synthesis And Degradation Of Ketone Bodies; Terpenoid Backbone Biosynthesis; Valine, Leucine And Isoleucine Degradation","['AA other', 'Lipid metabolism', 'Terpenoid Backbone Biosynthesis', 'BCAA metabolism (Val/Leu/Iso)']",AA other; Lipid metabolism; Terpenoid Backbone Biosynthesis; BCAA metabolism (Val/Leu/Iso)
HMGLm,0.0063728468602393,0.029665058879608,4.6549147547684955,Increased,Hydroxymethylglutaryl-CoA --> acetoacetate + Acetyl-CoA,"['Butanoate Metabolism', 'Cholesterol Metabolism', 'Valine, Leucine And Isoleucine Degradation']","Butanoate Metabolism; Cholesterol Metabolism; Valine, Leucine And Isoleucine Degradation","['AA other', 'Lipid metabolism', 'BCAA metabolism (Val/Leu/Iso)']",AA other; Lipid metabolism; BCAA metabolism (Val/Leu/Iso)
HUMANGEM_MAR00120,0.000348313564309,0.0003914416517423,1.1238197183588283,Unchanged,CDP-diacylglycerol(2-) <==> CDP-diacylglycerol(2-),"['Transport, Mitochondrial']","Transport, Mitochondrial",['Mitochondrial transport'],Mitochondrial transport
HUMANGEM_MAR00587,-0.0001563856819346,-0.0001757493130271,1.1238197183588572,Unchanged,cardiolipin <==> cardiolipin,"['Transport, Mitochondrial']","Transport, Mitochondrial",['Mitochondrial transport'],Mitochondrial transport
HUMANGEM_MAR05036,0.0003483135643091,0.0003914416517423,1.1238197183585057,Unchanged,Guanosine --> Guanosine,"['Transport, Mitochondrial']","Transport, Mitochondrial",['Mitochondrial transport'],Mitochondrial transport
HUMANGEM_MAR05116,9.940481353881069,10.148611976992438,1.020937680551064,Unchanged,proton + L-phenylalanine --> proton + L-phenylalanine,"['Transport, Mitochondrial']","Transport, Mitochondrial",['Mitochondrial transport'],Mitochondrial transport
HUMANGEM_MAR06107,-0.0061799830332533,-0.0258110500565122,4.176556783024792,Increased,mono(glucosyluronic acid)bilirubin(2-) + Reduced glutathione + Bicarbonate <==> mono(glucosyluronic acid)bilirubin(2-) + Reduced glutathione + Bicarbonate,"['Transport, Endoplasmic Reticulum']","Transport, Endoplasmic Reticulum","['Transport, Endoplasmic Reticulum']","Transport, Endoplasmic Reticulum"
HUMANGEM_MAR08093,0.0375168209719689,0.0359711572605039,0.9588007813183356,Unchanged,3-methyl-2-oxopentanoate + proton --> 3-methyl-2-oxopentanoate + proton,"['Transport, Mitochondrial']","Transport, Mitochondrial",['Mitochondrial transport'],Mitochondrial transport
HUMANGEM_MAR08651,-0.0036184803423646,-0.0040665195592437,1.1238197183589826,Unchanged,Carbamoyl phosphate + hydrogenphosphate + Diphosphate <==> Carbamoyl phosphate + hydrogenphosphate + Diphosphate,"['Transport, Mitochondrial']","Transport, Mitochondrial",['Mitochondrial transport'],Mitochondrial transport
HUMANGEM_MAR08891,0.0001919278823743,0.0002156923387151,1.1238197183588692,Unchanged,Glycerol 3-phosphate --> Glycerol 3-phosphate,"['Transport, Mitochondrial']","Transport, Mitochondrial",['Mitochondrial transport'],Mitochondrial transport
HUMANGEM_MAR11363,0.0001919278823743,0.0002156923387151,1.1238197183588692,Unchanged,phosphatidyl glycerol phosphate <==> phosphatidyl glycerol phosphate,"['Transport, Mitochondrial']","Transport, Mitochondrial",['Mitochondrial transport'],Mitochondrial transport
HUMANGEM_MAR11371,-0.0001563856819346,-0.0001757493130271,1.1238197183588572,Unchanged,phosphatidylglycerol(1-) <==> phosphatidylglycerol(1-),"['Transport, Mitochondrial']","Transport, Mitochondrial",['Mitochondrial transport'],Mitochondrial transport
HUMANGEM_MAR11443,-9.940481353881069,-10.148611976992436,1.0209376805510637,Unchanged,proton + keto-phenylpyruvate <==> proton + keto-phenylpyruvate,"['Transport, Mitochondrial']","Transport, Mitochondrial",['Mitochondrial transport'],Mitochondrial transport
HUMANGEM_MAR20139,1.0470089084864065,1.0860410288268882,1.0372796449238508,Unchanged,CTP + GMP <==> CTP + GMP,"['Transport, Mitochondrial']","Transport, Mitochondrial",['Mitochondrial transport'],Mitochondrial transport
HUMANGEM_MAR20145,-1.0473572220507152,-1.0864324704786306,1.0373084250580775,Unchanged,CTP + IMP <==> CTP + IMP,"['Transport, Mitochondrial']","Transport, Mitochondrial",['Mitochondrial transport'],Mitochondrial transport
HUMANGEM_MAR20147,-0.0018258739209881,-0.0020519531156438,1.1238197183589511,Unchanged,CTP + UDP <==> CTP + UDP,"['Transport, Mitochondrial']","Transport, Mitochondrial",['Mitochondrial transport'],Mitochondrial transport
HUMANGEM_MAR20148,0.0018258739209881,0.0020519531156438,1.1238197183589511,Unchanged,CTP + UMP <==> CTP + UMP,"['Transport, Mitochondrial']","Transport, Mitochondrial",['Mitochondrial transport'],Mitochondrial transport
ICDHxm,0.5501629958172702,0.5599733315170398,1.0178316894708561,Unchanged,Isocitrate + Nicotinamide adenine dinucleotide --> 2-Oxoglutarate + carbon dioxide + Nicotinamide adenine dinucleotide - reduced,"['2-oxocarboxylic Acid Metabolism', 'Biosynthesis Of Amino Acids', 'Citric Acid Cycle']",2-oxocarboxylic Acid Metabolism; Biosynthesis Of Amino Acids; Citric Acid Cycle,"['2-oxocarboxylic Acid Metabolism', 'AA other', 'Central Energy Metabolism']",2-oxocarboxylic Acid Metabolism; AA other; Central Energy Metabolism
ILETA,0.0375168209719689,0.0359711572605039,0.9588007813183356,Unchanged,2-Oxoglutarate + L-isoleucine <==> 3-methyl-2-oxopentanoate + L-glutamate(1-),"['2-oxocarboxylic Acid Metabolism', 'Biosynthesis Of Amino Acids', 'Valine, Leucine And Isoleucine Biosynthesis', 'Valine, Leucine And Isoleucine Degradation']","2-oxocarboxylic Acid Metabolism; Biosynthesis Of Amino Acids; Valine, Leucine And Isoleucine Biosynthesis; Valine, Leucine And Isoleucine Degradation","['2-oxocarboxylic Acid Metabolism', 'AA other', 'BCAA metabolism (Val/Leu/Iso)']",2-oxocarboxylic Acid Metabolism; AA other; BCAA metabolism (Val/Leu/Iso)
ILEtec,0.05,0.05000000000001,1.0000000000002,Unchanged,L-Isoleucine <==> L-isoleucine,['Extracellular Transport'],Extracellular Transport,['Extracellular Transport'],Extracellular Transport
IMPC,-0.0046524029534963,-0.0052284621768546,1.1238197183512209,Unchanged,Water + IMP <==> 5-Formamido-1-(5-phospho-D-ribosyl)imidazole-4-carboxamide,"['Purine Metabolism', 'Purine Synthesis']",Purine Metabolism; Purine Synthesis,"['Nitrogen disposal', 'Nucleotide metabolism']",Nitrogen disposal; Nucleotide metabolism
INSTt2,0.0004312453653349,0.0004846420450143,1.12381971835902,Unchanged,proton + Myo-Inositol <==> proton + myo-inositol,['Extracellular Transport'],Extracellular Transport,['Extracellular Transport'],Extracellular Transport
KYN3OX,0.0093048059069925,0.0104569243537093,1.123819718351244,Unchanged,L-kynurenine + proton + Nicotinamide adenine dinucleotide phosphate - reduced + O2 --> Water + 3-hydroxy-L-kynurenine + Nicotinamide adenine dinucleotide phosphate,['Tryptophan Metabolism'],Tryptophan Metabolism,['AAA metabolism (Trp/Phe/Tyr)'],AAA metabolism (Trp/Phe/Tyr)
MALCOAtm,-0.0892198560433508,-0.1002670334906631,1.1238197183589338,Unchanged,Malonyl-CoA <==> Malonyl-CoA,"['Transport, Mitochondrial']","Transport, Mitochondrial",['Mitochondrial transport'],Mitochondrial transport
MALSO4tm,-12.529834761897176,-12.854580256203343,1.0259177794821133,Unchanged,(S)-malate(2-) + sulfate <==> (S)-malate(2-) + sulfate,"['Transport, Mitochondrial']","Transport, Mitochondrial",['Mitochondrial transport'],Mitochondrial transport
MALtm,-9.983403304877054,-10.18446654003616,1.0201397488430506,Unchanged,(S)-malate(2-) + hydrogenphosphate <==> (S)-malate(2-) + hydrogenphosphate,"['Transport, Mitochondrial']","Transport, Mitochondrial",['Mitochondrial transport'],Mitochondrial transport
MDH,0.0330944090960977,0.0371921495095595,1.1238197183567475,Unchanged,(S)-malate(2-) + Nicotinamide adenine dinucleotide <==> proton + Nicotinamide adenine dinucleotide - reduced + Oxaloacetate,"['Citric Acid Cycle', 'Glyoxylate And Dicarboxylate Metabolism', 'Methane Metabolism', 'Pyruvate Metabolism']",Citric Acid Cycle; Glyoxylate And Dicarboxylate Metabolism; Methane Metabolism; Pyruvate Metabolism,"['Central Energy Metabolism', 'Glyoxylate And Dicarboxylate Metabolism', 'Methane Metabolism']",Central Energy Metabolism; Glyoxylate And Dicarboxylate Metabolism; Methane Metabolism
ME2m,1.1456561798456832,1.1545774803846305,1.0077870662209922,Unchanged,(S)-malate(2-) + Nicotinamide adenine dinucleotide phosphate --> carbon dioxide + Nicotinamide adenine dinucleotide phosphate - reduced + pyruvate,['Pyruvate Metabolism'],Pyruvate Metabolism,['Central Energy Metabolism'],Central Energy Metabolism
METtec,0.0074469913945277,0.0083690757716195,1.1238197183589307,Unchanged,L-Methionine <==> L-methionine,['Extracellular Transport'],Extracellular Transport,['Extracellular Transport'],Extracellular Transport
MMEm,-0.0634450837957741,-0.0589188643667426,0.9286592568212042,Unchanged,(R)-methylmalonyl-CoA(5-) <==> (S)-methylmalonyl-CoA(5-),"['Glyoxylate And Dicarboxylate Metabolism', 'Propanoate Metabolism', 'Valine, Leucine And Isoleucine Biosynthesis', 'Valine, Leucine And Isoleucine Degradation']","Glyoxylate And Dicarboxylate Metabolism; Propanoate Metabolism; Valine, Leucine And Isoleucine Biosynthesis; Valine, Leucine And Isoleucine Degradation","['Glyoxylate And Dicarboxylate Metabolism', 'Propanoate Metabolism', 'BCAA metabolism (Val/Leu/Iso)']",Glyoxylate And Dicarboxylate Metabolism; Propanoate Metabolism; BCAA metabolism (Val/Leu/Iso)
MMMm,0.0634450837957741,0.0589188643667426,0.9286592568212042,Unchanged,(R)-methylmalonyl-CoA(5-) <==> Succinyl-CoA,"['Glyoxylate And Dicarboxylate Metabolism', 'Propanoate Metabolism', 'Valine, Leucine And Isoleucine Biosynthesis', 'Valine, Leucine And Isoleucine Degradation']","Glyoxylate And Dicarboxylate Metabolism; Propanoate Metabolism; Valine, Leucine And Isoleucine Biosynthesis; Valine, Leucine And Isoleucine Degradation","['Glyoxylate And Dicarboxylate Metabolism', 'Propanoate Metabolism', 'BCAA metabolism (Val/Leu/Iso)']",Glyoxylate And Dicarboxylate Metabolism; Propanoate Metabolism; BCAA metabolism (Val/Leu/Iso)
MMSAD1m,0.0259282628238054,0.0229477071062386,0.8850460696954107,Unchanged,2-methyl-3-oxopropanoate + Coenzyme A + Nicotinamide adenine dinucleotide --> carbon dioxide + Nicotinamide adenine dinucleotide - reduced + Propanoyl-CoA,"['Valine, Leucine And Isoleucine Biosynthesis', 'Valine, Leucine And Isoleucine Degradation']","Valine, Leucine And Isoleucine Biosynthesis; Valine, Leucine And Isoleucine Degradation",['BCAA metabolism (Val/Leu/Iso)'],BCAA metabolism (Val/Leu/Iso)
NADH2_u10m,5.279562463752849,5.4094644969818,1.0246046967188667,Unchanged,5.0 proton + Nicotinamide adenine dinucleotide - reduced + ubiquinone-10 --> 4.0 proton + Nicotinamide adenine dinucleotide + Ubiquinol-10,['Oxidative Phosphorylation'],Oxidative Phosphorylation,['Oxidative Phosphorylation'],Oxidative Phosphorylation
NDPK1,0.0040545831421006,0.0045566204847825,1.123819718350085,Unchanged,ATP + GDP <==> ADP + GTP,"['Nucleotide Interconversion', 'Nucleotide Metabolism', 'Purine Metabolism']",Nucleotide Interconversion; Nucleotide Metabolism; Purine Metabolism,"['Nucleotide metabolism', 'Nitrogen disposal']",Nucleotide metabolism; Nitrogen disposal
NDPK10,0.0008293180104869,0.0009320039327199,1.1238197180508742,Unchanged,ATP + dIDP <==> ADP + dITP(4-),"['Nucleotide Interconversion', 'Nucleotide Metabolism', 'Purine Metabolism']",Nucleotide Interconversion; Nucleotide Metabolism; Purine Metabolism,"['Nucleotide metabolism', 'Nitrogen disposal']",Nucleotide metabolism; Nitrogen disposal
NDPK10n,-0.0008293180104869,-0.0009320039327199,1.1238197180508742,Unchanged,ATP + dIDP <==> ADP + dITP(4-),"['Nucleotide Interconversion', 'Nucleotide Metabolism', 'Purine Metabolism']",Nucleotide Interconversion; Nucleotide Metabolism; Purine Metabolism,"['Nucleotide metabolism', 'Nitrogen disposal']",Nucleotide metabolism; Nitrogen disposal
NDPK3m,-0.001477560356679,-0.0016605114639014,1.1238197183589882,Unchanged,ATP + CDP <==> ADP + CTP,"['Nucleotide Interconversion', 'Nucleotide Metabolism', 'Pyrimidine Metabolism']",Nucleotide Interconversion; Nucleotide Metabolism; Pyrimidine Metabolism,['Nucleotide metabolism'],Nucleotide metabolism
NDPK4n,0.0008293180102596,0.0009320039327199,1.1238197183588914,Unchanged,ATP + dTDP <==> ADP + dTTP,"['Nucleotide Interconversion', 'Nucleotide Metabolism', 'Pyrimidine Metabolism']",Nucleotide Interconversion; Nucleotide Metabolism; Pyrimidine Metabolism,['Nucleotide metabolism'],Nucleotide metabolism
NDPK5,0.0005978198113957,0.0006718416920721,1.123819718358923,Unchanged,ATP + dGDP <==> ADP + dGTP,"['Nucleotide Interconversion', 'Nucleotide Metabolism', 'Purine Metabolism']",Nucleotide Interconversion; Nucleotide Metabolism; Purine Metabolism,"['Nucleotide metabolism', 'Nitrogen disposal']",Nucleotide metabolism; Nitrogen disposal
NDPK6m,0.0008293180102596,0.0009320039327199,1.1238197183588914,Unchanged,ATP + dUDP <==> ADP + dUTP,"['Nucleotide Interconversion', 'Nucleotide Metabolism', 'Pyrimidine Metabolism']",Nucleotide Interconversion; Nucleotide Metabolism; Pyrimidine Metabolism,['Nucleotide metabolism'],Nucleotide metabolism
NDPK8,0.0016586360205192,0.0018640078654398,1.1238197183588914,Unchanged,ATP + dADP <==> ADP + dATP,"['Nucleotide Interconversion', 'Nucleotide Metabolism', 'Purine Metabolism']",Nucleotide Interconversion; Nucleotide Metabolism; Purine Metabolism,"['Nucleotide metabolism', 'Nitrogen disposal']",Nucleotide metabolism; Nitrogen disposal
NDPK8m,0.0008293180102596,0.0009320039327199,1.1238197183588914,Unchanged,ATP + dADP --> ADP + dATP,"['Nucleotide Interconversion', 'Nucleotide Metabolism', 'Purine Metabolism']",Nucleotide Interconversion; Nucleotide Metabolism; Purine Metabolism,"['Nucleotide metabolism', 'Nitrogen disposal']",Nucleotide metabolism; Nitrogen disposal
NH4t,-1.0465014369485282,-1.0854707223061149,1.037237679741001,Unchanged,Ammonium <==> Ammonium,['Extracellular Transport'],Extracellular Transport,['Extracellular Transport'],Extracellular Transport
NTD2,0.0054443542633528,0.0061184726748876,1.1238197183589698,Unchanged,Water + UMP --> hydrogenphosphate + Uridine,"['Nucleotide Metabolism', 'Pyrimidine Catabolism', 'Pyrimidine Metabolism']",Nucleotide Metabolism; Pyrimidine Catabolism; Pyrimidine Metabolism,['Nucleotide metabolism'],Nucleotide metabolism
NTD7,0.0008293180106006,0.0009320039329473,1.123819718170999,Unchanged,AMP + Water --> Adenosine + hydrogenphosphate,"['Nucleotide Interconversion', 'Nucleotide Metabolism', 'Purine Metabolism']",Nucleotide Interconversion; Nucleotide Metabolism; Purine Metabolism,"['Nucleotide metabolism', 'Nitrogen disposal']",Nucleotide metabolism; Nitrogen disposal
NTD8,0.0169215705449389,0.0190167946440041,1.123819718358936,Unchanged,dGMP + Water --> Deoxyguanosine + hydrogenphosphate,"['Nucleotide Interconversion', 'Nucleotide Metabolism', 'Purine Metabolism']",Nucleotide Interconversion; Nucleotide Metabolism; Purine Metabolism,"['Nucleotide metabolism', 'Nitrogen disposal']",Nucleotide metabolism; Nitrogen disposal
NTD9m,0.0003483135643091,0.0003914416517423,1.1238197183585057,Unchanged,GMP + Water --> Guanosine + hydrogenphosphate,['Nucleotide Interconversion'],Nucleotide Interconversion,['Nucleotide metabolism'],Nucleotide metabolism
O2Stm,-0.065238982626996,-0.0668506123519246,1.0247034772774295,Unchanged,superoxide <==> superoxide,"['Transport, Mitochondrial']","Transport, Mitochondrial",['Mitochondrial transport'],Mitochondrial transport
O2t,3.281065811890058,3.364014320136685,1.0252809644799061,Unchanged,O2 <==> O2,['Extracellular Transport'],Extracellular Transport,['Extracellular Transport'],Extracellular Transport
O2tm,3.2619491313498004,3.3425306175962306,1.0247034772774293,Unchanged,O2 <==> O2,"['Transport, Mitochondrial']","Transport, Mitochondrial",['Mitochondrial transport'],Mitochondrial transport
OMPDC,0.0036184803423646,0.0040665195592437,1.1238197183589826,Unchanged,proton + Orotidine 5-phosphate --> carbon dioxide + UMP,"['Pyrimidine Metabolism', 'Pyrimidine Synthesis']",Pyrimidine Metabolism; Pyrimidine Synthesis,['Nucleotide metabolism'],Nucleotide metabolism
ORPT,0.0036184803423646,0.0040665195592437,1.1238197183589826,Unchanged,Orotate + 5-Phospho-alpha-D-ribose 1-diphosphate --> Orotidine 5-phosphate + Diphosphate,"['Pyrimidine Metabolism', 'Pyrimidine Synthesis']",Pyrimidine Metabolism; Pyrimidine Synthesis,['Nucleotide metabolism'],Nucleotide metabolism
P5CDm,0.033913837028996,0.0,2000.0,Off,1-Pyrroline-5-carboxylate + 2.0 Water + Nicotinamide adenine dinucleotide --> L-glutamate(1-) + proton + Nicotinamide adenine dinucleotide - reduced,"['Alanine, Aspartate And Glutamate Metabolism']","Alanine, Aspartate And Glutamate Metabolism",['AA other'],AA other
PCm,0.5501629958172704,0.5599733315170398,1.017831689470856,Unchanged,ATP + Bicarbonate + pyruvate --> ADP + proton + Oxaloacetate + hydrogenphosphate,"['Biosynthesis Of Amino Acids', 'Citric Acid Cycle', 'Pyruvate Metabolism']",Biosynthesis Of Amino Acids; Citric Acid Cycle; Pyruvate Metabolism,"['AA other', 'Central Energy Metabolism']",AA other; Central Energy Metabolism
PCt,0.006244456584851,0.0070176434404918,1.1238197183589274,Unchanged,ATP + Water + Phosphatidylcholine --> ADP + proton + Phosphatidylcholine + hydrogenphosphate,['Extracellular Transport'],Extracellular Transport,['Extracellular Transport'],Extracellular Transport
PDHm,0.6018660308886523,0.6242692077471989,1.0372228630771343,Unchanged,Coenzyme A + Nicotinamide adenine dinucleotide + pyruvate --> Acetyl-CoA + carbon dioxide + Nicotinamide adenine dinucleotide - reduced,"['2-oxocarboxylic Acid Metabolism', 'Glycolysis/Gluconeogenesis']",2-oxocarboxylic Acid Metabolism; Glycolysis/Gluconeogenesis,"['2-oxocarboxylic Acid Metabolism', 'Central Energy Metabolism']",2-oxocarboxylic Acid Metabolism; Central Energy Metabolism
PE_HSter,-0.0011847400146565,-0.0013314341895999,1.1238197183589955,Unchanged,Phosphatidylethanolamine (gallus gallus) <==> phosphatidylethanolamine,"['Transport, Endoplasmic Reticulum']","Transport, Endoplasmic Reticulum","['Transport, Endoplasmic Reticulum']","Transport, Endoplasmic Reticulum"
PFK,4.983382670690483,4.972630789787005,0.9978424532864565,Unchanged,"ATP + D-Fructose 6-phosphate --> ADP + D-Fructose 1,6-bisphosphate + proton",['Glycolysis/Gluconeogenesis'],Glycolysis/Gluconeogenesis,['Central Energy Metabolism'],Central Energy Metabolism
PGCD,0.0004146590051297,0.0004660019663599,1.123819718359042,Unchanged,3-Phospho-D-glycerate + Nicotinamide adenine dinucleotide --> 3-phosphonatooxypyruvate(3-) + proton + Nicotinamide adenine dinucleotide - reduced,"['Alanine, Aspartate And Glutamate Metabolism', 'Biosynthesis Of Amino Acids', 'Cysteine And Methionine Metabolism', 'Glycine, Serine And Threonine Metabolism', 'Methane Metabolism']","Alanine, Aspartate And Glutamate Metabolism; Biosynthesis Of Amino Acids; Cysteine And Methionine Metabolism; Glycine, Serine And Threonine Metabolism; Methane Metabolism","['AA other', 'Methane Metabolism']",AA other; Methane Metabolism
PGI,4.983382670690483,4.972630789787006,0.9978424532864566,Unchanged,D-Glucose 6-phosphate <==> D-Fructose 6-phosphate,['Glycolysis/Gluconeogenesis'],Glycolysis/Gluconeogenesis,['Central Energy Metabolism'],Central Energy Metabolism
PGK,-9.960836025640017,-9.938598097627953,0.99776746369935,Unchanged,3-Phospho-D-glycerate + ATP <==> 3-Phospho-D-glyceroyl phosphate + ADP,"['Biosynthesis Of Amino Acids', 'Glycolysis/Gluconeogenesis']",Biosynthesis Of Amino Acids; Glycolysis/Gluconeogenesis,"['AA other', 'Central Energy Metabolism']",AA other; Central Energy Metabolism
PGL,0.0082708832958609,0.0092949817360983,1.1238197183546166,Unchanged,"6-phospho-D-glucono-1,5-lactone + Water --> 6-Phospho-D-gluconate + proton",['Pentose Phosphate Pathway'],Pentose Phosphate Pathway,['Redox & Pentose Metabolism'],Redox & Pentose Metabolism
PGM,-9.960421366634884,-9.938132095661592,0.9977622160596582,Unchanged,D-Glycerate 2-phosphate <==> 3-Phospho-D-glycerate,"['Biosynthesis Of Amino Acids', 'Glycine, Serine And Threonine Metabolism', 'Glycolysis/Gluconeogenesis', 'Methane Metabolism']","Biosynthesis Of Amino Acids; Glycine, Serine And Threonine Metabolism; Glycolysis/Gluconeogenesis; Methane Metabolism","['AA other', 'Central Energy Metabolism', 'Methane Metabolism']",AA other; Central Energy Metabolism; Methane Metabolism
PGMT,-0.0018258739209881,-0.0020519531156438,1.1238197183589511,Unchanged,D-Glucose 1-phosphate <==> D-Glucose 6-phosphate,['Glycolysis/Gluconeogenesis'],Glycolysis/Gluconeogenesis,['Central Energy Metabolism'],Central Energy Metabolism
PGPPTm,0.0001919278823743,0.0002156923387151,1.1238197183588692,Unchanged,CDP-diacylglycerol(2-) + Glycerol 3-phosphate --> CMP + proton + phosphatidyl glycerol phosphate,['Glycerophospholipid Metabolism'],Glycerophospholipid Metabolism,['Lipid metabolism'],Lipid metabolism
PGPP_hs,0.0001919278823743,0.0002156923387151,1.1238197183588692,Unchanged,Water + phosphatidyl glycerol phosphate --> phosphatidylglycerol(1-) + hydrogenphosphate,['Glycerophospholipid Metabolism'],Glycerophospholipid Metabolism,['Lipid metabolism'],Lipid metabolism
PHETA1,9.940481353881063,10.148611976992438,1.0209376805510644,Unchanged,2-Oxoglutarate + L-phenylalanine <==> L-glutamate(1-) + keto-phenylpyruvate,"['2-oxocarboxylic Acid Metabolism', 'Biosynthesis Of Amino Acids', 'Phenylalanine Metabolism', 'Phenylalanine, Tyrosine And Tryptophan Biosynthesis']","2-oxocarboxylic Acid Metabolism; Biosynthesis Of Amino Acids; Phenylalanine Metabolism; Phenylalanine, Tyrosine And Tryptophan Biosynthesis","['2-oxocarboxylic Acid Metabolism', 'AA other', 'AAA metabolism (Trp/Phe/Tyr)']",2-oxocarboxylic Acid Metabolism; AA other; AAA metabolism (Trp/Phe/Tyr)
PHETA1m,-9.940481353881069,-10.148611976992438,1.020937680551064,Unchanged,2-Oxoglutarate + L-phenylalanine <==> L-glutamate(1-) + keto-phenylpyruvate,"['2-oxocarboxylic Acid Metabolism', 'Biosynthesis Of Amino Acids', 'Phenylalanine Metabolism', 'Phenylalanine, Tyrosine And Tryptophan Biosynthesis']","2-oxocarboxylic Acid Metabolism; Biosynthesis Of Amino Acids; Phenylalanine Metabolism; Phenylalanine, Tyrosine And Tryptophan Biosynthesis","['2-oxocarboxylic Acid Metabolism', 'AA other', 'AAA metabolism (Trp/Phe/Tyr)']",2-oxocarboxylic Acid Metabolism; AA other; AAA metabolism (Trp/Phe/Tyr)
PHEtec,0.0271551415383386,0.0305174835156144,1.1238197183589975,Unchanged,L-phenylalanine <==> L-phenylalanine,['Extracellular Transport'],Extracellular Transport,['Extracellular Transport'],Extracellular Transport
PIt9,0.0373208980139716,0.0419419610949673,1.1238197183590206,Unchanged,2.0 Sodium + hydrogenphosphate <==> 2.0 Sodium + hydrogenphosphate,['Extracellular Transport'],Extracellular Transport,['Extracellular Transport'],Extracellular Transport
PIter,-0.0036184803423646,-0.0040665195593204,1.1238197183801795,Unchanged,hydrogenphosphate <==> hydrogenphosphate,"['Transport, Endoplasmic Reticulum']","Transport, Endoplasmic Reticulum","['Transport, Endoplasmic Reticulum']","Transport, Endoplasmic Reticulum"
PPAm,0.2722681949400057,0.3059803661555385,1.1238197183588088,Unchanged,Water + Diphosphate --> proton + 2.0 hydrogenphosphate,['Oxidative Phosphorylation'],Oxidative Phosphorylation,['Oxidative Phosphorylation'],Oxidative Phosphorylation
PPCOACm,0.0634450837957741,0.0589188643667426,0.9286592568212042,Unchanged,ATP + Bicarbonate + Propanoyl-CoA --> ADP + proton + (S)-methylmalonyl-CoA(5-) + hydrogenphosphate,"['Glyoxylate And Dicarboxylate Metabolism', 'Propanoate Metabolism', 'Valine, Leucine And Isoleucine Biosynthesis', 'Valine, Leucine And Isoleucine Degradation']","Glyoxylate And Dicarboxylate Metabolism; Propanoate Metabolism; Valine, Leucine And Isoleucine Biosynthesis; Valine, Leucine And Isoleucine Degradation","['Glyoxylate And Dicarboxylate Metabolism', 'Propanoate Metabolism', 'BCAA metabolism (Val/Leu/Iso)']",Glyoxylate And Dicarboxylate Metabolism; Propanoate Metabolism; BCAA metabolism (Val/Leu/Iso)
PPItm,0.2714388769297461,0.3050483622228186,1.1238197183588088,Unchanged,Diphosphate <==> Diphosphate,"['Transport, Mitochondrial']","Transport, Mitochondrial",['Mitochondrial transport'],Mitochondrial transport
PPItr,0.0036184803423646,0.0040665195592437,1.1238197183589826,Unchanged,Diphosphate <==> Diphosphate,"['Transport, Endoplasmic Reticulum']","Transport, Endoplasmic Reticulum","['Transport, Endoplasmic Reticulum']","Transport, Endoplasmic Reticulum"
PPM,0.0172698841092481,0.0194082362957466,1.1238197183589322,Unchanged,alpha-D-Ribose 1-phosphate <==> alpha-D-Ribose 5-phosphate,"['Pentose Phosphate Pathway', 'Purine Metabolism']",Pentose Phosphate Pathway; Purine Metabolism,"['Redox & Pentose Metabolism', 'Nitrogen disposal']",Redox & Pentose Metabolism; Nitrogen disposal
PRAGSr,0.0046524029534962,0.0052284621768547,1.1238197183512664,Unchanged,ATP + Glycine + 5-Phospho-beta-D-ribosylamine <==> ADP + N1-(5-Phospho-D-ribosyl)glycinamide + proton + hydrogenphosphate,"['Purine Metabolism', 'Purine Synthesis']",Purine Metabolism; Purine Synthesis,"['Nitrogen disposal', 'Nucleotide metabolism']",Nitrogen disposal; Nucleotide metabolism
PRASCS,0.0046524029534963,0.0052284621768546,1.1238197183512209,Unchanged,5-amino-1-(5-phospho-D-ribosyl)imidazole-4-carboxylate + L-aspartate(1-) + ATP <==> (S)-2-[5-Amino-1-(5-phospho-D-ribosyl)imidazole-4-carboxamido]succinate + ADP + proton + hydrogenphosphate,"['Purine Metabolism', 'Purine Synthesis']",Purine Metabolism; Purine Synthesis,"['Nitrogen disposal', 'Nucleotide metabolism']",Nitrogen disposal; Nucleotide metabolism
PRFGS,0.0046524029534962,0.0052284621768546,1.123819718351245,Unchanged,ATP + N2-Formyl-N1-(5-phospho-D-ribosyl)glycinamide + L-glutamine + Water --> ADP + 2-(Formamido)-N1-(5-phospho-D-ribosyl)acetamidine + L-glutamate(1-) + proton + hydrogenphosphate,"['Purine Metabolism', 'Purine Synthesis']",Purine Metabolism; Purine Synthesis,"['Nitrogen disposal', 'Nucleotide metabolism']",Nitrogen disposal; Nucleotide metabolism
PRO1xm,0.033913837028996,0.0,2000.0,Off,Nicotinamide adenine dinucleotide + L-proline --> 1-Pyrroline-5-carboxylate + 2.0 proton + Nicotinamide adenine dinucleotide - reduced,"['Arginine And Proline Metabolism', 'Biosynthesis Of Amino Acids']",Arginine And Proline Metabolism; Biosynthesis Of Amino Acids,"['Arginine And Proline Metabolism', 'AA other']",Arginine And Proline Metabolism; AA other
PROt4,0.05,0.0180779471395497,0.36155894279099393,Decreased,Sodium + L-Proline --> Sodium + L-proline,['Extracellular Transport'],Extracellular Transport,['Extracellular Transport'],Extracellular Transport
PROtm,0.033913837028996,0.0,2000.0,Off,L-proline --> L-proline,"['Transport, Mitochondrial']","Transport, Mitochondrial",['Mitochondrial transport'],Mitochondrial transport
PRPPS,0.0255407674051089,0.028703218031845,1.1238197183575431,Unchanged,ATP + alpha-D-Ribose 5-phosphate <==> AMP + proton + 5-Phospho-alpha-D-ribose 1-diphosphate,"['Biosynthesis Of Amino Acids', 'Pentose Phosphate Pathway', 'Purine Metabolism']",Biosynthesis Of Amino Acids; Pentose Phosphate Pathway; Purine Metabolism,"['AA other', 'Redox & Pentose Metabolism', 'Nitrogen disposal']",AA other; Redox & Pentose Metabolism; Nitrogen disposal
PSDm_hs,0.0011847400146565,0.0013314341895999,1.1238197183589955,Unchanged,proton + phosphatidylserine --> carbon dioxide + phosphatidylethanolamine,['Glycerophospholipid Metabolism'],Glycerophospholipid Metabolism,['Lipid metabolism'],Lipid metabolism
PSERT,0.0004146590051297,0.0004660019663599,1.123819718359042,Unchanged,3-phosphonatooxypyruvate(3-) + L-glutamate(1-) --> 2-Oxoglutarate + O-Phospho-L-serine,"['Alanine, Aspartate And Glutamate Metabolism', 'Biosynthesis Of Amino Acids', 'Cysteine And Methionine Metabolism', 'Glycine, Serine And Threonine Metabolism', 'Methane Metabolism']","Alanine, Aspartate And Glutamate Metabolism; Biosynthesis Of Amino Acids; Cysteine And Methionine Metabolism; Glycine, Serine And Threonine Metabolism; Methane Metabolism","['AA other', 'Methane Metabolism']",AA other; Methane Metabolism
PSERtm,-0.0004146590051297,-0.0004660019663599,1.123819718359042,Unchanged,O-Phospho-L-serine <==> O-Phospho-L-serine,"['Transport, Mitochondrial']","Transport, Mitochondrial",['Mitochondrial transport'],Mitochondrial transport
PSFLIP,0.0011847400146565,0.0013314341895999,1.1238197183589955,Unchanged,ATP + Water + phosphatidylserine --> ADP + proton + hydrogenphosphate + phosphatidylserine,['Extracellular Transport'],Extracellular Transport,['Extracellular Transport'],Extracellular Transport
PSP__Lm,0.0004146590051297,0.0004660019663599,1.123819718359042,Unchanged,Water + O-Phospho-L-serine --> hydrogenphosphate + L-serine,"['Alanine, Aspartate And Glutamate Metabolism', 'Glycine, Serine And Threonine Metabolism']","Alanine, Aspartate And Glutamate Metabolism; Glycine, Serine And Threonine Metabolism",['AA other'],AA other
PSSA1_hs,0.0015757042194932,0.0017708074721678,1.1238197183589138,Unchanged,Phosphatidylcholine + L-serine <==> Choline + phosphatidylserine,['Glycerophospholipid Metabolism'],Glycerophospholipid Metabolism,['Lipid metabolism'],Lipid metabolism
PUNP1,0.0008293180102596,0.0009320039327199,1.1238197183588914,Unchanged,Adenosine + hydrogenphosphate <==> Adenine + alpha-D-Ribose 1-phosphate,"['Nucleotide Interconversion', 'Nucleotide Metabolism', 'Purine Metabolism']",Nucleotide Interconversion; Nucleotide Metabolism; Purine Metabolism,"['Nucleotide metabolism', 'Nitrogen disposal']",Nucleotide metabolism; Nitrogen disposal
PUNP2,-0.0008293180102596,-0.0009320039327199,1.1238197183588914,Unchanged,Deoxyadenosine + hydrogenphosphate <==> 2-Deoxy-D-ribose 1-phosphate + Adenine,"['Nucleotide Metabolism', 'Purine Catabolism', 'Purine Metabolism']",Nucleotide Metabolism; Purine Catabolism; Purine Metabolism,"['Nucleotide metabolism', 'Purine Catabolism', 'Nitrogen disposal']",Nucleotide metabolism; Purine Catabolism; Nitrogen disposal
PUNP3,0.000348313564309,0.0003914416517423,1.1238197183588283,Unchanged,Guanosine + hydrogenphosphate <==> Guanine + alpha-D-Ribose 1-phosphate,"['Nucleotide Metabolism', 'Purine Catabolism', 'Purine Metabolism']",Nucleotide Metabolism; Purine Catabolism; Purine Metabolism,"['Nucleotide metabolism', 'Purine Catabolism', 'Nitrogen disposal']",Nucleotide metabolism; Purine Catabolism; Nitrogen disposal
PUNP4,0.016921570544939,0.0190167946440041,1.1238197183589291,Unchanged,Deoxyguanosine + hydrogenphosphate <==> 2-Deoxy-D-ribose 1-phosphate + Guanine,"['Nucleotide Metabolism', 'Purine Catabolism', 'Purine Metabolism']",Nucleotide Metabolism; Purine Catabolism; Purine Metabolism,"['Nucleotide metabolism', 'Purine Catabolism', 'Nitrogen disposal']",Nucleotide metabolism; Purine Catabolism; Nitrogen disposal
PYK,9.960421366634884,9.93813209566159,0.9977622160596581,Unchanged,ADP + proton + Phosphoenolpyruvate --> ATP + pyruvate,"['Biosynthesis Of Amino Acids', 'Glycolysis/Gluconeogenesis', 'Pyruvate Metabolism']",Biosynthesis Of Amino Acids; Glycolysis/Gluconeogenesis; Pyruvate Metabolism,"['AA other', 'Central Energy Metabolism']",AA other; Central Energy Metabolism
PYNP2r,0.0160922525346793,0.0180847907112843,1.1238197183589445,Unchanged,hydrogenphosphate + Uridine <==> alpha-D-Ribose 1-phosphate + uracil,"['Nucleotide Metabolism', 'Pyrimidine Catabolism', 'Pyrimidine Metabolism']",Nucleotide Metabolism; Pyrimidine Catabolism; Pyrimidine Metabolism,['Nucleotide metabolism'],Nucleotide metabolism
PYRt2,-1.1976649360143523,-1.229614993971815,1.026676958635683,Unchanged,proton + Pyruvate <==> proton + pyruvate,['Extracellular Transport'],Extracellular Transport,['Extracellular Transport'],Extracellular Transport
RE0452M,0.0008293180102596,0.0009320039327199,1.1238197183588914,Unchanged,dATP + dTMP <==> dADP + dTDP,['Pyrimidine Synthesis'],Pyrimidine Synthesis,['Nucleotide metabolism'],Nucleotide metabolism
RE2675C,0.000507068726273,0.0005698538331487,1.1238197183588428,Unchanged,dihydroceramide + proton + Nicotinamide adenine dinucleotide - reduced + O2 --> N-acylsphingosine + 2.0 Water + Nicotinamide adenine dinucleotide,['Sphingolipid Metabolism'],Sphingolipid Metabolism,['Lipid metabolism'],Lipid metabolism
RNDR2,0.0175193903563349,0.0196886363360761,1.1238197183589107,Unchanged,GDP + Reduced thioredoxin --> dGDP + Water + Oxidized thioredoxin,['Nucleotide Interconversion'],Nucleotide Interconversion,['Nucleotide metabolism'],Nucleotide metabolism
RNDR3,0.0011956396227914,0.0013436833841442,1.123819718358923,Unchanged,CDP + Reduced thioredoxin --> dCDP + Water + Oxidized thioredoxin,['Nucleotide Interconversion'],Nucleotide Interconversion,['Nucleotide metabolism'],Nucleotide metabolism
RPI,-0.0082708832958608,-0.0092949817360983,1.1238197183546301,Unchanged,alpha-D-Ribose 5-phosphate <==> D-ribulose 5-phosphate(2-),"['Biosynthesis Of Amino Acids', 'Pentose Phosphate Pathway']",Biosynthesis Of Amino Acids; Pentose Phosphate Pathway,"['AA other', 'Redox & Pentose Metabolism']",AA other; Redox & Pentose Metabolism
RTOTALt,0.006244456584851,0.0070176434404918,1.1238197183589274,Unchanged,R total <==> R total,['Extracellular Transport'],Extracellular Transport,['Extracellular Transport'],Extracellular Transport
R_group_phosphotase_1,0.012488913169702,0.0140352868809836,1.1238197183589274,Unchanged,R total + ATP + Coenzyme A --> R total Coenzyme A + AMP + Diphosphate,['Unknown'],Unknown,['Unknown'],Unknown
SACCD3m,0.0063728468602392,0.029665058879608,4.654914754768569,Increased,2-Oxoglutarate + proton + L-lysinium(1+) + Nicotinamide adenine dinucleotide phosphate - reduced --> Water + Nicotinamide adenine dinucleotide phosphate + L-saccharopinate(1-),"['Lysine Degradation', 'Lysine Metabolism']",Lysine Degradation; Lysine Metabolism,"['AA other', 'Lysine Metabolism']",AA other; Lysine Metabolism
SERPT,0.000507068726273,0.0005698538331487,1.1238197183588428,Unchanged,proton + Palmitoyl-CoA (n-C16:0CoA) + L-serine --> (2S)-1-hydroxy-3-oxooctadecan-2-aminium + carbon dioxide + Coenzyme A,['Sphingolipid Metabolism'],Sphingolipid Metabolism,['Lipid metabolism'],Lipid metabolism
SERt4,0.0312099853229028,0.0350743969155712,1.1238197183589376,Unchanged,Sodium + L-Serine --> Sodium + L-serine,['Extracellular Transport'],Extracellular Transport,['Extracellular Transport'],Extracellular Transport
SMS,0.000507068726273,0.0005698538331487,1.1238197183588428,Unchanged,N-acylsphingosine + Phosphatidylcholine --> diglyceride + sphingomyelin betaine,['Sphingolipid Metabolism'],Sphingolipid Metabolism,['Lipid metabolism'],Lipid metabolism
SUCOASm,-1.1708993879483718,-1.1829462954050671,1.0102885931794736,Unchanged,ATP + Coenzyme A + Succinate <==> ADP + hydrogenphosphate + Succinyl-CoA,"['Citric Acid Cycle', 'Propanoate Metabolism']",Citric Acid Cycle; Propanoate Metabolism,"['Central Energy Metabolism', 'Propanoate Metabolism']",Central Energy Metabolism; Propanoate Metabolism
THRt4,0.0215516056066177,0.024220119343012,1.1238197183589373,Unchanged,Sodium + L-Threonine --> Sodium + L-Threonine,['Extracellular Transport'],Extracellular Transport,['Extracellular Transport'],Extracellular Transport
TMDSm,0.0008293180102596,0.0009320039327199,1.1238197183588914,Unchanged,"dUMP + 5,10-Methylenetetrahydrofolate --> 7,8-Dihydrofolate + dTMP",['Nucleotide Interconversion'],Nucleotide Interconversion,['Nucleotide metabolism'],Nucleotide metabolism
TPI,4.977453354949532,4.9659673078409465,0.9976923847820365,Unchanged,Dihydroxyacetone phosphate <==> Glyceraldehyde 3-phosphate,['Glycolysis/Gluconeogenesis'],Glycolysis/Gluconeogenesis,['Central Energy Metabolism'],Central Energy Metabolism
TRDR,0.0028542756433106,0.003207691249584,1.1238197183589047,Unchanged,proton + Nicotinamide adenine dinucleotide phosphate - reduced + Oxidized thioredoxin --> Nicotinamide adenine dinucleotide phosphate + Reduced thioredoxin,['Nucleotide Interconversion'],Nucleotide Interconversion,['Nucleotide metabolism'],Nucleotide metabolism
TRPO2,0.0093048059069925,0.0104569243537093,1.123819718351244,Unchanged,O2 + L-tryptophan --> N-formyl-L-kynurenine,['Tryptophan Metabolism'],Tryptophan Metabolism,['AAA metabolism (Trp/Phe/Tyr)'],AAA metabolism (Trp/Phe/Tyr)
TRPt,0.014873131365479,0.0167147183021965,1.123819718354124,Unchanged,L-Tryptophan <==> L-tryptophan,['Extracellular Transport'],Extracellular Transport,['Extracellular Transport'],Extracellular Transport
TYRPHELAT2tc,0.011016139162682,0.0123801544112082,1.1238197183589425,Unchanged,L-phenylalanine + L-Tyrosine <==> L-phenylalanine + L-tyrosine,['Extracellular Transport'],Extracellular Transport,['Extracellular Transport'],Extracellular Transport
UMPK2m,-0.0018258739209881,-0.0020519531156438,1.1238197183589511,Unchanged,CTP + UMP <==> CDP + UDP,['Nucleotide Interconversion'],Nucleotide Interconversion,['Nucleotide metabolism'],Nucleotide metabolism
URIDK2,0.0166900723460753,0.0187566324033564,1.1238197183589234,Unchanged,ATP + dUMP <==> ADP + dUDP,"['Nucleotide Interconversion', 'Nucleotide Metabolism', 'Pyrimidine Metabolism']",Nucleotide Interconversion; Nucleotide Metabolism; Pyrimidine Metabolism,['Nucleotide metabolism'],Nucleotide metabolism
URIt,0.0106478982713265,0.0119663180363967,1.1238197183589314,Unchanged,Uridine <==> Uridine,['Extracellular Transport'],Extracellular Transport,['Extracellular Transport'],Extracellular Transport
VALTA,0.0259282628238054,0.0229477071062386,0.8850460696954107,Unchanged,2-Oxoglutarate + L-valine <==> 3-methyl-2-oxobutanoate + L-glutamate(1-),"['2-oxocarboxylic Acid Metabolism', 'Biosynthesis Of Amino Acids', 'Pantothenate And Coa Biosynthesis', 'Valine, Leucine And Isoleucine Biosynthesis', 'Valine, Leucine And Isoleucine Degradation']","2-oxocarboxylic Acid Metabolism; Biosynthesis Of Amino Acids; Pantothenate And Coa Biosynthesis; Valine, Leucine And Isoleucine Biosynthesis; Valine, Leucine And Isoleucine Degradation","['2-oxocarboxylic Acid Metabolism', 'AA other', 'Pantothenate And Coa Biosynthesis', 'BCAA metabolism (Val/Leu/Iso)']",2-oxocarboxylic Acid Metabolism; AA other; Pantothenate And Coa Biosynthesis; BCAA metabolism (Val/Leu/Iso)
VALtec,0.05,0.05,1.0,Unchanged,L-Valine <==> L-valine,['Extracellular Transport'],Extracellular Transport,['Extracellular Transport'],Extracellular Transport
_DADNK,0.0008293180102596,0.0009320039327199,1.1238197183588914,Unchanged,ATP + Deoxyadenosine --> ADP + dAMP(2-) + proton,['Nucleotide Interconversion'],Nucleotide Interconversion,['Nucleotide metabolism'],Nucleotide metabolism
_DAGK_hs,-0.0111620043532866,-0.0125440805886317,1.1238197183589302,Unchanged,ATP + diglyceride <==> ADP + proton + phosphatidate(2-),['Glycerophospholipid Metabolism'],Glycerophospholipid Metabolism,['Lipid metabolism'],Lipid metabolism
_DASCBR,0.032619491313498,0.0334253061759623,1.0247034772774295,Unchanged,dehydroascorbide(1-) + Nicotinamide adenine dinucleotide phosphate - reduced --> L-ascorbate + Nicotinamide adenine dinucleotide phosphate,['Vitamin C Metabolism'],Vitamin C Metabolism,['Vitamin C Metabolism'],Vitamin C Metabolism
_DCMPDA,0.0005978198113957,0.0006718416920721,1.123819718358923,Unchanged,dCMP + Water + proton <==> dUMP + Ammonium,['Pyrimidine Catabolism'],Pyrimidine Catabolism,['Nucleotide metabolism'],Nucleotide metabolism
_DGAT,0.0002567805507766,0.0002885750462538,1.1238197183588927,Unchanged,R total 3 Coenzyme A + diglyceride --> Coenzyme A + triglyceride,['Triacylglycerol Synthesis'],Triacylglycerol Synthesis,['Lipid metabolism'],Lipid metabolism
_DGK1,-0.0169215705449392,-0.019016794644004,1.12381971835891,Unchanged,ATP + dGMP <==> ADP + dGDP,['Nucleotide Interconversion'],Nucleotide Interconversion,['Nucleotide metabolism'],Nucleotide metabolism
_DHORD9,0.0036184803423646,0.0040665195592437,1.1238197183589826,Unchanged,(S)-dihydroorotate + ubiquinone-10 --> Orotate + Ubiquinol-10,['Pyrimidine Synthesis'],Pyrimidine Synthesis,['Nucleotide metabolism'],Nucleotide metabolism
_DHORTS,-0.0036184803423646,-0.0040665195592437,1.1238197183589826,Unchanged,(S)-dihydroorotate + Water <==> N-Carbamoyl-L-aspartate + proton,['Pyrimidine Synthesis'],Pyrimidine Synthesis,['Nucleotide metabolism'],Nucleotide metabolism
_DIDPtn,-0.0008293180104869,-0.0009320039327199,1.1238197180508742,Unchanged,dIDP <==> dIDP,"['Transport, Nuclear']","Transport, Nuclear","['Transport, Nuclear']","Transport, Nuclear"
_DITPtn,0.0008293180104869,0.0009320039327199,1.1238197180508742,Unchanged,dITP(4-) <==> dITP(4-),"['Transport, Nuclear']","Transport, Nuclear","['Transport, Nuclear']","Transport, Nuclear"
_DNDPt14m,0.0008293180102596,0.0009320039327199,1.1238197183588914,Unchanged,dTDP + dUDP --> dTDP + dUDP,"['Transport, Mitochondrial']","Transport, Mitochondrial",['Mitochondrial transport'],Mitochondrial transport
_DSAT,0.000507068726273,0.0005698538331487,1.1238197183588428,Unchanged,R total Coenzyme A + sphinganine(1+) --> Coenzyme A + dihydroceramide + proton,['Sphingolipid Metabolism'],Sphingolipid Metabolism,['Lipid metabolism'],Lipid metabolism
_DTDPtn,0.0008293180102596,0.0009320039327199,1.1238197183588914,Unchanged,dTDP <==> dTDP,"['Transport, Nuclear']","Transport, Nuclear","['Transport, Nuclear']","Transport, Nuclear"
_DTTPtn,-0.0008293180102596,-0.0009320039327199,1.1238197183588914,Unchanged,dTTP <==> dTTP,"['Transport, Nuclear']","Transport, Nuclear","['Transport, Nuclear']","Transport, Nuclear"
_DURIK1,0.0160922525346794,0.0180847907112843,1.1238197183589373,Unchanged,ATP + Deoxyuridine --> ADP + dUMP + proton,['Nucleotide Interconversion'],Nucleotide Interconversion,['Nucleotide metabolism'],Nucleotide metabolism
_DURIPP,-0.0160922525346793,-0.0180847907112843,1.1238197183589445,Unchanged,Deoxyuridine + hydrogenphosphate <==> 2-Deoxy-D-ribose 1-phosphate + uracil,['Nucleotide Interconversion'],Nucleotide Interconversion,['Nucleotide metabolism'],Nucleotide metabolism
_DUTPDPm,0.0008293180102595,0.0009320039327199,1.123819718359027,Unchanged,dUTP + Water --> dUMP + proton + Diphosphate,['Nucleotide Interconversion'],Nucleotide Interconversion,['Nucleotide metabolism'],Nucleotide metabolism
_LCAT1e,0.006244456584851,0.0070176434404918,1.1238197183589274,Unchanged,Chsterol c + Phosphatidylcholine --> lysophosphatidylcholine + cholesterol ester,['Fatty Acid Degradation'],Fatty Acid Degradation,['Lipid metabolism'],Lipid metabolism
_LDH__L,-8.734821505051944,-8.654620153588919,0.9908182037358589,Unchanged,(S)-lactate + Nicotinamide adenine dinucleotide <==> proton + Nicotinamide adenine dinucleotide - reduced + pyruvate,['Glycolysis/Gluconeogenesis'],Glycolysis/Gluconeogenesis,['Central Energy Metabolism'],Central Energy Metabolism
_LEUtec,0.0346738807881551,0.0389671909417558,1.1238197183589362,Unchanged,L-Leucine <==> L-leucine,['Extracellular Transport'],Extracellular Transport,['Extracellular Transport'],Extracellular Transport
_LPASE,0.006244456584851,0.0070176434404918,1.1238197183589274,Unchanged,Water + lysophosphatidylcholine --> R total + sn-Glycero-3-phosphocholine + proton,['Glycerophospholipid Metabolism'],Glycerophospholipid Metabolism,['Lipid metabolism'],Lipid metabolism
_LPCHOLt,0.006244456584851,0.0070176434404918,1.1238197183589274,Unchanged,lysophosphatidylcholine <==> lysophosphatidylcholine,['Extracellular Transport'],Extracellular Transport,['Extracellular Transport'],Extracellular Transport
_LYSt5r,0.0382987468791987,0.0655440148472707,1.7113879744945333,Increased,L-lysinium(1+) --> L-lysinium(1+),['Extracellular Transport'],Extracellular Transport,['Extracellular Transport'],Extracellular Transport
_LYStm,0.0063728468602392,0.0296650588796081,4.654914754768584,Increased,proton + L-lysinium(1+) <==> proton + L-lysinium(1+),"['Transport, Mitochondrial']","Transport, Mitochondrial",['Mitochondrial transport'],Mitochondrial transport
_L__LACt2r,-8.734821505051944,-8.654620153588919,0.9908182037358589,Unchanged,proton + L-Lactate <==> proton + (S)-lactate,['Extracellular Transport'],Extracellular Transport,['Extracellular Transport'],Extracellular Transport
r0034,0.0036184803423646,0.0040665195592437,1.1238197183589826,Unchanged,2.0 ATP + carbon dioxide + Water + Ammonium --> 2.0 ADP + Carbamoyl phosphate + 3.0 proton + hydrogenphosphate,"['Alanine, Aspartate And Glutamate Metabolism', 'Arginine Biosynthesis', 'Biosynthesis Of Amino Acids', 'Nitrogen Metabolism', 'Urea Cycle']","Alanine, Aspartate And Glutamate Metabolism; Arginine Biosynthesis; Biosynthesis Of Amino Acids; Nitrogen Metabolism; Urea Cycle","['AA other', 'Nitrogen disposal']",AA other; Nitrogen disposal
r0129,0.0061799830332533,0.0258110500565122,4.176556783024792,Increased,Reduced glutathione + Water <==> L-cysteinylglycine + L-glutamate(1-),['Glutathione Metabolism'],Glutathione Metabolism,['Redox & Pentose Metabolism'],Redox & Pentose Metabolism
r0130,0.0,0.0241889499434889,1000.0,On,Reduced glutathione + Water <==> L-cysteinylglycine + L-glutamate(1-),['Glutathione Metabolism'],Glutathione Metabolism,['Redox & Pentose Metabolism'],Redox & Pentose Metabolism
r0202c,-0.0059293157409523,-0.0066634819460582,1.1238197183589327,Unchanged,Glycerol 3-phosphate + Nicotinamide adenine dinucleotide <==> Dihydroxyacetone phosphate + proton + Nicotinamide adenine dinucleotide - reduced,['Glycerophospholipid Metabolism'],Glycerophospholipid Metabolism,['Lipid metabolism'],Lipid metabolism
r0226,0.0008293180102596,0.0009320039327199,1.1238197183588914,Unchanged,"7,8-Dihydrofolate + proton + Nicotinamide adenine dinucleotide phosphate - reduced --> Nicotinamide adenine dinucleotide phosphate + 5,6,7,8-Tetrahydrofolate",['Folate Metabolism'],Folate Metabolism,['Folate Metabolism'],Folate Metabolism
r0276,1.0473572220507152,1.0864324704786306,1.0373084250580775,Unchanged,IMP + Nicotinamide adenine dinucleotide phosphate + Ammonium <==> GMP + 2.0 proton + Nicotinamide adenine dinucleotide phosphate - reduced,"['Nucleotide Metabolism', 'Purine Catabolism', 'Purine Metabolism']",Nucleotide Metabolism; Purine Catabolism; Purine Metabolism,"['Nucleotide metabolism', 'Purine Catabolism', 'Nitrogen disposal']",Nucleotide metabolism; Purine Catabolism; Nitrogen disposal
r0385,0.0259282628238054,0.0229477071062386,0.8850460696954107,Unchanged,3-methyl-2-oxobutanoate + proton + lipoamide --> S-(2-Methylpropanoyl)-dihydrolipoamide + carbon dioxide,"['Valine, Leucine And Isoleucine Biosynthesis']","Valine, Leucine And Isoleucine Biosynthesis",['BCAA metabolism (Val/Leu/Iso)'],BCAA metabolism (Val/Leu/Iso)
r0450,0.0063728468602393,0.029665058879608,4.6549147547684955,Increased,L-2-aminoadipate(1-) + 2-Oxoglutarate <==> 2-oxoadipate(2-) + L-glutamate(1-),"['2-oxocarboxylic Acid Metabolism', 'Biosynthesis Of Amino Acids', 'Lysine Biosynthesis', 'Lysine Degradation', 'Lysine Metabolism']",2-oxocarboxylic Acid Metabolism; Biosynthesis Of Amino Acids; Lysine Biosynthesis; Lysine Degradation; Lysine Metabolism,"['2-oxocarboxylic Acid Metabolism', 'AA other', 'Lysine Biosynthesis', 'Lysine Metabolism']",2-oxocarboxylic Acid Metabolism; AA other; Lysine Biosynthesis; Lysine Metabolism
r0475,0.0158607543358157,0.0178246284706364,1.123819718358919,Unchanged,dUTP + Water + Oxidized thioredoxin <==> Reduced thioredoxin + UTP,['Nucleotide Interconversion'],Nucleotide Interconversion,['Nucleotide metabolism'],Nucleotide metabolism
r0509,1.1708993879483718,1.1829462954050671,1.0102885931794736,Unchanged,ubiquinone-10 + Succinate --> Fumarate + Ubiquinol-10,['Citric Acid Cycle'],Citric Acid Cycle,['Central Energy Metabolism'],Central Energy Metabolism
r0525,0.0063728468602393,0.029665058879608,4.6549147547684955,Increased,Water + Nicotinamide adenine dinucleotide + L-saccharopinate(1-) <==> L-allysine + L-glutamate(1-) + proton + Nicotinamide adenine dinucleotide - reduced,"['Lysine Degradation', 'Lysine Metabolism']",Lysine Degradation; Lysine Metabolism,"['AA other', 'Lysine Metabolism']",AA other; Lysine Metabolism
r0531,-0.0158607543358157,-0.0178246284706364,1.123819718358919,Unchanged,Cytidine + dUTP <==> CMP + dUDP + proton,['Nucleotide Interconversion'],Nucleotide Interconversion,['Nucleotide metabolism'],Nucleotide metabolism
r0541,0.0063728468602393,0.0296650588796081,4.6549147547685115,Increased,glutaryl-CoA(5-) + proton + ubiquinone-10 <==> crotonoyl-CoA(4-) + carbon dioxide + Ubiquinol-10,['Tryptophan Metabolism'],Tryptophan Metabolism,['AAA metabolism (Trp/Phe/Tyr)'],AAA metabolism (Trp/Phe/Tyr)
r0552,-1.2530872042220729,-1.3144027597357455,1.0489315949497209,Unchanged,betaine aldehyde + Water + Nicotinamide adenine dinucleotide <==> glycine betaine + 2.0 proton + Nicotinamide adenine dinucleotide - reduced,"['Alanine, Aspartate And Glutamate Metabolism', 'Folate Metabolism', 'Glycine, Serine And Threonine Metabolism']","Alanine, Aspartate And Glutamate Metabolism; Folate Metabolism; Glycine, Serine And Threonine Metabolism","['AA other', 'Folate Metabolism']",AA other; Folate Metabolism
r0552m,2.1858112370259,2.210412888050933,1.0112551580888143,Unchanged,betaine aldehyde + Water + Nicotinamide adenine dinucleotide <==> glycine betaine + 2.0 proton + Nicotinamide adenine dinucleotide - reduced,"['Alanine, Aspartate And Glutamate Metabolism', 'Glycine, Serine And Threonine Metabolism']","Alanine, Aspartate And Glutamate Metabolism; Glycine, Serine And Threonine Metabolism",['AA other'],AA other
r0553,1.2530872042220729,1.3144027597357453,1.0489315949497207,Unchanged,betaine aldehyde + Water + Nicotinamide adenine dinucleotide phosphate <==> glycine betaine + 2.0 proton + Nicotinamide adenine dinucleotide phosphate - reduced,"['Alanine, Aspartate And Glutamate Metabolism', 'Folate Metabolism', 'Glycine, Serine And Threonine Metabolism']","Alanine, Aspartate And Glutamate Metabolism; Folate Metabolism; Glycine, Serine And Threonine Metabolism","['AA other', 'Folate Metabolism']",AA other; Folate Metabolism
r0553m,-2.1858112370259,-2.210412888050933,1.0112551580888143,Unchanged,betaine aldehyde + Water + Nicotinamide adenine dinucleotide phosphate <==> glycine betaine + 2.0 proton + Nicotinamide adenine dinucleotide phosphate - reduced,"['Alanine, Aspartate And Glutamate Metabolism', 'Glycine, Serine And Threonine Metabolism']","Alanine, Aspartate And Glutamate Metabolism; Glycine, Serine And Threonine Metabolism",['AA other'],AA other
r0560,0.0259282628238054,0.0229477071062386,0.8850460696954107,Unchanged,isobutyryl-CoA(4-) + ubiquinone-10 --> 2-Methylprop-2-enoyl-CoA + Ubiquinol-10,"['Valine, Leucine And Isoleucine Biosynthesis']","Valine, Leucine And Isoleucine Biosynthesis",['BCAA metabolism (Val/Leu/Iso)'],BCAA metabolism (Val/Leu/Iso)
r0561,0.0259282628238054,0.0229477071062386,0.8850460696954107,Unchanged,S-(2-Methylpropanoyl)-dihydrolipoamide + Coenzyme A --> dihydrolipoamide + isobutyryl-CoA(4-),"['Valine, Leucine And Isoleucine Biosynthesis']","Valine, Leucine And Isoleucine Biosynthesis",['BCAA metabolism (Val/Leu/Iso)'],BCAA metabolism (Val/Leu/Iso)
r0594m,0.0063728468602393,0.0296650588796081,4.6549147547685115,Increased,L-allysine + Water + Nicotinamide adenine dinucleotide --> L-2-aminoadipate(1-) + 2.0 proton + Nicotinamide adenine dinucleotide - reduced,['Lysine Metabolism'],Lysine Metabolism,['Lysine Metabolism'],Lysine Metabolism
r0603,0.0375168209719689,0.0359711572605039,0.9588007813183356,Unchanged,2-methylbutanoyl-CoA(4-) + ubiquinone-10 <==> 2-methylcrotonoyl-CoA(4-) + Ubiquinol-10,"['Valine, Leucine And Isoleucine Biosynthesis']","Valine, Leucine And Isoleucine Biosynthesis",['BCAA metabolism (Val/Leu/Iso)'],BCAA metabolism (Val/Leu/Iso)
r0604,0.0375168209719689,0.0359711572605039,0.9588007813183356,Unchanged,S-(2-Methylbutanoyl)-dihydrolipoamide + Coenzyme A --> 2-methylbutanoyl-CoA(4-) + dihydrolipoamide,"['Valine, Leucine And Isoleucine Biosynthesis']","Valine, Leucine And Isoleucine Biosynthesis",['BCAA metabolism (Val/Leu/Iso)'],BCAA metabolism (Val/Leu/Iso)
r0647,-0.0093048059069925,-0.0104569243537093,1.123819718351244,Unchanged,"Xanthurenic acid + Water <==> 4-(2-Amino-3-hydroxyphenyl)-2,4-dioxobutanoate",['Tryptophan Metabolism'],Tryptophan Metabolism,['AAA metabolism (Trp/Phe/Tyr)'],AAA metabolism (Trp/Phe/Tyr)
r0666,0.0046524029534962,0.0052284621768546,1.123819718351245,Unchanged,ATP + 2-(Formamido)-N1-(5-phospho-D-ribosyl)acetamidine <==> ADP + 5-amino-1-(5-phospho-D-ribosyl)imidazole + 2.0 proton + hydrogenphosphate,['Purine Synthesis'],Purine Synthesis,['Nucleotide metabolism'],Nucleotide metabolism
r0670,0.0375168209719689,0.0359711572605039,0.9588007813183356,Unchanged,3-methyl-2-oxopentanoate + proton + lipoamide --> S-(2-Methylbutanoyl)-dihydrolipoamide + carbon dioxide,"['Valine, Leucine And Isoleucine Biosynthesis']","Valine, Leucine And Isoleucine Biosynthesis",['BCAA metabolism (Val/Leu/Iso)'],BCAA metabolism (Val/Leu/Iso)
r1030,0.0093048059069925,0.0104569243537093,1.123819718351244,Unchanged,Xanthurenic acid <==> Xanthurenic acid,['Extracellular Transport'],Extracellular Transport,['Extracellular Transport'],Extracellular Transport
r1402,0.0006086246403293,0.0006839843718812,1.1238197183589644,Unchanged,"22.0 L-alanine + 12.0 L-argininium(1+) + 12.0 L-asparagine + 26.0 L-aspartate(1-) + 1400.0 ATP + 6.0 L-cysteine + 14.0 L-glutamine + 15.0 L-glutamate(1-) + 18.0 Glycine + 1400.0 Water + 9.0 L-histidine + 12.0 L-isoleucine + 39.0 L-leucine + 18.0 L-lysinium(1+) + 8.0 L-methionine + 20.0 L-phenylalanine + 15.0 L-proline + 31.0 L-serine + 25.0 L-Threonine + 7.0 L-tryptophan + 13.0 L-tyrosine + 28.0 L-valine --> 1050.0 ADP + 350.0 AMP + primed glycogenin (glycogenin-8[1,4-Glc]) + 1050.0 hydrogenphosphate + 350.0 Diphosphate",['Extracellular Transport'],Extracellular Transport,['Extracellular Transport'],Extracellular Transport
r1418,0.0168923548561775,0.0431729114203775,2.5557663089577622,Increased,proton + Bicarbonate <==> carbon dioxide + Water,['Nitrogen Metabolism'],Nitrogen Metabolism,['Nitrogen disposal'],Nitrogen disposal
r1418c,-2.447571253005769,-2.5212809430055056,1.0301154419546383,Unchanged,proton + Bicarbonate <==> carbon dioxide + Water,['Nitrogen Metabolism'],Nitrogen Metabolism,['Nitrogen disposal'],Nitrogen disposal
r1418m,-0.7028279356563962,-0.7191592293744455,1.0232365460869124,Unchanged,proton + Bicarbonate <==> carbon dioxide + Water,['Nitrogen Metabolism'],Nitrogen Metabolism,['Nitrogen disposal'],Nitrogen disposal
r1464,-0.0063728468602393,-0.029665058879608,4.6549147547684955,Increased,acetoacetate + pyruvate <==> acetoacetate + pyruvate,"['Transport, Mitochondrial']","Transport, Mitochondrial",['Mitochondrial transport'],Mitochondrial transport
