metabolite_id,Metabolite,Metabolite Shortname,Metabolic Pathways,Subsystem,log2FC_fluxsum,Reactions
lys__L,L-lysinium(1+),Lys,"Transport, Mitochondrial",Mitochondrial transport,-2.513964533645656,"LYStm (6.46e-03, 3.69e-02)"
glu__L,L-glutamate(1-),L-Glu,"Phenylalanine, Tyrosine And Tryptophan Biosynthesis",AAA metabolism (Trp/Phe/Tyr),0.07613164318402207,"PHETA1m (9.96e+00, 9.45e+00); PHETA1 (9.96e+00, 9.45e+00)"
pyr,pyruvate,Pyr,Pyruvate Metabolism,Central Energy Metabolism,0.05076093759533198,"PYK (9.96e+00, 9.60e+00); LDH__L (8.72e+00, 9.55e+00); ME2m (1.16e+00, 3.44e-01); PCm (5.58e-01, 2.11e-01)"
3php,3-phosphonatooxypyruvate(3-),3-PHP,"Alanine, Aspartate And Glutamate Metabolism","AA central (A/D/E,G/S/T)",-9.797159656750651,"PGCD (4.20e-04, 3.74e-01); PSERT (4.20e-04, 3.74e-01)"
lys__L,L-lysinium(1+),Lys,Lysine Metabolism,AA other (Cys/Met/Lys/Arg/Pro),-2.513964533645656,"SACCD3m (6.46e-03, 3.69e-02)"
gly,Glycine,Glycine,"Glycine, Serine And Threonine Metabolism","AA central (A/D/E,G/S/T)",-9.797159656750544,"GHMT2rm (4.20e-04, 3.74e-01); GCC2am (4.20e-04, 3.74e-01)"
glu__L,L-glutamate(1-),L-Glu,Tryptophan Metabolism,AAA metabolism (Trp/Phe/Tyr),0.486035466523483,"3HKYNAKGAT (9.43e-03, 6.74e-03)"
pyr,pyruvate,Pyr,Extracellular Transport,Extracellular Transport,6.0,"PYRt2 (1.21e+00, 0.00e+00)"
pyr,pyruvate,Pyr,"Alanine, Aspartate And Glutamate Metabolism","AA central (A/D/E,G/S/T)",0.4860354663158726,"ALATA__L (2.19e-02, 1.56e-02)"
glu__L,L-glutamate(1-),L-Glu,Lysine Degradation,AA other (Cys/Met/Lys/Arg/Pro),-2.513964533645656,"r0450 (6.46e-03, 3.69e-02); r0525 (6.46e-03, 3.69e-02)"
thf,"5,6,7,8-Tetrahydrofolate",THF,Purine Synthesis,Nucleotide metabolism,0.486035466523483,"GARFT (4.72e-03, 3.37e-03); AICART (4.72e-03, 3.37e-03)"
lpam,lipoamide,Lipoamide,"Valine, Leucine And Isoleucine Biosynthesis",BCAA metabolism (Val/Leu/Iso),-0.2245365811173063,"r0670 (3.73e-02, 4.10e-02); r0385 (2.56e-02, 3.26e-02)"
mlthf,"5,10-Methylenetetrahydrofolate",CH2-THF,Folate Metabolism,Folate Metabolism,-11.381350100591499,"MTHFD2m (0.00e+00, 7.47e-01); GHMT2rm (4.20e-04, 3.74e-01)"
glu__L,L-glutamate(1-),L-Glu,Purine Synthesis,Nucleotide metabolism,0.48603546652348323,"PRFGS (4.72e-03, 3.37e-03); GLUPRT (4.72e-03, 3.37e-03)"
akg,2-Oxoglutarate,α-KG,Nitrogen Metabolism,Nitrogen disposal,0.8891278452745858,"GLUDxm (5.97e-01, 3.22e-01)"
3php,3-phosphonatooxypyruvate(3-),3-PHP,Cysteine And Methionine Metabolism,AA other (Cys/Met/Lys/Arg/Pro),-9.797159656750651,"PGCD (4.20e-04, 3.74e-01); PSERT (4.20e-04, 3.74e-01)"
pyr,pyruvate,Pyr,"Transport, Mitochondrial",Mitochondrial transport,-2.5139645336456566,"r1464 (6.46e-03, 3.69e-02)"
accoa,Acetyl-CoA,Acetyl-CoA,"Valine, Leucine And Isoleucine Biosynthesis",BCAA metabolism (Val/Leu/Iso),-0.13346366990204317,"ACACT10m (3.73e-02, 4.10e-02)"
akg,2-Oxoglutarate,α-KG,"Glycine, Serine And Threonine Metabolism","AA central (A/D/E,G/S/T)",-9.797159656750544,"PSERT (4.20e-04, 3.74e-01)"
mlthf,"5,10-Methylenetetrahydrofolate",CH2-THF,"Glycine, Serine And Threonine Metabolism","AA central (A/D/E,G/S/T)",-9.797159656750544,"GHMT2rm (4.20e-04, 3.74e-01); GCC2bim (4.20e-04, 3.74e-01)"
pser__L,O-Phospho-L-serine,O-Phospho-L-serine,"Transport, Mitochondrial",Mitochondrial transport,-9.797159656750544,"PSERtm (4.20e-04, 3.74e-01)"
akg,2-Oxoglutarate,α-KG,"Transport, Mitochondrial",Mitochondrial transport,0.1303306756237839,"AKGMALtm (9.98e+00, 9.12e+00)"
ser__L,L-serine,L-ser,Folate Metabolism,Folate Metabolism,-9.797159656750544,"GHMT2rm (4.20e-04, 3.74e-01)"
thf,"5,6,7,8-Tetrahydrofolate",THF,Folate Metabolism,Folate Metabolism,-5.818008486873135,"FTHFDHm (0.00e+00, 7.47e-01); GHMT2rm (4.20e-04, 3.74e-01); FTHFL (9.43e-03, 6.74e-03); GARFT (4.72e-03, 3.37e-03); AICART (4.72e-03, 3.37e-03); r0226 (8.41e-04, 6.00e-04)"
1pyr5c,1-Pyrroline-5-carboxylate,P5C,"Alanine, Aspartate And Glutamate Metabolism","AA central (A/D/E,G/S/T)",-6.0,"P5CDm (0.00e+00, 3.84e-02)"
gly,Glycine,Glycine,Glutathione Metabolism,Redox & Pentose Metabolism,0.48603546635791395,"AMPTASECG (2.33e-02, 1.66e-02)"
akg,2-Oxoglutarate,α-KG,Lysine Metabolism,AA other (Cys/Met/Lys/Arg/Pro),-2.513964533645656,"r0450 (6.46e-03, 3.69e-02); SACCD3m (6.46e-03, 3.69e-02)"
hmgcoa,Hydroxymethylglutaryl-CoA,HMG-CoA,Cholesterol Metabolism,Lipid metabolism,-2.5139645336456566,"HMGLm (6.46e-03, 3.69e-02)"
gly,Glycine,Glycine,Purine Metabolism,Nitrogen disposal,0.48603546652350976,"PRAGSr (4.72e-03, 3.37e-03)"
ser__L,L-serine,L-ser,"Glycine, Serine And Threonine Metabolism","AA central (A/D/E,G/S/T)",-9.797159656750544,"GHMT2rm (4.20e-04, 3.74e-01); PSP__Lm (4.20e-04, 3.74e-01)"
3pg,3-Phospho-D-glycerate,3-PG,"Glycine, Serine And Threonine Metabolism","AA central (A/D/E,G/S/T)",-0.0016439075846849942,"PGM (9.96e+00, 9.60e+00); PGCD (4.20e-04, 3.74e-01)"
thf,"5,6,7,8-Tetrahydrofolate",THF,"Glycine, Serine And Threonine Metabolism","AA central (A/D/E,G/S/T)",-9.797159656750544,"GHMT2rm (4.20e-04, 3.74e-01); GCC2bim (4.20e-04, 3.74e-01)"
glu__L,L-glutamate(1-),L-Glu,Nitrogen Metabolism,Nitrogen disposal,0.8891278452745858,"GLUDxm (5.97e-01, 3.22e-01)"
gly,Glycine,Glycine,Extracellular Transport,Extracellular Transport,0.4860354663158728,"r1402 (6.17e-04, 4.41e-04)"
pro__L,L-proline,L-Pro,Arginine And Proline Metabolism,AA other (Cys/Met/Lys/Arg/Pro),-6.0,"PRO1xm (0.00e+00, 3.84e-02)"
gly,Glycine,Glycine,"Alanine, Aspartate And Glutamate Metabolism","AA central (A/D/E,G/S/T)",-9.797159656750544,"GHMT2rm (4.20e-04, 3.74e-01); GCC2am (4.20e-04, 3.74e-01)"
acac,acetoacetate,Acetoacetate,Cholesterol Metabolism,Lipid metabolism,-2.5139645336456566,"HMGLm (6.46e-03, 3.69e-02)"
accoa,Acetyl-CoA,Acetyl-CoA,Citric Acid Cycle,Central Energy Metabolism,1.4030694439431275,"CSm (5.58e-01, 2.11e-01)"
mlthf,"5,10-Methylenetetrahydrofolate",CH2-THF,Nucleotide Interconversion,Nucleotide metabolism,0.48603546631588557,"TMDSm (8.41e-04, 6.00e-04)"
lpam,lipoamide,Lipoamide,Glycolysis/Gluconeogenesis,Central Energy Metabolism,-2.8203521535250204,"GCC2cm (6.34e-02, 4.48e-01)"
hmgcoa,Hydroxymethylglutaryl-CoA,HMG-CoA,Synthesis And Degradation Of Ketone Bodies,Lipid metabolism,-2.513964533645656,"HMGCOASim (6.46e-03, 3.69e-02)"
acac,acetoacetate,Acetoacetate,"Transport, Mitochondrial",Mitochondrial transport,-2.5139645336456566,"r1464 (6.46e-03, 3.69e-02)"
glu__L,L-glutamate(1-),L-Glu,"Glycine, Serine And Threonine Metabolism","AA central (A/D/E,G/S/T)",-9.797159656750544,"PSERT (4.20e-04, 3.74e-01)"
pyr,pyruvate,Pyr,Citric Acid Cycle,Central Energy Metabolism,1.4030694439431277,"PCm (5.58e-01, 2.11e-01)"
glu__L,L-glutamate(1-),L-Glu,"Transport, Mitochondrial",Mitochondrial transport,0.13434868356867566,"GLUt2m (1.01e+01, 9.19e+00)"
accoa,Acetyl-CoA,Acetyl-CoA,"Valine, Leucine And Isoleucine Degradation",BCAA metabolism (Val/Leu/Iso),-1.4188561842754992,"ACACT10m (3.73e-02, 4.10e-02); HMGLm (6.46e-03, 3.69e-02); HMGCOASim (6.46e-03, 3.69e-02); ACACT1r (6.46e-03, 3.69e-02)"
lys__L,L-lysinium(1+),Lys,Lysine Degradation,AA other (Cys/Met/Lys/Arg/Pro),-2.513964533645656,"SACCD3m (6.46e-03, 3.69e-02)"
pro__L,L-proline,L-Pro,"Transport, Mitochondrial",Mitochondrial transport,-6.0,"PROtm (0.00e+00, 3.84e-02)"
akg,2-Oxoglutarate,α-KG,Phenylalanine Metabolism,AAA metabolism (Trp/Phe/Tyr),0.07613164318402207,"PHETA1m (9.96e+00, 9.45e+00); PHETA1 (9.96e+00, 9.45e+00)"
glu__L,L-glutamate(1-),L-Glu,Lysine Metabolism,AA other (Cys/Met/Lys/Arg/Pro),-2.513964533645656,"r0450 (6.46e-03, 3.69e-02); r0525 (6.46e-03, 3.69e-02)"
pyr,pyruvate,Pyr,Arginine Biosynthesis,AA other (Cys/Met/Lys/Arg/Pro),0.4860354663158726,"ALATA__L (2.19e-02, 1.56e-02)"
3php,3-phosphonatooxypyruvate(3-),3-PHP,"Glycine, Serine And Threonine Metabolism","AA central (A/D/E,G/S/T)",-9.797159656750651,"PGCD (4.20e-04, 3.74e-01); PSERT (4.20e-04, 3.74e-01)"
ser__L,L-serine,L-ser,Sphingolipid Metabolism,Lipid metabolism,0.486035466315873,"SERPT (5.14e-04, 3.67e-04)"
accoa,Acetyl-CoA,Acetyl-CoA,Glycolysis/Gluconeogenesis,Central Energy Metabolism,1.8457632886539461,"PDHm (6.11e-01, 1.70e-01)"
glu__L,L-glutamate(1-),L-Glu,Pyrimidine Synthesis,Nucleotide metabolism,0.4860354663412186,"CTPS2 (1.29e-02, 9.24e-03)"
pser__L,O-Phospho-L-serine,O-Phospho-L-serine,"Alanine, Aspartate And Glutamate Metabolism","AA central (A/D/E,G/S/T)",-9.797159656750544,"PSP__Lm (4.20e-04, 3.74e-01); PSERT (4.20e-04, 3.74e-01)"
akg,2-Oxoglutarate,α-KG,"Alanine, Aspartate And Glutamate Metabolism","AA central (A/D/E,G/S/T)",-0.17282251892947192,"GLUDxm (5.97e-01, 3.22e-01); PSERT (4.20e-04, 3.74e-01); ASPTA (3.36e-02, 2.40e-02); ALATA__L (2.19e-02, 1.56e-02)"
accoa,Acetyl-CoA,Acetyl-CoA,Fatty Acid Metabolism,Lipid metabolism,-0.06650555666635498,"ACCOACm (9.04e-02, 0.00e+00); ACCOAC (0.00e+00, 6.46e-02); ACACT1r (6.46e-03, 3.69e-02)"
mlthf,"5,10-Methylenetetrahydrofolate",CH2-THF,"Alanine, Aspartate And Glutamate Metabolism","AA central (A/D/E,G/S/T)",-9.797159656750544,"GHMT2rm (4.20e-04, 3.74e-01); GCC2bim (4.20e-04, 3.74e-01)"
hmgcoa,Hydroxymethylglutaryl-CoA,HMG-CoA,"Valine, Leucine And Isoleucine Degradation",BCAA metabolism (Val/Leu/Iso),-2.513964533645656,"HMGLm (6.46e-03, 3.69e-02); HMGCOASim (6.46e-03, 3.69e-02)"
accoa,Acetyl-CoA,Acetyl-CoA,Tryptophan Metabolism,AAA metabolism (Trp/Phe/Tyr),-2.5139645336456566,"ACACT1r (6.46e-03, 3.69e-02)"
accoa,Acetyl-CoA,Acetyl-CoA,Lysine Degradation,AA other (Cys/Met/Lys/Arg/Pro),-2.5139645336456566,"ACACT1r (6.46e-03, 3.69e-02)"
thf,"5,6,7,8-Tetrahydrofolate",THF,Purine Metabolism,Nitrogen disposal,0.486035466523483,"GARFT (4.72e-03, 3.37e-03); AICART (4.72e-03, 3.37e-03)"
glu__L,L-glutamate(1-),L-Glu,Glutathione Metabolism,Redox & Pentose Metabolism,1.5886326787273395,"r0130 (2.67e-02, 0.00e+00); r0129 (2.33e-02, 1.66e-02)"
ser__L,L-serine,L-ser,Extracellular Transport,Extracellular Transport,0.486035466315873,"SERt4 (3.16e-02, 2.26e-02); r1402 (6.17e-04, 4.41e-04)"
ser__L,L-serine,L-ser,"Alanine, Aspartate And Glutamate Metabolism","AA central (A/D/E,G/S/T)",-9.797159656750544,"GHMT2rm (4.20e-04, 3.74e-01); PSP__Lm (4.20e-04, 3.74e-01)"
pser__L,O-Phospho-L-serine,O-Phospho-L-serine,Cysteine And Methionine Metabolism,AA other (Cys/Met/Lys/Arg/Pro),-9.797159656750544,"PSERT (4.20e-04, 3.74e-01)"
akg,2-Oxoglutarate,α-KG,Cysteine And Methionine Metabolism,AA other (Cys/Met/Lys/Arg/Pro),-9.797159656750544,"PSERT (4.20e-04, 3.74e-01)"
glu__L,L-glutamate(1-),L-Glu,Phenylalanine Metabolism,AAA metabolism (Trp/Phe/Tyr),0.07613164318402207,"PHETA1m (9.96e+00, 9.45e+00); PHETA1 (9.96e+00, 9.45e+00)"
akg,2-Oxoglutarate,α-KG,"Valine, Leucine And Isoleucine Biosynthesis",BCAA metabolism (Val/Leu/Iso),-0.2245365811173061,"ILETA (3.73e-02, 4.10e-02); VALTA (2.56e-02, 3.26e-02)"
glu__L,L-glutamate(1-),L-Glu,Purine Metabolism,Nitrogen disposal,0.48603546652348323,"PRFGS (4.72e-03, 3.37e-03); GLUPRT (4.72e-03, 3.37e-03)"
3pg,3-Phospho-D-glycerate,3-PG,"Alanine, Aspartate And Glutamate Metabolism","AA central (A/D/E,G/S/T)",-9.797159656750758,"PGCD (4.20e-04, 3.74e-01)"
thf,"5,6,7,8-Tetrahydrofolate",THF,"Alanine, Aspartate And Glutamate Metabolism","AA central (A/D/E,G/S/T)",-9.797159656750544,"GHMT2rm (4.20e-04, 3.74e-01); GCC2bim (4.20e-04, 3.74e-01)"
glu__L,L-glutamate(1-),L-Glu,Extracellular Transport,Extracellular Transport,0.6170502109491005,"GLUt4 (7.67e-02, 5.00e-02); r1402 (6.17e-04, 4.41e-04)"
ser__L,L-serine,L-ser,Glycerophospholipid Metabolism,Lipid metabolism,0.4860354663158723,"PSSA1_hs (1.60e-03, 1.14e-03)"
glu__L,L-glutamate(1-),L-Glu,"Alanine, Aspartate And Glutamate Metabolism","AA central (A/D/E,G/S/T)",-0.1591052663105281,"GLUDxm (5.97e-01, 3.22e-01); GLUNm (4.63e-01, 4.74e-01); PSERT (4.20e-04, 3.74e-01); P5CDm (0.00e+00, 3.84e-02); ASPTA (3.36e-02, 2.40e-02); ALATA__L (2.19e-02, 1.56e-02); GLUPRT (4.72e-03, 3.37e-03)"
pro__L,L-proline,L-Pro,Extracellular Transport,Extracellular Transport,-1.5956594147192842,"PROt4 (1.63e-02, 5.00e-02); r1402 (6.17e-04, 4.41e-04)"
glu__L,L-glutamate(1-),L-Glu,Nucleotide Metabolism,Nucleotide metabolism,0.4860354663412186,"CTPS2 (1.29e-02, 9.24e-03)"
accoa,Acetyl-CoA,Acetyl-CoA,Pyruvate Metabolism,Central Energy Metabolism,-0.06650555666635498,"ACCOACm (9.04e-02, 0.00e+00); ACCOAC (0.00e+00, 6.46e-02); ACACT1r (6.46e-03, 3.69e-02)"
3pg,3-Phospho-D-glycerate,3-PG,Cysteine And Methionine Metabolism,AA other (Cys/Met/Lys/Arg/Pro),-9.797159656750758,"PGCD (4.20e-04, 3.74e-01)"
lpam,lipoamide,Lipoamide,"Glycine, Serine And Threonine Metabolism","AA central (A/D/E,G/S/T)",-9.797159656750544,"GCC2am (4.20e-04, 3.74e-01)"
akg,2-Oxoglutarate,α-KG,Citric Acid Cycle,Central Energy Metabolism,0.7459096892012557,"AKGDm (1.13e+00, 7.93e-01); ICDHxm (5.58e-01, 2.11e-01)"
glu__L,L-glutamate(1-),L-Glu,Cysteine And Methionine Metabolism,AA other (Cys/Met/Lys/Arg/Pro),-9.797159656750544,"PSERT (4.20e-04, 3.74e-01)"
glu__L,L-glutamate(1-),L-Glu,"Valine, Leucine And Isoleucine Biosynthesis",BCAA metabolism (Val/Leu/Iso),-0.2245365811173061,"ILETA (3.73e-02, 4.10e-02); VALTA (2.56e-02, 3.26e-02)"
akg,2-Oxoglutarate,α-KG,"Valine, Leucine And Isoleucine Degradation",BCAA metabolism (Val/Leu/Iso),-0.2245365811173061,"ILETA (3.73e-02, 4.10e-02); VALTA (2.56e-02, 3.26e-02)"
glu__L,L-glutamate(1-),L-Glu,Pyrimidine Metabolism,Nucleotide metabolism,0.4860354663412186,"CTPS2 (1.29e-02, 9.24e-03)"
accoa,Acetyl-CoA,Acetyl-CoA,Cholesterol Metabolism,Lipid metabolism,-2.5139645336456566,"HMGLm (6.46e-03, 3.69e-02)"
akg,2-Oxoglutarate,α-KG,Arginine Biosynthesis,AA other (Cys/Met/Lys/Arg/Pro),0.8501625945569334,"GLUDxm (5.97e-01, 3.22e-01); ASPTA (3.36e-02, 2.40e-02); ALATA__L (2.19e-02, 1.56e-02)"
pyr,pyruvate,Pyr,Glycolysis/Gluconeogenesis,Central Energy Metabolism,0.11401031346579342,"PYK (9.96e+00, 9.60e+00); PDHm (6.11e-01, 1.70e-01)"
pser__L,O-Phospho-L-serine,O-Phospho-L-serine,"Glycine, Serine And Threonine Metabolism","AA central (A/D/E,G/S/T)",-9.797159656750544,"PSP__Lm (4.20e-04, 3.74e-01); PSERT (4.20e-04, 3.74e-01)"
gly,Glycine,Glycine,Purine Synthesis,Nucleotide metabolism,0.48603546652350976,"PRAGSr (4.72e-03, 3.37e-03)"
akg,2-Oxoglutarate,α-KG,"Phenylalanine, Tyrosine And Tryptophan Biosynthesis",AAA metabolism (Trp/Phe/Tyr),0.07613164318402207,"PHETA1m (9.96e+00, 9.45e+00); PHETA1 (9.96e+00, 9.45e+00)"
accoa,Acetyl-CoA,Acetyl-CoA,Fatty Acid Degradation,Lipid metabolism,-0.06650555666635498,"ACCOACm (9.04e-02, 0.00e+00); ACCOAC (0.00e+00, 6.46e-02); ACACT1r (6.46e-03, 3.69e-02)"
accoa,Acetyl-CoA,Acetyl-CoA,Synthesis And Degradation Of Ketone Bodies,Lipid metabolism,-2.513964533645656,"HMGCOASim (6.46e-03, 3.69e-02)"
accoa,Acetyl-CoA,Acetyl-CoA,Fatty Acid Biosynthesis,Lipid metabolism,0.4860354663654542,"ACCOACm (9.04e-02, 0.00e+00); ACCOAC (0.00e+00, 6.46e-02); FAS80COA__L (1.29e-02, 9.23e-03)"
lys__L,L-lysinium(1+),Lys,Extracellular Transport,Extracellular Transport,0.4860354663158726,"ARGLYSex (1.40e-02, 1.00e-02); r1402 (6.17e-04, 4.41e-04)"
akg,2-Oxoglutarate,α-KG,Tryptophan Metabolism,AAA metabolism (Trp/Phe/Tyr),0.486035466523483,"3HKYNAKGAT (9.43e-03, 6.74e-03)"
acac,acetoacetate,Acetoacetate,"Valine, Leucine And Isoleucine Degradation",BCAA metabolism (Val/Leu/Iso),-2.5139645336456566,"HMGLm (6.46e-03, 3.69e-02); AACOAT (6.46e-03, 3.69e-02)"
akg,2-Oxoglutarate,α-KG,Lysine Degradation,AA other (Cys/Met/Lys/Arg/Pro),-2.513964533645656,"r0450 (6.46e-03, 3.69e-02); SACCD3m (6.46e-03, 3.69e-02)"
glu__L,L-glutamate(1-),L-Glu,"Valine, Leucine And Isoleucine Degradation",BCAA metabolism (Val/Leu/Iso),-0.2245365811173061,"ILETA (3.73e-02, 4.10e-02); VALTA (2.56e-02, 3.26e-02)"
1pyr5c,1-Pyrroline-5-carboxylate,P5C,Arginine And Proline Metabolism,AA other (Cys/Met/Lys/Arg/Pro),-6.0,"PRO1xm (0.00e+00, 3.84e-02)"
3pg,3-Phospho-D-glycerate,3-PG,Glycolysis/Gluconeogenesis,Central Energy Metabolism,0.025637931933432688,"PGK (9.96e+00, 9.97e+00); PGM (9.96e+00, 9.60e+00)"
glu__L,L-glutamate(1-),L-Glu,Arginine Biosynthesis,AA other (Cys/Met/Lys/Arg/Pro),0.41683983653373985,"GLUDxm (5.97e-01, 3.22e-01); GLUNm (4.63e-01, 4.74e-01); ASPTA (3.36e-02, 2.40e-02); ALATA__L (2.19e-02, 1.56e-02)"
lpam,lipoamide,Lipoamide,"Alanine, Aspartate And Glutamate Metabolism","AA central (A/D/E,G/S/T)",-9.797159656750544,"GCC2am (4.20e-04, 3.74e-01)"
gly,Glycine,Glycine,Folate Metabolism,Folate Metabolism,-9.797159656750544,"GHMT2rm (4.20e-04, 3.74e-01)"
