Subsystems,Increased,Decreased,Reversed,On,Off,Unchanged,Increased_reactions,Decreased_reactions,Reversed_reactions,On_reactions,Off_reactions,Unchanged_reactions,n_reactions,flux_fast,flux_slow,total_flux_shift,mean_flux_shift
2-oxocarboxylic Acid Metabolism,7,3,0,0,0,3,ACONTm (2.64); AKGDm (1.42); ALATA__L (1.40); ASPTA (1.40); CSm (2.64); ICDHxm (2.64); PDHm (3.59),2OXOADOXm (0.18); VALTA (0.79); r0450 (0.18),,,,ILETA (0.91); PHETA1 (1.05); PHETA1m (1.05),13,23.463865350231572,20.681066953516552,2.7827983967150196,0.2140614151319246
"AA central (A/D/E,G/S/T)",8,6,0,0,1,6,ADSL1 (1.40); ADSS (1.40); ALATA__L (1.40); ASPCTr (1.40); ASPTA (1.40); GLUDxm (1.85); GLUPRT (1.40); r0034 (1.40),GCC2am (0.00); GCC2bim (0.00); GHMT2rm (0.00); PGCD (0.00); PSERT (0.00); PSP__Lm (0.00),,,P5CDm (2000.00),GLUNm (0.98); PGM (1.04); r0552 (0.96); r0552m (1.00); r0553 (0.96); r0553m (1.00),21,18.05048980740566,19.819231165548043,-1.7687413581423819,-0.08422577895916104
AA other (Cys/Met/Lys/Arg/Pro),4,10,0,0,1,1,ALATA__L (1.40); ASPTA (1.40); GLUDxm (1.85); r0034 (1.40),2OXOADOXm (0.18); ACACT1r (0.18); ECOAH1m (0.18); HACD1m (0.18); PGCD (0.00); PSERT (0.00); SACCD3m (0.18); r0450 (0.18); r0525 (0.18); r0594m (0.18),,,PRO1xm (2000.00),GLUNm (0.98),16,1.1717257462554878,1.9198088868893968,-0.748083140633909,-0.046755196289619314
AAA metabolism (Trp/Phe/Tyr),5,5,0,0,0,2,3HKYNAKGAT (1.40); FKYNH (1.40); KYN3OX (1.40); TRPO2 (1.40); r0647 (1.40),2OXOADOXm (0.18); ACACT1r (0.18); ECOAH1m (0.18); HACD1m (0.18); r0541 (0.18),,,,PHETA1 (1.05); PHETA1m (1.05),12,20.002139065542263,19.11678911342094,0.8853499521213237,0.07377916267677698
Ascorbate And Aldarate Metabolism,0,0,0,0,0,1,,,,,,DASCBR (1.05),1,0.0327114095020629,0.0311106518241717,0.0016007576778912028,0.0016007576778912028
BCAA metabolism (Val/Leu/Iso),0,12,0,0,0,10,,3HBCOAHLm (0.79); AACOAT (0.18); ACACT1r (0.18); ECOAH12m (0.79); HIBDm (0.79); HMGCOASim (0.18); HMGLm (0.18); MMSAD1m (0.79); VALTA (0.79); r0385 (0.79); r0560 (0.79); r0561 (0.79),,,,ACACT10m (0.91); ECOAH9m (0.91); HACD9m (0.91); ILETA (0.91); MMEm (0.86); MMMm (0.86); PPCOACm (0.86); r0603 (0.91); r0604 (0.91); r0670 (0.91),22,0.6808507215012464,0.9155926747689396,-0.2347419532676932,-0.010670088784895145
Biomass And Maintenance Functions,1,0,0,0,0,1,BIOMASS_maintenance (1.40),,,,,ATPM (1.00),2,18.524021448823934,18.51715094062597,0.006870508197962977,0.0034352540989814884
Biosynthesis Of Amino Acids,9,5,0,0,1,7,ACONTm (2.64); ALATA__L (1.40); ASPTA (1.40); CSm (2.64); ICDHxm (2.64); PCm (2.64); PRPPS (1.40); RPI (1.40); r0034 (1.40),GHMT2rm (0.00); PGCD (0.00); PSERT (0.00); VALTA (0.79); r0450 (0.18),,,PRO1xm (2000.00),ENO (1.04); ILETA (0.91); PGK (1.00); PGM (1.04); PHETA1 (1.05); PHETA1m (1.05); PYK (1.04),22,62.158039496933384,59.84441844812223,2.3136210488111573,0.10516459312777987
Butanoate Metabolism,0,6,0,0,0,0,,AACOAT (0.18); ACACT1r (0.18); ECOAH1m (0.18); HACD1m (0.18); HMGCOASim (0.18); HMGLm (0.18),,,,,6,0.038764204676029194,0.2214163109533614,-0.1826521062773322,-0.030442017712888698
Central Energy Metabolism,10,3,0,1,1,12,ACONTm (2.64); AKGDm (1.42); CSm (2.64); ICDHxm (2.64); ME2m (3.38); PCm (2.64); PDHm (3.59); PGMT (1.40); SUCOASm (1.37); r0509 (1.37),ACACT1r (0.18); GCC2cm (0.14); MDH (0.06),,ACCOACm (1000.00),ACCOAC (2000.00),ENO (1.04); FUM (1.07); FUMm (1.09); GAPD (1.00); HEX1 (1.00); LDH__L (0.91); PFK (1.00); PGI (1.00); PGK (1.00); PGM (1.04); PYK (1.04); TPI (1.00),27,112.52660116933974,107.68471728662202,4.841883882717724,0.17932903269324904
Cyanoamino Acid Metabolism,0,1,0,0,0,0,,GHMT2rm (0.00),,,,,1,0.0004203753544188,0.3740039383669137,-0.3735835630124949,-0.3735835630124949
Extracellular Transport,25,3,2,2,1,7,2HCO3_NAt (1.44); ARGLYSex (1.40); ASNtN1 (1.40); BTNt2 (1.88); BTNt4i (1.88); CHOLESTTDe (1.40); CHOLESTle (1.40); CHOLtu (1.40); CYTDt (1.40); GLUt4 (1.53); HIStN1 (1.40); INSTt2 (1.40); METtec (1.40); PCt (1.40); PHEtec (1.40); PIt9 (1.40); PSFLIP (1.40); RTOTALt (1.40); SERt4 (1.40); THRt4 (1.40); TRPt (1.40); TYRPHELAT2tc (1.40); URIt (1.40); r1030 (1.40); r1402 (1.40),CO2t (0.59); OAAt_1 (0.00); PROt4 (0.33),CA2t (3000.00); CAt7r (3000.00),CYSGLUexR (1000.00); PYRt2 (1000.00),CYStec (2000.00),GLCt1 (1.00); GLNtN1 (0.97); H2O2t (1.05); ILEtec (1.00); NH4t (0.91); O2t (1.05); VALtec (1.00),40,13.441525816562109,12.760004101279229,0.6815217152828801,0.017038042882072002
Folate Metabolism,4,1,0,0,3,2,AICART (1.40); FTHFL (1.40); GARFT (1.40); r0226 (1.40),GHMT2rm (0.00),,,FTHFDHm (2000.00); MTHFCm (2000.00); MTHFD2m (2000.00),r0552 (0.96); r0553 (0.96),10,2.5502901181212074,5.277975892354178,-2.7276857742329703,-0.272768577423297
Glyoxylate And Dicarboxylate Metabolism,1,3,0,0,0,3,CSm (2.64),ACACT1r (0.18); GHMT2rm (0.00); MDH (0.06),,,,MMEm (0.86); MMMm (0.86); PPCOACm (0.86),7,0.7874947124500198,1.37044762222519,-0.5829529097751702,-0.0832789871107386
Lipid metabolism,29,5,0,1,1,0,3DSPHR (1.40); AGPAT1 (1.40); ARTPLM2 (1.40); ARTPLM3 (1.40); CDIPTr (1.40); CDS (1.40); CEPTC (1.40); CHLPCTD (1.40); CHOLK (1.40); CLSm_hs (1.40); DAGK_hs (1.40); DGAT (1.40); DSAT (1.40); FAS100COA (1.40); FAS120COA (1.40); FAS140COA (1.40); FAS160COA (1.40); FAS80COA__L (1.40); GPAM_hs (1.40); GPDDA1 (1.40); LPASE (1.40); PGPPTm (1.40); PGPP_hs (1.40); PSDm_hs (1.40); PSSA1_hs (1.40); RE2675C (1.40); SERPT (1.40); SMS (1.40); r0202c (1.40),ACACT1r (0.18); ECOAH1m (0.18); HACD1m (0.18); HMGCOASim (0.18); HMGLm (0.18),,ACCOACm (1000.00),ACCOAC (2000.00),,36,0.29616288073405483,0.37290508120099397,-0.07674220046693914,-0.002131727790748309
Lysine Biosynthesis,0,1,0,0,0,0,,r0450 (0.18),,,,,1,0.0064607007793382,0.0369027184922269,-0.0304420177128887,-0.0304420177128887
Methane Metabolism,0,4,0,0,0,2,,GHMT2rm (0.00); MDH (0.06); PGCD (0.00); PSERT (0.00),,,,ENO (1.04); PGM (1.04),6,19.95494608826328,20.845288429047336,-0.8903423407840556,-0.14839039013067593
Mitochondrial transport,12,4,0,2,1,15,DHORD9 (1.40); DNDPt14m (1.40); HUMANGEM_MAR00120 (1.40); HUMANGEM_MAR00587 (1.40); HUMANGEM_MAR05036 (1.40); HUMANGEM_MAR08651 (1.40); HUMANGEM_MAR08891 (1.40); HUMANGEM_MAR11363 (1.40); HUMANGEM_MAR11371 (1.40); HUMANGEM_MAR20147 (1.40); HUMANGEM_MAR20148 (1.40); PPItm (1.20),3MOBt2im (0.79); LYStm (0.18); PSERtm (0.00); r1464 (0.18),,COAtim (1000.00); MALCOAtm (1000.00),PROtm (2000.00),AKGMALtm (1.09); ATPtm (1.01); CO2tm (1.12); FUMSO4tm (1.07); GLNtm (0.98); GLUt2m (1.10); HUMANGEM_MAR05116 (1.05); HUMANGEM_MAR08093 (0.91); HUMANGEM_MAR11443 (1.05); HUMANGEM_MAR20139 (0.91); HUMANGEM_MAR20145 (0.91); MALSO4tm (1.07); MALtm (1.04); O2Stm (1.05); O2tm (1.05),34,95.0192820136937,90.24095181195975,4.778330201733951,0.14053912358041032
Nitrogen disposal,32,0,0,0,0,4,ADSL1 (1.40); ADSL2 (1.40); ADSS (1.40); AICART (1.40); AIRCr (1.40); GARFT (1.40); GK1 (1.40); GLUDxm (1.85); GLUPRT (1.40); GUAPRT (1.40); IMPC (1.40); NDPK1 (1.40); NDPK10 (1.40); NDPK10n (1.40); NDPK5 (1.40); NDPK8 (1.40); NDPK8m (1.40); NTD7 (1.40); NTD8 (1.40); PPM (1.40); PRAGSr (1.40); PRASCS (1.40); PRFGS (1.40); PRPPS (1.40); PUNP1 (1.40); PUNP2 (1.40); PUNP3 (1.40); PUNP4 (1.40); r0034 (1.40); r1418 (3.59); r1418c (1.39); r1418m (2.50),,,,,ADK1 (1.20); ATPM (1.00); GMPR (0.90); r0276 (0.91),36,24.856194349599303,23.567972158826077,1.2882221907732259,0.03578394974370072
Nucleotide Salvage Pathway,1,0,0,0,0,0,GUAPRT (1.40),,,,,,1,0.0175079609112059,0.0125004116224171,0.0050075492887887985,0.0050075492887887985
Nucleotide metabolism,59,0,0,0,0,4,ADKd (1.40); ADSL1 (1.40); ADSL2 (1.40); ADSS (1.40); AICART (1.40); AIRCr (1.40); ASPCTr (1.40); CTPS2 (1.40); CYTDK1 (1.40); CYTDe (1.40); CYTK1 (1.40); CYTK12 (1.40); CYTK1m (1.40); DADNK (1.40); DCMPDA (1.40); DGK1 (1.40); DHORTS (1.40); DURIK1 (1.40); DURIPP (1.40); DUTPDPm (1.40); GARFT (1.40); GK1 (1.40); GLUPRT (1.40); GUAPRT (1.40); IMPC (1.40); NDPK1 (1.40); NDPK10 (1.40); NDPK10n (1.40); NDPK3m (1.40); NDPK4n (1.40); NDPK5 (1.40); NDPK6m (1.40); NDPK8 (1.40); NDPK8m (1.40); NTD2 (1.40); NTD7 (1.40); NTD8 (1.40); NTD9m (1.40); OMPDC (1.40); ORPT (1.40); PRAGSr (1.40); PRASCS (1.40); PRFGS (1.40); PUNP1 (1.40); PUNP2 (1.40); PUNP3 (1.40); PUNP4 (1.40); PYNP2r (1.40); RE0452M (1.40); RNDR2 (1.40); RNDR3 (1.40); R_group_phosphotase_1 (1.40); TMDSm (1.40); TRDR (1.40); UMPK2m (1.40); URIDK2 (1.40); r0475 (1.40); r0531 (1.40); r0666 (1.40),,,,,ADK1 (1.20); ATPM (1.00); GMPR (0.90); r0276 (0.91),63,21.2228228223157,21.302014429419547,-0.07919160710384787,-0.0012570096365690138
Oxidative Phosphorylation,1,0,0,0,0,4,PPAm (1.20),,,,,ATPS4m (1.02); CYOOm3 (1.05); CYOR_u10m (1.05); NADH2_u10m (1.01),5,25.453578151857762,24.697404096640696,0.7561740552170662,0.15123481104341324
Pantothenate And Coa Biosynthesis,0,1,0,0,0,0,,VALTA (0.79),,,,,1,0.0255964179681771,0.0325762222105499,-0.006979804242372798,-0.006979804242372798
Propanoate Metabolism,1,0,0,1,1,3,SUCOASm (1.37),,,ACCOACm (1000.00),ACCOAC (2000.00),MMEm (0.86); MMMm (0.86); PPCOACm (0.86),6,1.467605112150651,1.1515096582446376,0.31609545390601346,0.05268257565100224
Pseudoreactions,18,4,0,2,0,10,EX_C02470_e (1.40); EX_arg__L_e (1.40); EX_asn__L_e (1.40); EX_chol_e (1.40); EX_chsterol_e (1.40); EX_cys__L_e (1.40); EX_gthrd_e (3.01); EX_hco3_e (1.42); EX_his__L_e (1.40); EX_inost_e (1.40); EX_leu__L_e (1.40); EX_met__L_e (1.40); EX_phe__L_e (1.40); EX_pi_e (1.40); EX_ser__L_e (1.40); EX_thr__L_e (1.40); EX_trp__L_e (1.40); EX_tyr__L_e (1.40),EX_co2_e (0.63); EX_lys__L_e (0.50); EX_oaa_e (0.00); EX_pro__L_e (0.33),,EX_cgly_e (1000.00); EX_pyr_e (1000.00),,EX_glc__D_e (1.00); EX_gln__L_e (1.00); EX_glu__L_e (1.00); EX_h2o2_e (1.05); EX_h_e (0.99); EX_ile__L_e (1.00); EX_lac__L_e (0.91); EX_nh4_e (0.91); EX_o2_e (1.05); EX_val__L_e (1.00),34,33.84384360535415,33.51641102595094,0.32743257940321513,0.009630369982447503
Purine Catabolism,3,0,0,0,0,1,PUNP2 (1.40); PUNP3 (1.40); PUNP4 (1.40),,,,,r0276 (0.91),4,1.0752217855771264,1.1805273365418372,-0.10530555096471073,-0.02632638774117768
Redox & Pentose Metabolism,9,0,0,1,0,1,AMPTASECG (1.40); G6PDH2r (1.40); GALU (1.40); GND (1.40); PGL (1.40); PPM (1.40); PRPPS (1.40); RPI (1.40); r0129 (1.40),,,r0130 (1000.00),,FBA (1.00),11,5.135228941181617,5.077476458615745,0.05775248256587151,0.005250225687806501
Starch And Sucrose Metabolism,2,0,0,0,0,1,GLBRAN (1.40); GLGNS1 (1.40),,,,,HEX1 (1.00),3,5.00123402987069,5.0008810781218385,0.0003529517488516376,0.00011765058295054587
Taurine And Hypotaurine Metabolism,1,0,0,0,0,0,GLUDxm (1.85),,,,,,1,0.5969992705492106,0.3223440432414624,0.2746552273077483,0.2746552273077483
Terpenoid Backbone Biosynthesis,0,2,0,0,0,0,,ACACT1r (0.18); HMGCOASim (0.18),,,,,2,0.0129214015586764,0.0738054369844538,-0.0608840354257774,-0.0304420177128887
"Transport, Endoplasmic Reticulum",5,0,0,0,0,0,BILGLCURtr (1.40); HUMANGEM_MAR06107 (1.40); PE_HSter (1.40); PIter (1.40); PPItr (1.40),,,,,,5,0.0551055399027331,0.0393444979084219,0.0157610419943112,0.0031522083988622398
"Transport, Endosomal",2,1,0,0,0,1,LEUtec (1.40); LPCHOLt (1.40),LYSt5r (0.65),,,,L__LACt2r (0.91),4,8.803352576747667,9.634767532896273,-0.8314149561486062,-0.20785373903715154
"Transport, Nuclear",4,0,0,0,0,0,DIDPtn (1.40); DITPtn (1.40); DTDPtn (1.40); DTTPtn (1.40),,,,,,4,0.0033630028351233996,0.0024011316874082,0.0009618711477151994,0.00024046778692879986
Unknown,1,0,0,0,0,0,LCAT1e (1.40),,,,,,1,0.0063305405588271,0.0045199074397465,0.0018106331190806003,0.0018106331190806003
Vitamin C Metabolism,0,0,0,0,0,1,,,,,,ASCBOX (1.05),1,0.0327114095020629,0.0311106518241717,0.0016007576778912028,0.0016007576778912028
